gene_id,gene_symbol,id_type
ENSRNOG00000065394,,ensembl
ENSRNOG00000065356,,ensembl
Vom2r3,Vom2r3,symbol
LOC103693496,LOC103693496,symbol
Vom2r4,Vom2r4,symbol
LOC102556157,LOC102556157,symbol
Vmn2r116l-ps25,Vmn2r116l-ps25,symbol
ENSRNOG00000063562,LOC134484936,ensembl
LOC102548633,LOC102548633,symbol
ENSRNOG00000069170,,ensembl
LOC103690914,LOC103690914,symbol
Zfp748-ps3,Zfp748-ps3,symbol
LOC102556098,LOC102556098,symbol
ENSRNOG00000066157,,ensembl
Vom2r1,Vom2r1,symbol
LOC102548076,LOC102548076,symbol
Vmn2r116l-ps24,Vmn2r116l-ps24,symbol
Vom2r6,Vom2r6,symbol
ENSRNOG00000067737,,ensembl
AABR07000137.1,AABR07000137.1,symbol
LOC120100385,LOC120100385,symbol
ENSRNOG00000069337,,ensembl
ENSRNOG00000067237,,ensembl
ENSRNOG00000069837,,ensembl
Rrlt,Rrlt,symbol
LOC120100384,LOC120100384,symbol
LOC120098765,LOC120098765,symbol
AABR07000158.1,AABR07000158.1,symbol
ENSRNOG00000063801,LOC120097698,ensembl
ENSRNOG00000068014,,ensembl
ENSRNOG00000063062,,ensembl
LOC100913013,LOC100913013,symbol
Raet1e,Raet1e,symbol
LOC120100382,LOC120100382,symbol
ENSRNOG00000070971,,ensembl
ENSRNOG00000066949,,ensembl
LOC120098769,LOC120098769,symbol
Raet1l,Raet1l,symbol
ENSRNOG00000066542,Raet1d,ensembl
LOC100910848,LOC100910848,symbol
AABR07000159.4,AABR07000159.4,symbol
ENSRNOG00000064137,,ensembl
ENSRNOG00000067619,,ensembl
Lrp11,Lrp11,symbol
Pcmt1,Pcmt1,symbol
Nup43,Nup43,symbol
Lats1,Lats1,symbol
Katna1,Katna1,symbol
ENSRNOG00000064500,,ensembl
Ginm1,Ginm1,symbol
ENSRNOG00000069476,,ensembl
Ppil4,Ppil4,symbol
Zc3h12d,Zc3h12d,symbol
Tab2,Tab2,symbol
ENSRNOG00000063227,,ensembl
Ust,Ust,symbol
ENSRNOG00000067828,,ensembl
Rnu6-884,Rnu6-884,symbol
ENSRNOG00000067907,,ensembl
Sash1,Sash1,symbol
LOC120100357,LOC120100357,symbol
Samd5,Samd5,symbol
AABR07022046.1,AABR07022046.1,symbol
Stxbp5,Stxbp5,symbol
LOC120100355,LOC120100355,symbol
Adgb,Adgb,symbol
ENSRNOG00000068837,,ensembl
Rab32,Rab32,symbol
LOC120100440,LOC120100440,symbol
Grm1,Grm1,symbol
AABR07000222.1,AABR07000222.1,symbol
Shprh,Shprh,symbol
Fbxo30,Fbxo30,symbol
LOC120100342,LOC120100342,symbol
Epm2a,Epm2a,symbol
LOC120100424,LOC120100424,symbol
LOC120100351,LOC120100351,symbol
ENSRNOG00000063176,,ensembl
ENSRNOG00000068373,,ensembl
Utrn,Utrn,symbol
ENSRNOG00000064437,,ensembl
ENSRNOG00000066763,,ensembl
Stx11,Stx11,symbol
LOC120100405,LOC120100405,symbol
Sf3b5,Sf3b5,symbol
ENSRNOG00000068567,,ensembl
ENSRNOG00000068605,,ensembl
ENSRNOG00000070965,,ensembl
Plagl1,Plagl1,symbol
Zc2hc1b,Zc2hc1b,symbol
Ltv1,Ltv1,symbol
Phactr2,Phactr2,symbol
Fuca2,Fuca2,symbol
Pex3,Pex3,symbol
Adat2,Adat2,symbol
ENSRNOG00000067930,,ensembl
AABR07000276.1,AABR07000276.1,symbol
Aig1,Aig1,symbol
Hivep2,Hivep2,symbol
LOC100912436,LOC100912436,symbol
Adgrg6,Adgrg6,symbol
Vta1,Vta1,symbol
Gje1,Gje1,symbol
Nmbr,Nmbr,symbol
LOC120100430,LOC120100430,symbol
LOC120100212,LOC120100212,symbol
LOC120100214,LOC120100214,symbol
Cited2,Cited2,symbol
AC128394.1,AC128394.1,symbol
Txlnb,Txlnb,symbol
LOC120098792,LOC120098792,symbol
Heca,Heca,symbol
Abracl,Abracl,symbol
Reps1,Reps1,symbol
Ect2l,Ect2l,symbol
Ccdc28a,Ccdc28a,symbol
ENSRNOG00000069628,,ensembl
ENSRNOG00000066104,,ensembl
Nhsl1,Nhsl1,symbol
LOC120100161,LOC120100161,symbol
Hebp2,Hebp2,symbol
Arfgef3,Arfgef3,symbol
RGD1560303,RGD1560303,symbol
Perp,Perp,symbol
Tnfaip3,Tnfaip3,symbol
Olig3,Olig3,symbol
ENSRNOG00000064148,,ensembl
Ifngr1,Ifngr1,symbol
Il22ra2,Il22ra2,symbol
Il20ra,Il20ra,symbol
Slc35d3,Slc35d3,symbol
Pex7,Pex7,symbol
RGD1562402,RGD1562402,symbol
ENSRNOG00000069359,,ensembl
Map3k5,Map3k5,symbol
LOC120100374,LOC120100374,symbol
Map7,Map7,symbol
ENSRNOG00000068973,,ensembl
LOC120100154,LOC120100154,symbol
Mtfr2,Mtfr2,symbol
Pde7b,Pde7b,symbol
LOC120100369,LOC120100369,symbol
Ahi1,Ahi1,symbol
Myb,Myb,symbol
ENSRNOG00000066961,,ensembl
Hbs1l,Hbs1l,symbol
Aldh8a1,Aldh8a1,symbol
LOC120100169,LOC120100169,symbol
Themis,Themis,symbol
ENSRNOG00000062873,,ensembl
AABR07000544.1,AABR07000544.1,symbol
ENSRNOG00000065259,,ensembl
ENSRNOG00000066571,,ensembl
ENSRNOG00000069106,,ensembl
Ptprk,Ptprk,symbol
ENSRNOG00000069014,,ensembl
Lama2,Lama2,symbol
AABR07000583.1,AABR07000583.1,symbol
LOC120100129,LOC120100129,symbol
LOC120100143,LOC120100143,symbol
Arhgap18,Arhgap18,symbol
LOC120097699,LOC120097699,symbol
AABR07004232.1,AABR07004232.1,symbol
L3mbtl3,L3mbtl3,symbol
Samd3,Samd3,symbol
LOC100360791,LOC100360791,symbol
Tmem200a,Tmem200a,symbol
Rnu11-3,Rnu11-3,symbol
Hmgb2-ps6,Hmgb2-ps6,symbol
ENSRNOG00000067501,,ensembl
Epb41l2,Epb41l2,symbol
Akap7,Akap7,symbol
Ccnb2-ps2,Ccnb2-ps2,symbol
LOC120100438,LOC120100438,symbol
ENSRNOG00000068539,,ensembl
ENSRNOG00000068720,,ensembl
ENSRNOG00000069402,,ensembl
LOC120100398,LOC120100398,symbol
Arg1,Arg1,symbol
Med23,Med23,symbol
Enpp3,Enpp3,symbol
Enpp1,Enpp1,symbol
Ccn2,Ccn2,symbol
ENSRNOG00000065123,,ensembl
LOC102553526,LOC102553526,symbol
LOC102553457,LOC102553457,symbol
Moxd1,Moxd1,symbol
Stx7,Stx7,symbol
LOC108349187,LOC108349187,symbol
ENSRNOG00000067817,,ensembl
LOC108349831,LOC108349831,symbol
Taar9,Taar9,symbol
Taar8c,Taar8c,symbol
Taar8a,Taar8a,symbol
ENSRNOG00000067484,,ensembl
ENSRNOG00000069350,,ensembl
Taar7h,Taar7h,symbol
Taar7e,Taar7e,symbol
Taar7d,Taar7d,symbol
Taar7c,Taar7c,symbol
Taar7b,Taar7b,symbol
Taar7a,Taar7a,symbol
Taar6,Taar6,symbol
Taar5,Taar5,symbol
Taar4,Taar4,symbol
Taar3,Taar3,symbol
ENSRNOG00000063281,,ensembl
Taar2,Taar2,symbol
Taar1,Taar1,symbol
Vnn1,Vnn1,symbol
Vnn3,Vnn3,symbol
Slc18b1,Slc18b1,symbol
ENSRNOG00000068836,,ensembl
Rps12,Rps12,symbol
LOC120100344,LOC120100344,symbol
Snord100,Snord100,symbol
Snora33,Snora33,symbol
Eya4,Eya4,symbol
Tcf21,Tcf21,symbol
Tbpl1,Tbpl1,symbol
Tbpl1,Tbpl1,symbol
Slc2a12,Slc2a12,symbol
ENSRNOG00000063106,,ensembl
ENSRNOG00000067269,,ensembl
Sgk1,Sgk1,symbol
ENSRNOG00000071111,,ensembl
ENSRNOG00000070554,,ensembl
ENSRNOG00000064096,,ensembl
LOC120100131,LOC120100131,symbol
LOC108349468,LOC108349468,symbol
LOC120100484,LOC120100484,symbol
ENSRNOG00000067750,,ensembl
ENSRNOG00000067483,,ensembl
Clvs2,Clvs2,symbol
ENSRNOG00000063690,,ensembl
Trdn,Trdn,symbol
ENSRNOG00000067152,,ensembl
Nkain2,Nkain2,symbol
Rnu6-1001,Rnu6-1001,symbol
LOC120100455,LOC120100455,symbol
Rnu4-5,Rnu4-5,symbol
Rnf217,Rnf217,symbol
ENSRNOG00000063629,,ensembl
Tpd52l1,Tpd52l1,symbol
Hddc2,Hddc2,symbol
ENSRNOG00000063892,,ensembl
Hey2,Hey2,symbol
Ncoa7,Ncoa7,symbol
Hint3,Hint3,symbol
Trmt11,Trmt11,symbol
ENSRNOG00000063960,,ensembl
ENSRNOG00000070696,,ensembl
ENSRNOG00000070767,,ensembl
Cenpw,Cenpw,symbol
LOC120100449,LOC120100449,symbol
LOC120100112,LOC120100112,symbol
Rspo3,Rspo3,symbol
Rnf146,Rnf146,symbol
Echdc1,Echdc1,symbol
ENSRNOG00000068028,,ensembl
Kiaa0408L,Kiaa0408L,symbol
Soga3,Soga3,symbol
AABR07000989.1,AABR07000989.1,symbol
LOC120100446,LOC120100446,symbol
Leg1,Leg1,symbol
RNaseP_nuc,RNaseP_nuc,symbol
ENSRNOG00000063986,Zfp72,ensembl
ENSRNOG00000064947,,ensembl
Rpl26-ps2,Rpl26-ps2,symbol
Lrrc14b,Lrrc14b,symbol
Ccdc127,Ccdc127,symbol
Sdha,Sdha,symbol
Pdcd6,Pdcd6,symbol
Ahrr,Ahrr,symbol
Exoc3,Exoc3,symbol
Slc9a3,Slc9a3,symbol
Cep72,Cep72,symbol
Tppp,Tppp,symbol
ENSRNOG00000070270,,ensembl
Zdhhc11,Zdhhc11,symbol
Brd9,Brd9,symbol
Trip13,Trip13,symbol
LOC120100379,LOC120100379,symbol
Nkd2,Nkd2,symbol
Slc12a7,Slc12a7,symbol
Slc6a19,Slc6a19,symbol
Slc6a18,Slc6a18,symbol
Tert,Tert,symbol
Clptm1l,Clptm1l,symbol
Slc6a3,Slc6a3,symbol
Lpcat1,Lpcat1,symbol
Mrpl36,Mrpl36,symbol
Ndufs6l1,Ndufs6l1,symbol
Irx4,Irx4,symbol
Irx2,Irx2,symbol
Irx1,Irx1,symbol
Adamts16,Adamts16,symbol
Ice1,Ice1,symbol
ENSRNOG00000067102,,ensembl
ENSRNOG00000063252,,ensembl
LOC120100435,LOC120100435,symbol
Dlat-ps1,Dlat-ps1,symbol
LOC120099033,LOC120099033,symbol
LOC108349392,LOC108349392,symbol
Med10,Med10,symbol
Ube2ql1,Ube2ql1,symbol
Nsun2,Nsun2,symbol
Srd5a1,Srd5a1,symbol
LOC120100362,LOC120100362,symbol
Tent4a,Tent4a,symbol
ENSRNOG00000067821,,ensembl
Ap2b1-ps1,Ap2b1-ps1,symbol
Adcy2,Adcy2,symbol
Rnu6-783,Rnu6-783,symbol
Cfap90,Cfap90,symbol
Fastkd3,Fastkd3,symbol
Mtrr,Mtrr,symbol
Zfp455l1,Zfp455l1,symbol
LOC120100215,LOC120100215,symbol
ENSRNOG00000068953,,ensembl
RGD1566325,RGD1566325,symbol
ENSRNOG00000062681,,ensembl
LOC102547287,LOC102547287,symbol
LOC102549842,LOC102549842,symbol
Zfp748,Zfp748,symbol
Spry3-ps1,Spry3-ps1,symbol
LOC102551340,LOC102551340,symbol
Zfp273l-ps1,Zfp273l-ps1,symbol
ENSRNOG00000062961,,ensembl
ENSRNOG00000068667,,ensembl
LOC120099104,LOC120099104,symbol
ENSRNOG00000066169,,ensembl
ENSRNOG00000067171,,ensembl
ENSRNOG00000064113,,ensembl
ENSRNOG00000070839,,ensembl
ENSRNOG00000068976,,ensembl
ENSRNOG00000063413,,ensembl
ENSRNOG00000067926,,ensembl
ENSRNOG00000069813,,ensembl
ENSRNOG00000067477,,ensembl
LOC102556805,LOC102556805,symbol
ENSRNOG00000066355,,ensembl
ENSRNOG00000070838,,ensembl
LOC120100091,LOC120100091,symbol
ENSRNOG00000065017,,ensembl
ENSRNOG00000062884,,ensembl
ENSRNOG00000066818,,ensembl
ENSRNOG00000071202,,ensembl
LOC679731,LOC679731,symbol
AABR07001348.1,AABR07001348.1,symbol
Ppp1r14c,Ppp1r14c,symbol
Iyd,Iyd,symbol
Plekhg1,Plekhg1,symbol
ENSRNOG00000070419,,ensembl
Mthfd1l,Mthfd1l,symbol
ENSRNOG00000066334,,ensembl
LOC120100178,LOC120100178,symbol
Akap12,Akap12,symbol
Zbtb2,Zbtb2,symbol
Rmnd1,Rmnd1,symbol
Armt1,Armt1,symbol
Ccdc170,Ccdc170,symbol
LOC120099108,LOC120099108,symbol
Esr1,Esr1,symbol
LOC120100474,LOC120100474,symbol
Syne1,Syne1,symbol
Rnu6-959,Rnu6-959,symbol
Myct1,Myct1,symbol
Vip,Vip,symbol
Fbxo5,Fbxo5,symbol
Mtrf1l,Mtrf1l,symbol
LOC120100395,LOC120100395,symbol
LOC120100394,LOC120100394,symbol
Rgs17,Rgs17,symbol
AABR07001408.1,AABR07001408.1,symbol
ENSRNOG00000070385,,ensembl
LOC120100475,LOC120100475,symbol
Oprm1,Oprm1,symbol
Ipcef1,Ipcef1,symbol
Cnksr3,Cnksr3,symbol
ENSRNOG00000065637,,ensembl
AABR07001435.1,AABR07001435.1,symbol
Rnu6-859,Rnu6-859,symbol
Scaf8,Scaf8,symbol
ENSRNOG00000068809,,ensembl
Tiam2,Tiam2,symbol
Tfb1m,Tfb1m,symbol
Cldn20,Cldn20,symbol
Nox3,Nox3,symbol
ENSRNOG00000064039,,ensembl
Arid1b,Arid1b,symbol
Ldhal6b,Ldhal6b,symbol
Tmem242,Tmem242,symbol
ENSRNOG00000067318,,ensembl
Zdhhc14,Zdhhc14,symbol
Snx9,Snx9,symbol
Synj2,Synj2,symbol
Serac1,Serac1,symbol
Gtf2h5,Gtf2h5,symbol
ENSRNOG00000070309,,ensembl
Tulp4,Tulp4,symbol
ENSRNOG00000065858,,ensembl
ENSRNOG00000070335,,ensembl
Tmem181,Tmem181,symbol
Dynlt1,Dynlt1,symbol
Sytl3,Sytl3,symbol
Ezr,Ezr,symbol
Rnu6-546,Rnu6-546,symbol
Rsph3,Rsph3,symbol
Tagap,Tagap,symbol
Fndc1,Fndc1,symbol
Sod2,Sod2,symbol
Wtap,Wtap,symbol
Acat2,Acat2,symbol
Acat2l1,Acat2l1,symbol
ENSRNOG00000069754,,ensembl
Tcp1,Tcp1,symbol
Snora20,Snora20,symbol
Snora29,Snora29,symbol
Mrpl18,Mrpl18,symbol
Pnldc1,Pnldc1,symbol
Mas1,Mas1,symbol
Igf2r,Igf2r,symbol
LOC120100462,LOC120100462,symbol
Slc22a1,Slc22a1,symbol
Slc22a2,Slc22a2,symbol
Slc22a3,Slc22a3,symbol
Plg,Plg,symbol
AABR07001512.1,AABR07001512.1,symbol
Map3k4,Map3k4,symbol
LOC120100432,LOC120100432,symbol
Agpat4,Agpat4,symbol
Prkn,Prkn,symbol
Pacrg,Pacrg,symbol
Qki,Qki,symbol
ENSRNOG00000066713,,ensembl
Pabpc6,Pabpc6,symbol
LOC120100334,LOC120100334,symbol
MGC94891,MGC94891,symbol
Pde10a,Pde10a,symbol
Tbxt,Tbxt,symbol
T2,T2,symbol
ENSRNOG00000066810,,ensembl
Prr18,Prr18,symbol
Sft2d1,Sft2d1,symbol
Mpc1,Mpc1,symbol
Ccr6,Ccr6,symbol
Cep43,Cep43,symbol
Rnaset2,Rnaset2,symbol
Rps6ka2,Rps6ka2,symbol
LOC120093055,LOC120093055,symbol
Tcp10b,Tcp10b,symbol
Ttll2,Ttll2,symbol
Unc93a,Unc93a,symbol
LOC120100245,LOC120100245,symbol
RGD1560718,RGD1560718,symbol
ENSRNOG00000064778,,ensembl
LOC102546375,LOC102546375,symbol
ENSRNOG00000069125,,ensembl
ENSRNOG00000067148,,ensembl
ENSRNOG00000063130,,ensembl
ENSRNOG00000067291,,ensembl
ENSRNOG00000068440,,ensembl
Smok2a,Smok2a,symbol
ENSRNOG00000070787,,ensembl
LOC120100105,LOC120100105,symbol
Rnu6-75,Rnu6-75,symbol
ENSRNOG00000067561,,ensembl
ENSRNOG00000067503,,ensembl
Rnu6-395,Rnu6-395,symbol
LOC108348488,LOC108348488,symbol
ENSRNOG00000066099,,ensembl
AABR07001592.2,AABR07001592.2,symbol
Afdn,Afdn,symbol
LOC102556715,LOC102556715,symbol
Y_RNA,Y_RNA,symbol
Vom2r7,Vom2r7,symbol
ENSRNOG00000069666,,ensembl
Vom1r1,Vom1r1,symbol
Rnu6-894,Rnu6-894,symbol
Vom2r8,Vom2r8,symbol
Vom2r9,Vom2r9,symbol
ENSRNOG00000069390,Smokyl-ps1,ensembl
LOC685793,LOC685793,symbol
LOC100910657,LOC100910657,symbol
ENSRNOG00000067989,,ensembl
ENSRNOG00000069855,,ensembl
ENSRNOG00000067256,LOC134485065,ensembl
Dact2,Dact2,symbol
Smoc2,Smoc2,symbol
Thbs2,Thbs2,symbol
LOC108348724,LOC108348724,symbol
Wdr27,Wdr27,symbol
LOC100125364,LOC100125364,symbol
Phf10,Phf10,symbol
Dynlt2,Dynlt2,symbol
Ermard,Ermard,symbol
ENSRNOG00000065835,,ensembl
Dll1,Dll1,symbol
Fam120b,Fam120b,symbol
Psmb1,Psmb1,symbol
Tbp,Tbp,symbol
Pdcd2,Pdcd2,symbol
Prdm9,Prdm9,symbol
ENSRNOG00000070842,,ensembl
Chd1,Chd1,symbol
Rgmb,Rgmb,symbol
LOC120100349,LOC120100349,symbol
LOC120100130,LOC120100130,symbol
ENSRNOG00000066612,,ensembl
Riok2,Riok2,symbol
Lix1,Lix1,symbol
Lnpep,Lnpep,symbol
ENSRNOG00000064980,,ensembl
LOC102552823,LOC102552823,symbol
ENSRNOG00000062758,,ensembl
Mir99b,Mir99b,symbol
Mir3596c,Mir3596c,symbol
Mir125a,Mir125a,symbol
Spaca6,Spaca6,symbol
Has1,Has1,symbol
LOC120100140,LOC120100140,symbol
Fpr1,Fpr1,symbol
Fpr2,Fpr2,symbol
Fpr3,Fpr3,symbol
Fpr2l3,Fpr2l3,symbol
Vom2r10,Vom2r10,symbol
Fpr2l2,Fpr2l2,symbol
Vom1r2,Vom1r2,symbol
Vom1r3,Vom1r3,symbol
Vom2r11,Vom2r11,symbol
Vom1r-ps8,Vom1r-ps8,symbol
Vom1r5,Vom1r5,symbol
Vom2r8,Vom2r8,symbol
Fpr2l1,Fpr2l1,symbol
Vom1r6,Vom1r6,symbol
Vom1r7,Vom1r7,symbol
Taf5l-ps1,Taf5l-ps1,symbol
ENSRNOG00000062663,,ensembl
ENSRNOG00000066765,,ensembl
ENSRNOG00000065947,,ensembl
Vom1r10,Vom1r10,symbol
Vom1r11,Vom1r11,symbol
Vom1r12,Vom1r12,symbol
Vom1r9,Vom1r9,symbol
ENSRNOG00000068514,,ensembl
LOC681990,LOC681990,symbol
Vom1r15,Vom1r15,symbol
ENSRNOG00000066205,,ensembl
Ppp2r1a,Ppp2r1a,symbol
Vom1r-ps20,Vom1r-ps20,symbol
Vom1r16,Vom1r16,symbol
LOC100365363,LOC100365363,symbol
Vom1r17,Vom1r17,symbol
ENSRNOG00000067452,Vom1r16,ensembl
ENSRNOG00000062431,,ensembl
Vom1r19,Vom1r19,symbol
ENSRNOG00000068732,,ensembl
Vom1r20,Vom1r20,symbol
Vom1r21,Vom1r21,symbol
ENSRNOG00000068081,,ensembl
AABR07071891.2,AABR07071891.2,symbol
Zfp54,Zfp54,symbol
Zfp51,Zfp51,symbol
Zfp53,Zfp53,symbol
RNaseP_nuc,RNaseP_nuc,symbol
Zfp52,Zfp52,symbol
LOC102550851,LOC102550851,symbol
LOC108348215,LOC108348215,symbol
Zfp51l1,Zfp51l1,symbol
AABR07001902.1,AABR07001902.1,symbol
ENSRNOG00000066570,,ensembl
Vom1r22,Vom1r22,symbol
Vom1r23,Vom1r23,symbol
Zfp748-ps1,Zfp748-ps1,symbol
LOC102548728,LOC102548728,symbol
Vom2r-ps24,Vom2r-ps24,symbol
AABR07001923.1,AABR07001923.1,symbol
ENSRNOG00000068098,,ensembl
Znf845l-ps1,Znf845l-ps1,symbol
ENSRNOG00000068066,,ensembl
ENSRNOG00000065747,,ensembl
Zfp600,Zfp600,symbol
Vom2r13,Vom2r13,symbol
AABR07002025.1,AABR07002025.1,symbol
Rnu6-95,Rnu6-95,symbol
Vom2r80,Vom2r80,symbol
Rnu6-672,Rnu6-672,symbol
ENSRNOG00000066269,,ensembl
ENSRNOG00000066415,,ensembl
LOC102555644,LOC102555644,symbol
ENSRNOG00000065440,,ensembl
LOC102555377,LOC102555377,symbol
LOC682225,LOC682225,symbol
Zfp420-ps2,Zfp420-ps2,symbol
ENSRNOG00000063516,,ensembl
ENSRNOG00000069178,,ensembl
Zfp945,Zfp945,symbol
Vom2r80,Vom2r80,symbol
AABR07001942.1,AABR07001942.1,symbol
Zfp40,Zfp40,symbol
Vom2r15,Vom2r15,symbol
LOC682419,LOC682419,symbol
ENSRNOG00000064372,,ensembl
Vom2r16,Vom2r16,symbol
LOC120097717,LOC120097717,symbol
ENSRNOG00000064925,,ensembl
LOC100910798,LOC100910798,symbol
Vom2r19,Vom2r19,symbol
Vom2r19,Vom2r19,symbol
Vom2r18,Vom2r18,symbol
ENSRNOG00000064302,,ensembl
Mob1a-ps1,Mob1a-ps1,symbol
Actl9b,Actl9b,symbol
Vom2r23,Vom2r23,symbol
AABR07003610.1,AABR07003610.1,symbol
ENSRNOG00000067909,,ensembl
LOC100911044,LOC100911044,symbol
Vom2r25,Vom2r25,symbol
Vom1r24,Vom1r24,symbol
Vom1r25,Vom1r25,symbol
ENSRNOG00000064983,,ensembl
AABR07064392.1,AABR07064392.1,symbol
Vom1r27,Vom1r27,symbol
Vom1r4l,Vom1r4l,symbol
Vom1r27,Vom1r27,symbol
Vom1r110,Vom1r110,symbol
Vom1r28,Vom1r28,symbol
Vom1r29,Vom1r29,symbol
LOC100911184,LOC100911184,symbol
ENSRNOG00000066840,,ensembl
ENSRNOG00000064905,,ensembl
Zik1,Zik1,symbol
LOC120099261,LOC120099261,symbol
Vom2r-ps41,Vom2r-ps41,symbol
Vom2r26,Vom2r26,symbol
Lilrc2,Lilrc2,symbol
ENSRNOG00000069029,,ensembl
ENSRNOG00000064808,,ensembl
Lilrb2,Lilrb2,symbol
ENSRNOG00000064524,,ensembl
ENSRNOG00000062907,LOC134485274,ensembl
ENSRNOG00000070172,,ensembl
ENSRNOG00000066794,,ensembl
Lilrb3l,Lilrb3l,symbol
Lilrb1,Lilrb1,symbol
Pirb,Pirb,symbol
Rps9,Rps9,symbol
Tsen34,Tsen34,symbol
Mboat7,Mboat7,symbol
Tmc4,Tmc4,symbol
Leng1,Leng1,symbol
Cnot3,Cnot3,symbol
Mir3572,Mir3572,symbol
Prpf31,Prpf31,symbol
Tfpt,Tfpt,symbol
Ndufa3,Ndufa3,symbol
Oscar,Oscar,symbol
LOC100359972,LOC100359972,symbol
Tarm1,Tarm1,symbol
Vstm1,Vstm1,symbol
Cacng6,Cacng6,symbol
Cacng8,Cacng8,symbol
Mir935,Mir935,symbol
Cacng7,Cacng7,symbol
Prkcg,Prkcg,symbol
Myadm,Myadm,symbol
ENSRNOG00000063395,Rpl17-ps11,ensembl
Or6al1,Or6al1,symbol
LOC103689958,LOC103689958,symbol
Or6al2,Or6al2,symbol
Nlrp12,Nlrp12,symbol
Mir295-1,Mir295-1,symbol
Mir294,Mir294,symbol
Mir293,Mir293,symbol
Mir291b,Mir291b,symbol
Mir292,Mir292,symbol
Mir291a,Mir291a,symbol
Mir290,Mir290,symbol
LOC292543,LOC292543,symbol
ENSRNOG00000067618,,ensembl
Vom2r27,Vom2r27,symbol
Nlrp4a,Nlrp4a,symbol
Nlrp4f,Nlrp4f,symbol
Vom1r31,Vom1r31,symbol
Vom2r-ps45,Vom2r-ps45,symbol
Dcun1d3,Dcun1d3,symbol
Vom2r28,Vom2r28,symbol
Zfp418,Zfp418,symbol
LOC691135,LOC691135,symbol
ENSRNOG00000062946,,ensembl
Zfp772,Zfp772,symbol
ENSRNOG00000067564,,ensembl
ENSRNOG00000069401,,ensembl
Zfp773-ps1,Zfp773-ps1,symbol
ENSRNOG00000063598,,ensembl
Zfp954,Zfp954,symbol
LOC102547412,LOC102547412,symbol
Aurkc,Aurkc,symbol
Usp29,Usp29,symbol
Metazoa_SRP,Metazoa_SRP,symbol
Mir3099,Mir3099,symbol
LOC120100463,LOC120100463,symbol
Peg3,Peg3,symbol
Apeg3,Apeg3,symbol
Zim1,Zim1,symbol
Olfr1350,Olfr1350,symbol
Or10am5,Or10am5,symbol
Or6z3,Or6z3,symbol
Or6z7,Or6z7,symbol
Or6z5,Or6z5,symbol
Or6z3,Or6z3,symbol
LOC103691061,LOC103691061,symbol
Smim17,Smim17,symbol
ENSRNOG00000062906,,ensembl
Zfp28,Zfp28,symbol
ENSRNOG00000067308,,ensembl
Zfp583,Zfp583,symbol
Zfp667,Zfp667,symbol
ENSRNOG00000064276,,ensembl
Eddm13,Eddm13,symbol
Zscan5b,Zscan5b,symbol
Galp,Galp,symbol
Zfp444,Zfp444,symbol
Zfp787,Zfp787,symbol
Nlrp5,Nlrp5,symbol
Nlrp4,Nlrp4,symbol
RGD1564651,RGD1564651,symbol
LOC691325,LOC691325,symbol
Obox2,Obox2,symbol
LOC120098145,LOC120098145,symbol
LOC120098147,LOC120098147,symbol
ENSRNOG00000069660,,ensembl
Vom1r32,Vom1r32,symbol
Nlrp9,Nlrp9,symbol
AABR07002353.2,AABR07002353.2,symbol
Vom1r39,Vom1r39,symbol
ENSRNOG00000066116,,ensembl
ENSRNOG00000070113,,ensembl
LOC120099323,LOC120099323,symbol
Vom1r34,Vom1r34,symbol
LOC120099328,LOC120099328,symbol
Vom1r35,Vom1r35,symbol
LOC120093107,LOC120093107,symbol
AC121031.1,AC121031.1,symbol
AABR07038567.1,AABR07038567.1,symbol
Vom1r36,Vom1r36,symbol
Vom1r37,Vom1r37,symbol
RNaseP_nuc,RNaseP_nuc,symbol
Vom1r-ps45,Vom1r-ps45,symbol
Vom1r38,Vom1r38,symbol
Rasl2-9,Rasl2-9,symbol
Rfpl4a,Rfpl4a,symbol
Epn1,Epn1,symbol
U2af2,U2af2,symbol
Ccdc106,Ccdc106,symbol
Zfp580,Zfp580,symbol
LOC120100122,LOC120100122,symbol
Zfp865,Zfp865,symbol
Znf865,Znf865,symbol
AABR07002384.1,AABR07002384.1,symbol
Zfp524,Zfp524,symbol
Fiz1,Fiz1,symbol
ENSRNOG00000063757,,ensembl
Zfp579,Zfp579,symbol
Sbk3,Sbk3,symbol
Sbk2,Sbk2,symbol
Ssc5d,Ssc5d,symbol
Nat14,Nat14,symbol
Nat14,Nat14,symbol
LOC684792,LOC684792,symbol
Isoc2a,Isoc2a,symbol
Isoc2b,Isoc2b,symbol
Shisa7,Shisa7,symbol
Ube2s,Ube2s,symbol
Rpl28,Rpl28,symbol
Tmem238,Tmem238,symbol
Tmem190,Tmem190,symbol
Il11,Il11,symbol
Garin5b,Garin5b,symbol
Kmt5c,Kmt5c,symbol
LOC120100203,LOC120100203,symbol
Tmem150b,Tmem150b,symbol
Brsk1,Brsk1,symbol
Hspbp1,Hspbp1,symbol
Ppp6r1,Ppp6r1,symbol
Tmem86b,Tmem86b,symbol
Ptprh,Ptprh,symbol
Syt5,Syt5,symbol
Dnaaf3,Dnaaf3,symbol
Tnni3,Tnni3,symbol
Tnnt1,Tnnt1,symbol
Ppp1r12c,Ppp1r12c,symbol
Eps8l1,Eps8l1,symbol
Rdh13,Rdh13,symbol
ENSRNOG00000062480,,ensembl
Gp6,Gp6,symbol
Nlrp2,Nlrp2,symbol
Ncr1,Ncr1,symbol
ENSRNOG00000066198,,ensembl
Kir3dl1,Kir3dl1,symbol
Mospd1,Mospd1,symbol
Lilrb4,Lilrb4,symbol
Lilrb3,Lilrb3,symbol
Lilra5,Lilra5,symbol
Leng9,Leng9,symbol
Leng8,Leng8,symbol
Ttyh1,Ttyh1,symbol
LOC120100223,LOC120100223,symbol
Lair1,Lair1,symbol
ENSRNOG00000067708,,ensembl
Nlrp4b,Nlrp4b,symbol
Vom2r29,Vom2r29,symbol
Vom2r31,Vom2r31,symbol
ENSRNOG00000065158,,ensembl
Vom2r30,Vom2r30,symbol
Vom2r31,Vom2r31,symbol
Vom2r29,Vom2r29,symbol
Vmn1r72,Vmn1r72,symbol
Vom2r32,Vom2r32,symbol
Vom1r41,Vom1r41,symbol
AABR07002467.1,AABR07002467.1,symbol
ENSRNOG00000070086,,ensembl
LOC100362054,LOC100362054,symbol
Vom1r42,Vom1r42,symbol
Vom1r44,Vom1r44,symbol
ENSRNOG00000065121,,ensembl
Vom1r45,Vom1r45,symbol
AC096201.1,AC096201.1,symbol
Vom1r-ps51,Vom1r-ps51,symbol
Vom1r46,Vom1r46,symbol
Vom1r47,Vom1r47,symbol
LOC108348146,LOC108348146,symbol
ENSRNOG00000065958,Vom1r49,ensembl
RGD1564617,RGD1564617,symbol
Vom1r46,Vom1r46,symbol
Zfp551,Zfp551,symbol
LOC108348425,LOC108348425,symbol
LOC108349838,LOC108349838,symbol
Vom1r52,Vom1r52,symbol
Vom1r53,Vom1r53,symbol
Vom1r53,Vom1r53,symbol
Vom2r33,Vom2r33,symbol
ENSRNOG00000063366,,ensembl
Zfp606,Zfp606,symbol
C1h19orf18,C1h19orf18,symbol
AABR07002093.2,AABR07002093.2,symbol
Vom2r33,Vom2r33,symbol
Vom2r35,Vom2r35,symbol
Mir295-2,Mir295-2,symbol
Zscan18,Zscan18,symbol
ENSRNOG00000068712,Snn,ensembl
ENSRNOG00000064594,,ensembl
Zfp329,Zfp329,symbol
Zfp110,Zfp110,symbol
ENSRNOG00000064168,,ensembl
Znf8,Znf8,symbol
Zscan22,Zscan22,symbol
Rps5,Rps5,symbol
Rnf225,Rnf225,symbol
AABR07002066.2,AABR07002066.2,symbol
ENSRNOG00000063212,LOC134483627,ensembl
ENSRNOG00000070030,,ensembl
Zfp324,Zfp324,symbol
Zfp446,Zfp446,symbol
Slc27a5,Slc27a5,symbol
Zbtb45,Zbtb45,symbol
Trim28,Trim28,symbol
Chmp2a,Chmp2a,symbol
Ube2m,Ube2m,symbol
ENSRNOG00000065335,,ensembl
Mzf1,Mzf1,symbol
Vom1r55,Vom1r55,symbol
ENSRNOG00000063282,,ensembl
ENSRNOG00000064171,,ensembl
LOC100365062,LOC100365062,symbol
LOC120097724,LOC120097724,symbol
Vom1r56,Vom1r56,symbol
Vom1r57,Vom1r57,symbol
Vom1r59,Vom1r59,symbol
ENSRNOG00000065806,,ensembl
ENSRNOG00000062481,,ensembl
Vom1r60,Vom1r60,symbol
Vom1r61,Vom1r61,symbol
Vom1r62,Vom1r62,symbol
Zswim9,Zswim9,symbol
Lig1,Lig1,symbol
Pla2g4c,Pla2g4c,symbol
ENSRNOG00000065015,,ensembl
Cabp5,Cabp5,symbol
Bsph1,Bsph1,symbol
Bsph2,Bsph2,symbol
LOC100360574,LOC100360574,symbol
LOC120100453,LOC120100453,symbol
Sult2a2,Sult2a2,symbol
ENSRNOG00000067528,,ensembl
Sult2a2-ps1,Sult2a2-ps1,symbol
LOC120100123,LOC120100123,symbol
AABR07002546.1,AABR07002546.1,symbol
ENSRNOG00000070843,,ensembl
ENSRNOG00000066001,,ensembl
Sult2a2,Sult2a2,symbol
ENSRNOG00000066824,,ensembl
LOC120100122,LOC120100122,symbol
ENSRNOG00000069311,,ensembl
ENSRNOG00000065383,,ensembl
ENSRNOG00000064994,,ensembl
ENSRNOG00000065572,,ensembl
AABR07002622.1,AABR07002622.1,symbol
Obox1,Obox1,symbol
Rpl23a-ps5,Rpl23a-ps5,symbol
Crx,Crx,symbol
Crxos1,Crxos1,symbol
Selenow,Selenow,symbol
Selenow,Selenow,symbol
LOC100360843,LOC100360843,symbol
LOC100364427,LOC100364427,symbol
Rpl9,Rpl9,symbol
Nop53,Nop53,symbol
Snord23,Snord23,symbol
Ehd2,Ehd2,symbol
Bicra,Bicra,symbol
Zfp541,Zfp541,symbol
Napa,Napa,symbol
Slc8a2,Slc8a2,symbol
Meis3,Meis3,symbol
Dhx34,Dhx34,symbol
AABR07002627.1,AABR07002627.1,symbol
C5ar2,C5ar2,symbol
ENSRNOG00000066925,,ensembl
Inafm1,Inafm1,symbol
Bbc3,Bbc3,symbol
Sae1,Sae1,symbol
Zc3h4,Zc3h4,symbol
Tmem160,Tmem160,symbol
Npas1,Npas1,symbol
Arhgap35,Arhgap35,symbol
Gng5,Gng5,symbol
LOC102550403,LOC102550403,symbol
LOC108349752,LOC108349752,symbol
Ceacam9,Ceacam9,symbol
Ap2s1,Ap2s1,symbol
LOC679748,LOC679748,symbol
Slc1a5,Slc1a5,symbol
Fkrp,Fkrp,symbol
Strn4,Strn4,symbol
Prkd2,Prkd2,symbol
Dact3,Dact3,symbol
Gng8,Gng8,symbol
Ptgir,Ptgir,symbol
Calm3,Calm3,symbol
Pnma8b,Pnma8b,symbol
Pnma8a,Pnma8a,symbol
Pnma8c,Pnma8c,symbol
Ccdc8,Ccdc8,symbol
Ppp5c,Ppp5c,symbol
Hif3a,Hif3a,symbol
Cgm4,Cgm4,symbol
Psg16,Psg16,symbol
Ceacam3,Ceacam3,symbol
Psgb1,Psgb1,symbol
Psg29,Psg29,symbol
LOC120098290,LOC120098290,symbol
LOC102557244,LOC102557244,symbol
Ceacam11,Ceacam11,symbol
Ceacam12,Ceacam12,symbol
AC093995.2,AC093995.2,symbol
ENSRNOG00000063019,,ensembl
Mill1,Mill1,symbol
ENSRNOG00000066787,,ensembl
Psg19,Psg19,symbol
LOC102557319,LOC102557319,symbol
ENSRNOG00000068164,,ensembl
AC093995.1,AC093995.1,symbol
AC093995.3,AC093995.3,symbol
ENSRNOG00000062548,,ensembl
Micb,Micb,symbol
ENSRNOG00000067431,,ensembl
Pglyrp1,Pglyrp1,symbol
Ccdc61,Ccdc61,symbol
Nova2,Nova2,symbol
Nanos2,Nanos2,symbol
Mypop,Mypop,symbol
AC110846.1,AC110846.1,symbol
Irf2bp1,Irf2bp1,symbol
Foxa3,Foxa3,symbol
Sympk,Sympk,symbol
Rsph6a,Rsph6a,symbol
Dmwd,Dmwd,symbol
Dmpk,Dmpk,symbol
Six5,Six5,symbol
Meiosin,Meiosin,symbol
Fbxo46,Fbxo46,symbol
Qpctl,Qpctl,symbol
Snrpd2,Snrpd2,symbol
Gipr,Gipr,symbol
Eml2,Eml2,symbol
Mir330,Mir330,symbol
Gpr4,Gpr4,symbol
Opa3,Opa3,symbol
Opa3,Opa3,symbol
LOC120100200,LOC120100200,symbol
Vasp,Vasp,symbol
Ppm1n,Ppm1n,symbol
Rtn2,Rtn2,symbol
Fosb,Fosb,symbol
ENSRNOG00000066659,,ensembl
Ercc1,Ercc1,symbol
Polr1g,Polr1g,symbol
Ppp1r13l,Ppp1r13l,symbol
Ercc2,Ercc2,symbol
Mir343,Mir343,symbol
Klc3,Klc3,symbol
Ckm,Ckm,symbol
Mark4,Mark4,symbol
LOC120100211,LOC120100211,symbol
Exoc3l2,Exoc3l2,symbol
Bloc1s3,Bloc1s3,symbol
Trappc6a,Trappc6a,symbol
Nkpd1,Nkpd1,symbol
Ppp1r37,Ppp1r37,symbol
Gemin7,Gemin7,symbol
ENSRNOG00000067938,,ensembl
Zfp296,Zfp296,symbol
Clasrp,Clasrp,symbol
Relb,Relb,symbol
Clptm1,Clptm1,symbol
Apoc2,Apoc2,symbol
Apoc4,Apoc4,symbol
Apoc1,Apoc1,symbol
Apoe,Apoe,symbol
Tomm40,Tomm40,symbol
Nectin2,Nectin2,symbol
Bcam,Bcam,symbol
Cblc,Cblc,symbol
Bcl3,Bcl3,symbol
Ceacam16,Ceacam16,symbol
Ceacam19,Ceacam19,symbol
Pvr,Pvr,symbol
Igsf23,Igsf23,symbol
Ceacam20,Ceacam20,symbol
Zfp180,Zfp180,symbol
Zfp112,Zfp112,symbol
Zfp235,Zfp235,symbol
AABR07002683.1,AABR07002683.1,symbol
ENSRNOG00000064633,,ensembl
Zfp111,Zfp111,symbol
ENSRNOG00000069440,,ensembl
Znf235-ps1,Znf235-ps1,symbol
ENSRNOG00000064652,,ensembl
LOC108348989,LOC108348989,symbol
Zfp108,Zfp108,symbol
ENSRNOG00000066146,,ensembl
Zfp94,Zfp94,symbol
Zfp94,Zfp94,symbol
LOC103691053,LOC103691053,symbol
LOC102548695,LOC102548695,symbol
Tescl,Tescl,symbol
Lypd5,Lypd5,symbol
Kcnn4,Kcnn4,symbol
Smg9,Smg9,symbol
Irgc,Irgc,symbol
Plaur,Plaur,symbol
Cadm4,Cadm4,symbol
Zfp428,Zfp428,symbol
Srrm5,Srrm5,symbol
Irgq,Irgq,symbol
Pinlyp,Pinlyp,symbol
Xrcc1,Xrcc1,symbol
Zfp575,Zfp575,symbol
Ethe1,Ethe1,symbol
Phldb3,Phldb3,symbol
Lypd3,Lypd3,symbol
Tex101,Tex101,symbol
Lypd10,Lypd10,symbol
LOC100363535,LOC100363535,symbol
LOC681077,LOC681077,symbol
Lypd10,Lypd10,symbol
Cd177,Cd177,symbol
Ceacam4,Ceacam4,symbol
Ceacam6,Ceacam6,symbol
Lypd4,Lypd4,symbol
Dmrtc2,Dmrtc2,symbol
Rps19,Rps19,symbol
Cd79a,Cd79a,symbol
Arhgef1,Arhgef1,symbol
Erfl,Erfl,symbol
Rabac1,Rabac1,symbol
Atp1a3,Atp1a3,symbol
Grik5,Grik5,symbol
Zfp574,Zfp574,symbol
Pou2f2,Pou2f2,symbol
LOC103691054,LOC103691054,symbol
ENSRNOG00000063182,,ensembl
Dedd2,Dedd2,symbol
LOC120100137,LOC120100137,symbol
Zfp526,Zfp526,symbol
Gsk3a,Gsk3a,symbol
ENSRNOG00000068838,,ensembl
Erf,Erf,symbol
Cic,Cic,symbol
Pafah1b3,Pafah1b3,symbol
Prr19,Prr19,symbol
Tmem145,Tmem145,symbol
Megf8,Megf8,symbol
Cnfn,Cnfn,symbol
Lipe,Lipe,symbol
AC121639.1,AC121639.1,symbol
Cxcl17,Cxcl17,symbol
ENSRNOG00000062365,,ensembl
Ceacam1,Ceacam1,symbol
ENSRNOG00000066241,,ensembl
ENSRNOG00000065336,,ensembl
Erich4,Erich4,symbol
Dmac2,Dmac2,symbol
B3gnt8,B3gnt8,symbol
Bckdha,Bckdha,symbol
Exosc5,Exosc5,symbol
Tmem91,Tmem91,symbol
B9d2,B9d2,symbol
Tgfb1,Tgfb1,symbol
Ccdc97,Ccdc97,symbol
Hnrnpul1,Hnrnpul1,symbol
Axl,Axl,symbol
ENSRNOG00000071194,,ensembl
Cyp2s1,Cyp2s1,symbol
Y_RNA,Y_RNA,symbol
Cyp2b1,Cyp2b1,symbol
Cyp2b2,Cyp2b2,symbol
Cyp2b3,Cyp2b3,symbol
ENSRNOG00000064289,,ensembl
ENSRNOG00000070095,,ensembl
LOC103691092,LOC103691092,symbol
Cyp2b21,Cyp2b21,symbol
AC142154.1,AC142154.1,symbol
ENSRNOG00000068117,,ensembl
Cyp2b12,Cyp2b12,symbol
LOC103691072,LOC103691072,symbol
Cyp2b15,Cyp2b15,symbol
Cyp2g1,Cyp2g1,symbol
Cyp2a3,Cyp2a3,symbol
ENSRNOG00000064406,,ensembl
Cyp2a2,Cyp2a2,symbol
Cyp2a2,Cyp2a2,symbol
ENSRNOG00000066358,,ensembl
ENSRNOG00000063331,,ensembl
ENSRNOG00000069496,,ensembl
Cyp2f4,Cyp2f4,symbol
Cyp2t1,Cyp2t1,symbol
Egln2,Egln2,symbol
Rab4b,Rab4b,symbol
Mia,Mia,symbol
Snrpa,Snrpa,symbol
Actmap,Actmap,symbol
Itpkc,Itpkc,symbol
Coq8b,Coq8b,symbol
Numbl,Numbl,symbol
Ltbp4,Ltbp4,symbol
Shkbp1,Shkbp1,symbol
Sptbn4,Sptbn4,symbol
Blvrb,Blvrb,symbol
Sertad3,Sertad3,symbol
Sertad1,Sertad1,symbol
Prx,Prx,symbol
Hipk4,Hipk4,symbol
Pld3,Pld3,symbol
RGD1307554,RGD1307554,symbol
Akt2,Akt2,symbol
Ttc9b,Ttc9b,symbol
Map3k10,Map3k10,symbol
Zfp780b,Zfp780b,symbol
LOC120100153,LOC120100153,symbol
Zfp780b,Zfp780b,symbol
Zfp780b,Zfp780b,symbol
LOC102553760,LOC102553760,symbol
AABR07071891.3,AABR07071891.3,symbol
Zfp780b-ps1,Zfp780b-ps1,symbol
ENSRNOG00000062668,,ensembl
Zfp59,Zfp59,symbol
LOC120100218,LOC120100218,symbol
Psmc4,Psmc4,symbol
LOC120100311,LOC120100311,symbol
Fcgbp,Fcgbp,symbol
Rnu6-105,Rnu6-105,symbol
Fcgbpl1,Fcgbpl1,symbol
ENSRNOG00000068057,,ensembl
Fbl,Fbl,symbol
Dyrk1b,Dyrk1b,symbol
ENSRNOG00000065487,Eid2,ensembl
Eid2b,Eid2b,symbol
Selenov,Selenov,symbol
Timm50,Timm50,symbol
Dll3,Dll3,symbol
Supt5h,Supt5h,symbol
Rps16,Rps16,symbol
LOC120100461,LOC120100461,symbol
Plekhg2,Plekhg2,symbol
Paf1,Paf1,symbol
Zfp36,Zfp36,symbol
Med29,Med29,symbol
Lrfn1,Lrfn1,symbol
Samd4b,Samd4b,symbol
Samd4b,Samd4b,symbol
Gmfg,Gmfg,symbol
Ifnl1,Ifnl1,symbol
Ifnl3,Ifnl3,symbol
Sycn,Sycn,symbol
Nccrp1,Nccrp1,symbol
Pak4,Pak4,symbol
Acp7,Acp7,symbol
Fbxo27,Fbxo27,symbol
Fbxo17,Fbxo17,symbol
Mrps12,Mrps12,symbol
Sars2,Sars2,symbol
Ccer2,Ccer2,symbol
Nfkbib,Nfkbib,symbol
Sirt2,Sirt2,symbol
Rinl,Rinl,symbol
ENSRNOG00000064851,,ensembl
Hnrnpl,Hnrnpl,symbol
Ech1,Ech1,symbol
Lgals4,Lgals4,symbol
Lgals7,Lgals7,symbol
Capn12,Capn12,symbol
Actn4,Actn4,symbol
Eif3k,Eif3k,symbol
Map4k1,Map4k1,symbol
Ryr1,Ryr1,symbol
Rasgrp4,Rasgrp4,symbol
Fam98c,Fam98c,symbol
Spred3,Spred3,symbol
Ggn,Ggn,symbol
Psmd8,Psmd8,symbol
Catsperg,Catsperg,symbol
Kcnk6,Kcnk6,symbol
Yif1b,Yif1b,symbol
LOC100361913,LOC100361913,symbol
Spint2,Spint2,symbol
Ppp1r14a,Ppp1r14a,symbol
Dpf1,Dpf1,symbol
Sipa1l3,Sipa1l3,symbol
ENSRNOG00000066678,,ensembl
ENSRNOG00000066718,,ensembl
AABR07002783.1,AABR07002783.1,symbol
AABR07002782.1,AABR07002782.1,symbol
ENSRNOG00000065238,,ensembl
LOC103689966,LOC103689966,symbol
ENSRNOG00000070886,,ensembl
ENSRNOG00000068225,,ensembl
Zfp790,Zfp790,symbol
Zfp790,Zfp790,symbol
Zfp790,Zfp790,symbol
LOC100912787,LOC100912787,symbol
Zfp420,Zfp420,symbol
Zfp27,Zfp27,symbol
LOC103690114,LOC103690114,symbol
Zfp74,Zfp74,symbol
LOC108348102,LOC108348102,symbol
Zfp14,Zfp14,symbol
Zfp82,Zfp82,symbol
ENSRNOG00000068709,,ensembl
ENSRNOG00000063696,,ensembl
Zfp566,Zfp566,symbol
LOC120100358,LOC120100358,symbol
Zfp260,Zfp260,symbol
Zfp382,Zfp382,symbol
Zfp146,Zfp146,symbol
ENSRNOG00000064421,,ensembl
Cox7a1,Cox7a1,symbol
Capns1,Capns1,symbol
LOC120100431,LOC120100431,symbol
Rnu6-826,Rnu6-826,symbol
Tbcb,Tbcb,symbol
Polr2i,Polr2i,symbol
Ovol3,Ovol3,symbol
Wdr62,Wdr62,symbol
ENSRNOG00000070097,,ensembl
Clip3,Clip3,symbol
Alkbh6,Alkbh6,symbol
Syne4,Syne4,symbol
Sdhaf1,Sdhaf1,symbol
Sdhaf1,Sdhaf1,symbol
Lrfn3,Lrfn3,symbol
Rnu2-57,Rnu2-57,symbol
ENSRNOG00000064444,,ensembl
Tyrobp,Tyrobp,symbol
Hcst,Hcst,symbol
Nfkbid,Nfkbid,symbol
Aplp1,Aplp1,symbol
Kirrel2,Kirrel2,symbol
Nphs1,Nphs1,symbol
Prodh2,Prodh2,symbol
RGD1560986,RGD1560986,symbol
Arhgap33,Arhgap33,symbol
Proser3,Proser3,symbol
Hspb6,Hspb6,symbol
Lin37,Lin37,symbol
Psenen,Psenen,symbol
U2af1l4,U2af1l4,symbol
Igflr1,Igflr1,symbol
Kmt2b,Kmt2b,symbol
Mir3569,Mir3569,symbol
Zbtb32,Zbtb32,symbol
Upk1a,Upk1a,symbol
Cox6b1,Cox6b1,symbol
Etv2,Etv2,symbol
Rbm42,Rbm42,symbol
Haus5,Haus5,symbol
LOC688924,LOC688924,symbol
Atp4a,Atp4a,symbol
Tmem147,Tmem147,symbol
Gapdhs,Gapdhs,symbol
Sbsn,Sbsn,symbol
Dmkn,Dmkn,symbol
Krtdap,Krtdap,symbol
LOC100361079,LOC100361079,symbol
Ffar2,Ffar2,symbol
ENSRNOG00000063599,,ensembl
Ffar3,Ffar3,symbol
Ffar1,Ffar1,symbol
Cd22,Cd22,symbol
Mag,Mag,symbol
Hamp,Hamp,symbol
Usf2,Usf2,symbol
Lsr,Lsr,symbol
Fam187b,Fam187b,symbol
Fxyd5,Fxyd5,symbol
Fxyd7,Fxyd7,symbol
Fxyd1,Fxyd1,symbol
Lgi4,Lgi4,symbol
Hpn,Hpn,symbol
Scn1b,Scn1b,symbol
Gramd1a,Gramd1a,symbol
RGD1561430,RGD1561430,symbol
RGD1563307,RGD1563307,symbol
Apbh,Apbh,symbol
Scgb2b2,Scgb2b2,symbol
Scgb2b24,Scgb2b24,symbol
Scgb1b24,Scgb1b24,symbol
AABR07002938.1,AABR07002938.1,symbol
ENSRNOG00000063830,,ensembl
Scgb1b30,Scgb1b30,symbol
Wtip,Wtip,symbol
LOC120100477,LOC120100477,symbol
Uba2,Uba2,symbol
Pdcd2l,Pdcd2l,symbol
Gpi,Gpi,symbol
ENSRNOG00000069365,,ensembl
Garre1,Garre1,symbol
Lsm14a,Lsm14a,symbol
Kctd15,Kctd15,symbol
Chst8,Chst8,symbol
ENSRNOG00000066257,,ensembl
LOC108349467,LOC108349467,symbol
ENSRNOG00000063196,,ensembl
ENSRNOG00000062362,,ensembl
RGD1560088,RGD1560088,symbol
AABR07002969.1,AABR07002969.1,symbol
LOC120100411,LOC120100411,symbol
Cebpg,Cebpg,symbol
Cebpa,Cebpa,symbol
ENSRNOG00000068513,,ensembl
Slc7a10,Slc7a10,symbol
Lrp3,Lrp3,symbol
LOC120100450,LOC120100450,symbol
Wdr88,Wdr88,symbol
Gpatch1,Gpatch1,symbol
Snrpg,Snrpg,symbol
Rhpn2,Rhpn2,symbol
Faap24,Faap24,symbol
Cep89,Cep89,symbol
Slc7a9,Slc7a9,symbol
Tdrd12,Tdrd12,symbol
AC136661.1,AC136661.1,symbol
Nudt19,Nudt19,symbol
Rgs9bp,Rgs9bp,symbol
Ankrd27,Ankrd27,symbol
Pdcd5,Pdcd5,symbol
Dpy19l3,Dpy19l3,symbol
Zfp507,Zfp507,symbol
Tshz3,Tshz3,symbol
RGD1562402,RGD1562402,symbol
Zfp536,Zfp536,symbol
LOC120100175,LOC120100175,symbol
Uri1,Uri1,symbol
Ccne1,Ccne1,symbol
LOC120100209,LOC120100209,symbol
LOC690000,LOC690000,symbol
Rnu6-968,Rnu6-968,symbol
Plekhf1,Plekhf1,symbol
Pop4,Pop4,symbol
ENSRNOG00000065242,,ensembl
Marf1-ps1,Marf1-ps1,symbol
LOC690114,LOC690114,symbol
LOC120100155,LOC120100155,symbol
ENSRNOG00000062334,,ensembl
LOC365238,LOC365238,symbol
LOC108348090,LOC108348090,symbol
Zfp939,Zfp939,symbol
Zfp619,Zfp619,symbol
LOC102548320,LOC102548320,symbol
Rnu6-856,Rnu6-856,symbol
Cdc42se2,Cdc42se2,symbol
Vstm2b,Vstm2b,symbol
MGC114499,MGC114499,symbol
C1h2orf78,C1h2orf78,symbol
ENSRNOG00000014455,,ensembl
Znf431l-ps8,Znf431l-ps8,symbol
ENSRNOG00000066874,,ensembl
AABR07003173.1,AABR07003173.1,symbol
LOC100912659,LOC100912659,symbol
Zfp141,Zfp141,symbol
LOC102555672,LOC102555672,symbol
Vom2r37,Vom2r37,symbol
Vom2r38,Vom2r38,symbol
LOC120100171,LOC120100171,symbol
LOC100912683,LOC100912683,symbol
Rnu6-658,Rnu6-658,symbol
LOC102556043,LOC102556043,symbol
LOC120099798,LOC120099798,symbol
Zfp715,Zfp715,symbol
Siglec5,Siglec5,symbol
Siglec10,Siglec10,symbol
C1H19orf84,C1H19orf84,symbol
Lim2,Lim2,symbol
Nkg7,Nkg7,symbol
Cldnd2,Cldnd2,symbol
Vsig10l,Vsig10l,symbol
Etfb,Etfb,symbol
Iglon5,Iglon5,symbol
Siglecl1,Siglecl1,symbol
Siglecl1,Siglecl1,symbol
Cd33,Cd33,symbol
Zfp658,Zfp658,symbol
LOC102556967,LOC102556967,symbol
ENSRNOG00000070104,,ensembl
Zfp819,Zfp819,symbol
Ceacam18,Ceacam18,symbol
Siglec8,Siglec8,symbol
Ctu1,Ctu1,symbol
Klk14,Klk14,symbol
LOC103691107,LOC103691107,symbol
Klk13,Klk13,symbol
Klk12,Klk12,symbol
Klk11,Klk11,symbol
Klk10,Klk10,symbol
Klk9,Klk9,symbol
Klk8,Klk8,symbol
Klk7,Klk7,symbol
Klk6,Klk6,symbol
Klk5,Klk5,symbol
Klk4,Klk4,symbol
ENSRNOG00000069419,,ensembl
Klk1c12,Klk1c12,symbol
ENSRNOG00000071144,,ensembl
Klk1c10,Klk1c10,symbol
ENSRNOG00000064814,,ensembl
Klk1c4,Klk1c4,symbol
ENSRNOG00000069479,,ensembl
Klk1c6,Klk1c6,symbol
Klk1c2,Klk1c2,symbol
Klk15,Klk15,symbol
ENSRNOG00000066972,,ensembl
ENSRNOG00000065143,,ensembl
Klk1c8,Klk1c8,symbol
ENSRNOG00000067174,Klk5l1,ensembl
Klk1c9,Klk1c9,symbol
AABR07003241.3,AABR07003241.3,symbol
ENSRNOG00000068507,,ensembl
Klk1,Klk1,symbol
ENSRNOG00000064968,,ensembl
ENSRNOG00000068886,,ensembl
Klk1c3,Klk1c3,symbol
Klk15,Klk15,symbol
Klk1b3,Klk1b3,symbol
LOC102552731,LOC102552731,symbol
LOC102552485,LOC102552485,symbol
Fv1,Fv1,symbol
Snord88c,Snord88c,symbol
LOC120100470,LOC120100470,symbol
LOC120100471,LOC120100471,symbol
Snord88b,Snord88b,symbol
Acp4,Acp4,symbol
LOC103691109,LOC103691109,symbol
Clec11a,Clec11a,symbol
Shank1,Shank1,symbol
C1h19orf81,C1h19orf81,symbol
Syt3,Syt3,symbol
Lrrc4b,Lrrc4b,symbol
Emc10,Emc10,symbol
Aspdh,Aspdh,symbol
Josd2,Josd2,symbol
Garin5a,Garin5a,symbol
Mybpc2,Mybpc2,symbol
Spib,Spib,symbol
Pold1,Pold1,symbol
Nr1h2,Nr1h2,symbol
Napsa,Napsa,symbol
Kcnc3,Kcnc3,symbol
Myh14,Myh14,symbol
Izumo2,Izumo2,symbol
Zfp473,Zfp473,symbol
Vrk3,Vrk3,symbol
Nup62,Nup62,symbol
Il4i1,Il4i1,symbol
Atf5,Atf5,symbol
Tbc1d17,Tbc1d17,symbol
Akt1s1,Akt1s1,symbol
Pnkp,Pnkp,symbol
Ptov1,Ptov1,symbol
Med25,Med25,symbol
Fuz,Fuz,symbol
Ap2a1,Ap2a1,symbol
Tsks,Tsks,symbol
Cpt1c,Cpt1c,symbol
Prmt1,Prmt1,symbol
Bcl2l12,Bcl2l12,symbol
Irf3,Irf3,symbol
Scaf1,Scaf1,symbol
Rras,Rras,symbol
Prr12,Prr12,symbol
Prrg2,Prrg2,symbol
Nosip,Nosip,symbol
Rcn3,Rcn3,symbol
Fcgrt,Fcgrt,symbol
ENSRNOG00000065292,,ensembl
Mir150,Mir150,symbol
Rps11,Rps11,symbol
Snord35b,Snord35b,symbol
Rpl13a,Rpl13a,symbol
Snord35a,Snord35a,symbol
LOC120100340,LOC120100340,symbol
Snord33,Snord33,symbol
LOC120100339,LOC120100339,symbol
Aldh16a1,Aldh16a1,symbol
Pih1d1,Pih1d1,symbol
Slc17a7,Slc17a7,symbol
Gfy,Gfy,symbol
Kash5,Kash5,symbol
Dkkl1,Dkkl1,symbol
Tead2,Tead2,symbol
Cd37,Cd37,symbol
Slc6a16,Slc6a16,symbol
Slc6a21,Slc6a21,symbol
Trpm4,Trpm4,symbol
Hrc,Hrc,symbol
Ppfia3,Ppfia3,symbol
Lin7b,Lin7b,symbol
Snrnp70,Snrnp70,symbol
Kcna7,Kcna7,symbol
Ntf4,Ntf4,symbol
Lhb,Lhb,symbol
Lhb,Lhb,symbol
Ruvbl2,Ruvbl2,symbol
Gys1,Gys1,symbol
Ftl1,Ftl1,symbol
Bax,Bax,symbol
Dhdh,Dhdh,symbol
Tulp2,Tulp2,symbol
Nucb1,Nucb1,symbol
Ppp1r15a,Ppp1r15a,symbol
Plekha4,Plekha4,symbol
Hsd17b14,Hsd17b14,symbol
Bcat2,Bcat2,symbol
Fgf21,Fgf21,symbol
Fut1,Fut1,symbol
Rasip1,Rasip1,symbol
Mamstr,Mamstr,symbol
Fut2,Fut2,symbol
Sec1,Sec1,symbol
Ntn5,Ntn5,symbol
Car11,Car11,symbol
Dbp,Dbp,symbol
Sphk2,Sphk2,symbol
Rpl18,Rpl18,symbol
Fam83e,Fam83e,symbol
Spaca4,Spaca4,symbol
Sult2b1,Sult2b1,symbol
Lmtk3,Lmtk3,symbol
Cyth2,Cyth2,symbol
Kcnj14,Kcnj14,symbol
Grwd1,Grwd1,symbol
Grin2d,Grin2d,symbol
Kdelr1,Kdelr1,symbol
Syngr4,Syngr4,symbol
Tmem143,Tmem143,symbol
Emp3,Emp3,symbol
Odad1,Odad1,symbol
Abcc6,Abcc6,symbol
Nomo1,Nomo1,symbol
ENSRNOG00000066508,,ensembl
Ncr3lg1,Ncr3lg1,symbol
Kcnj11,Kcnj11,symbol
Abcc8,Abcc8,symbol
Ush1c,Ush1c,symbol
Otog,Otog,symbol
Myod1,Myod1,symbol
ENSRNOG00000065728,,ensembl
Kcnc1,Kcnc1,symbol
Sergef,Sergef,symbol
Tph1,Tph1,symbol
Saal1,Saal1,symbol
Saa4,Saa4,symbol
Gtf2h1,Gtf2h1,symbol
Ldha,Ldha,symbol
Ldhc,Ldhc,symbol
Tsg101,Tsg101,symbol
Uevld,Uevld,symbol
LOC100911574,LOC100911574,symbol
Spty2d1,Spty2d1,symbol
AABR07003273.1,AABR07003273.1,symbol
Tmem86a,Tmem86a,symbol
Ptpn5,Ptpn5,symbol
Mrgprx3,Mrgprx3,symbol
ENSRNOG00000063455,,ensembl
Mrgprx1,Mrgprx1,symbol
Mrgprb4,Mrgprb4,symbol
ENSRNOG00000064833,,ensembl
Mrgprb5,Mrgprb5,symbol
Mrgprb13,Mrgprb13,symbol
Mrgprb13-ps2,Mrgprb13-ps2,symbol
LOC120093062,LOC120093062,symbol
ENSRNOG00000068609,,ensembl
Mrgprx2l,Mrgprx2l,symbol
Mrgprb3,Mrgprb3,symbol
ENSRNOG00000064687,,ensembl
RGD1560730,RGD1560730,symbol
Mrgprb2,Mrgprb2,symbol
AABR07003302.1,AABR07003302.1,symbol
Zdhhc13,Zdhhc13,symbol
Csrp3,Csrp3,symbol
E2f8,E2f8,symbol
Nav2,Nav2,symbol
ENSRNOG00000062546,,ensembl
Dbx1,Dbx1,symbol
Htatip2,Htatip2,symbol
Prmt3,Prmt3,symbol
LOC120100115,LOC120100115,symbol
Slc6a5,Slc6a5,symbol
Nell1,Nell1,symbol
Ano5,Ano5,symbol
Slc17a6,Slc17a6,symbol
Fancf,Fancf,symbol
Gas2,Gas2,symbol
Svip,Svip,symbol
Ccdc179,Ccdc179,symbol
ENSRNOG00000068350,,ensembl
ENSRNOG00000068795,,ensembl
LOC120100151,LOC120100151,symbol
ENSRNOG00000065133,,ensembl
LOC102552287,LOC102552287,symbol
ENSRNOG00000065087,,ensembl
LOC120100376,LOC120100376,symbol
LOC120100278,LOC120100278,symbol
Luzp2,Luzp2,symbol
ENSRNOG00000069456,,ensembl
LOC120100164,LOC120100164,symbol
Rnu6-1195,Rnu6-1195,symbol
LOC120100213,LOC120100213,symbol
LOC120100210,LOC120100210,symbol
Siglech,Siglech,symbol
Rhoq-ps1,Rhoq-ps1,symbol
Tubgcp5,Tubgcp5,symbol
ENSRNOG00000068698,,ensembl
Cyfip1,Cyfip1,symbol
LOC120100150,LOC120100150,symbol
Nipa2,Nipa2,symbol
Nipa1,Nipa1,symbol
Herc2,Herc2,symbol
Oca2,Oca2,symbol
Gabrg3,Gabrg3,symbol
Gabra5,Gabra5,symbol
Gabrb3,Gabrb3,symbol
LOC120100444,LOC120100444,symbol
LOC120100421,LOC120100421,symbol
ENSRNOG00000066632,,ensembl
Atp10a,Atp10a,symbol
ENSRNOG00000066760,,ensembl
Ube3a,Ube3a,symbol
LOC120100276,LOC120100276,symbol
LOC120100264,LOC120100264,symbol
LOC120100283,LOC120100283,symbol
LOC120100290,LOC120100290,symbol
LOC120100284,LOC120100284,symbol
LOC120100288,LOC120100288,symbol
LOC120100262,LOC120100262,symbol
LOC120100275,LOC120100275,symbol
LOC120100292,LOC120100292,symbol
LOC120100293,LOC120100293,symbol
LOC120100240,LOC120100240,symbol
LOC120100270,LOC120100270,symbol
LOC120100268,LOC120100268,symbol
LOC120100269,LOC120100269,symbol
LOC120100266,LOC120100266,symbol
LOC120100259,LOC120100259,symbol
LOC120100260,LOC120100260,symbol
LOC120100263,LOC120100263,symbol
LOC120100285,LOC120100285,symbol
LOC120100241,LOC120100241,symbol
LOC120100274,LOC120100274,symbol
LOC120100242,LOC120100242,symbol
LOC120100243,LOC120100243,symbol
LOC120100244,LOC120100244,symbol
LOC120100246,LOC120100246,symbol
LOC120100247,LOC120100247,symbol
LOC120100248,LOC120100248,symbol
LOC120100249,LOC120100249,symbol
LOC120100250,LOC120100250,symbol
LOC120100251,LOC120100251,symbol
LOC120100252,LOC120100252,symbol
LOC120100253,LOC120100253,symbol
LOC120100254,LOC120100254,symbol
LOC120100261,LOC120100261,symbol
LOC120100239,LOC120100239,symbol
LOC120100235,LOC120100235,symbol
LOC120100236,LOC120100236,symbol
LOC120100258,LOC120100258,symbol
LOC120100257,LOC120100257,symbol
LOC120100237,LOC120100237,symbol
LOC120100277,LOC120100277,symbol
LOC120100238,LOC120100238,symbol
LOC120100255,LOC120100255,symbol
LOC120100281,LOC120100281,symbol
LOC120100282,LOC120100282,symbol
LOC120100280,LOC120100280,symbol
LOC120100271,LOC120100271,symbol
LOC120100279,LOC120100279,symbol
LOC120100272,LOC120100272,symbol
LOC120100265,LOC120100265,symbol
LOC120100286,LOC120100286,symbol
LOC120100287,LOC120100287,symbol
LOC120100273,LOC120100273,symbol
LOC120100291,LOC120100291,symbol
ENSRNOG00000065457,,ensembl
LOC120100331,LOC120100331,symbol
LOC120100319,LOC120100319,symbol
LOC120100317,LOC120100317,symbol
LOC120100314,LOC120100314,symbol
LOC120100313,LOC120100313,symbol
LOC120100324,LOC120100324,symbol
LOC120100325,LOC120100325,symbol
LOC120100326,LOC120100326,symbol
LOC120100327,LOC120100327,symbol
LOC120100315,LOC120100315,symbol
LOC120100330,LOC120100330,symbol
LOC120100295,LOC120100295,symbol
LOC120100296,LOC120100296,symbol
LOC120100297,LOC120100297,symbol
LOC120100294,LOC120100294,symbol
LOC120100298,LOC120100298,symbol
LOC120100299,LOC120100299,symbol
LOC120100309,LOC120100309,symbol
LOC120100301,LOC120100301,symbol
LOC120100302,LOC120100302,symbol
LOC120100303,LOC120100303,symbol
LOC120100304,LOC120100304,symbol
LOC120100310,LOC120100310,symbol
LOC120100305,LOC120100305,symbol
LOC120100306,LOC120100306,symbol
LOC120100329,LOC120100329,symbol
LOC120100312,LOC120100312,symbol
LOC120100321,LOC120100321,symbol
LOC120100307,LOC120100307,symbol
LOC120100318,LOC120100318,symbol
LOC120100335,LOC120100335,symbol
LOC120100333,LOC120100333,symbol
LOC120100308,LOC120100308,symbol
LOC120100316,LOC120100316,symbol
LOC120100323,LOC120100323,symbol
LOC120100332,LOC120100332,symbol
LOC120100320,LOC120100320,symbol
LOC120100336,LOC120100336,symbol
LOC120100337,LOC120100337,symbol
LOC102547183,LOC102547183,symbol
ENSRNOG00000070519,,ensembl
Snord64,Snord64,symbol
Snord107,Snord107,symbol
Snrpn,Snrpn,symbol
ENSRNOG00000064891,,ensembl
ENSRNOG00000063236,,ensembl
ENSRNOG00000064120,,ensembl
ENSRNOG00000069377,,ensembl
AC080157.1,AC080157.1,symbol
LOC120100387,LOC120100387,symbol
ENSRNOG00000063232,,ensembl
ENSRNOG00000069701,,ensembl
Mir344b-2,Mir344b-2,symbol
Mir344b-1,Mir344b-1,symbol
Mir344b-3,Mir344b-3,symbol
ENSRNOG00000066830,,ensembl
ENSRNOG00000063145,,ensembl
Mir344a-2,Mir344a-2,symbol
Mir344g,Mir344g,symbol
Mir344i,Mir344i,symbol
Ndn,Ndn,symbol
Magel2,Magel2,symbol
Mkrn3,Mkrn3,symbol
Peg12,Peg12,symbol
ENSRNOG00000066862,,ensembl
Vom2r-ps62,Vom2r-ps62,symbol
LOC102548067,LOC102548067,symbol
Chrna7,Chrna7,symbol
Otud7a,Otud7a,symbol
LOC120097335,LOC120097335,symbol
ENSRNOG00000065700,,ensembl
Klf13,Klf13,symbol
LOC120100492,LOC120100492,symbol
ENSRNOG00000064709,,ensembl
Trpm1,Trpm1,symbol
Mir211,Mir211,symbol
Mtmr10,Mtmr10,symbol
Fan1,Fan1,symbol
Mphosph10,Mphosph10,symbol
Mcee,Mcee,symbol
ENSRNOG00000068834,,ensembl
ENSRNOG00000070679,,ensembl
Apba2,Apba2,symbol
Entrep2,Entrep2,symbol
LOC120100402,LOC120100402,symbol
AABR07004112.1,AABR07004112.1,symbol
Tjp1,Tjp1,symbol
Tars3,Tars3,symbol
Tm2d3,Tm2d3,symbol
AABR07004134.1,AABR07004134.1,symbol
Pcsk6,Pcsk6,symbol
ENSRNOG00000070428,,ensembl
Snrpa1,Snrpa1,symbol
Selenos,Selenos,symbol
Chsy1,Chsy1,symbol
Lrrk1,Lrrk1,symbol
LOC120100464,LOC120100464,symbol
Aldh1a3,Aldh1a3,symbol
ENSRNOG00000067645,,ensembl
Asb7,Asb7,symbol
Lins1,Lins1,symbol
Cers3,Cers3,symbol
Adamts17,Adamts17,symbol
Lysmd4,Lysmd4,symbol
Mef2a,Mef2a,symbol
Lrrc28,Lrrc28,symbol
LOC120100341,LOC120100341,symbol
Ttc23,Ttc23,symbol
Synm,Synm,symbol
LOC108349848,LOC108349848,symbol
Igf1r,Igf1r,symbol
ENSRNOG00000068800,,ensembl
Pgpep1l,Pgpep1l,symbol
Fam169b,Fam169b,symbol
LOC120100494,LOC120100494,symbol
ENSRNOG00000066991,,ensembl
LOC102551255,LOC102551255,symbol
Arrdc4,Arrdc4,symbol
ENSRNOG00000065206,,ensembl
LOC120100448,LOC120100448,symbol
Nr2f2,Nr2f2,symbol
ENSRNOG00000064145,,ensembl
ENSRNOG00000066647,,ensembl
ENSRNOG00000066028,,ensembl
LOC120100125,LOC120100125,symbol
Mctp2,Mctp2,symbol
ENSRNOG00000064099,,ensembl
Rgma,Rgma,symbol
Chd2,Chd2,symbol
ENSRNOG00000066023,,ensembl
AABR07004269.3,AABR07004269.3,symbol
Fam174b,Fam174b,symbol
Fam174b,Fam174b,symbol
ENSRNOG00000065346,,ensembl
St8sia2,St8sia2,symbol
LOC120100156,LOC120100156,symbol
LOC100360396,LOC100360396,symbol
Slco3a1,Slco3a1,symbol
Sv2b,Sv2b,symbol
Akap13,Akap13,symbol
LOC103691165,LOC103691165,symbol
Klhl25,Klhl25,symbol
LOC120100400,LOC120100400,symbol
Agbl1,Agbl1,symbol
Rnu1-18,Rnu1-18,symbol
Ntrk3,Ntrk3,symbol
ENSRNOG00000067190,,ensembl
Mrps11,Mrps11,symbol
Mrpl46,Mrpl46,symbol
Det1,Det1,symbol
Mir8,Mir8,symbol
Isg20,Isg20,symbol
Aen,Aen,symbol
Acan,Acan,symbol
Hapln3,Hapln3,symbol
Mfge8,Mfge8,symbol
ENSRNOG00000070760,,ensembl
Abhd2,Abhd2,symbol
LOC120100454,LOC120100454,symbol
Rlbp1,Rlbp1,symbol
Fanci,Fanci,symbol
Polg,Polg,symbol
ENSRNOG00000069120,,ensembl
LOC685596,LOC685596,symbol
Atp5mpl-ps1,Atp5mpl-ps1,symbol
Mir3597-3,Mir3597-3,symbol
Rhcg,Rhcg,symbol
Ticrr,Ticrr,symbol
Kif7,Kif7,symbol
LOC120099868,LOC120099868,symbol
Plin1,Plin1,symbol
Pex11a,Pex11a,symbol
Wdr93,Wdr93,symbol
AC096024.2,AC096024.2,symbol
Mesp1,Mesp1,symbol
Mesp2,Mesp2,symbol
Anpep,Anpep,symbol
Ap3s2,Ap3s2,symbol
Arpin,Arpin,symbol
ENSRNOG00000071072,,ensembl
Zfp710,Zfp710,symbol
Idh2,Idh2,symbol
Naa38-ps1,Naa38-ps1,symbol
Sema4b,Sema4b,symbol
Cib1,Cib1,symbol
Gdpgp1,Gdpgp1,symbol
Ttll13,Ttll13,symbol
Ngrn,Ngrn,symbol
Vps33b,Vps33b,symbol
Prc1,Prc1,symbol
LOC120100407,LOC120100407,symbol
Rccd1,Rccd1,symbol
Unc45a,Unc45a,symbol
Hddc3,Hddc3,symbol
LOC108349446,LOC108349446,symbol
ENSRNOG00000064515,,ensembl
Man2a2,Man2a2,symbol
Fes,Fes,symbol
Furin,Furin,symbol
Blm,Blm,symbol
ENSRNOG00000063371,,ensembl
Crtc3,Crtc3,symbol
ENSRNOG00000070579,,ensembl
Iqgap1,Iqgap1,symbol
Zscan2,Zscan2,symbol
Wdr73,Wdr73,symbol
Nmb,Nmb,symbol
Sec11a,Sec11a,symbol
Zfp592,Zfp592,symbol
Alpk3,Alpk3,symbol
Slc28a1,Slc28a1,symbol
ENSRNOG00000062374,,ensembl
Pde8a,Pde8a,symbol
LOC120100372,LOC120100372,symbol
LOC100365810,LOC100365810,symbol
Cpeb1,Cpeb1,symbol
Ap3b2,Ap3b2,symbol
LOC100360933,LOC100360933,symbol
ENSRNOG00000064798,,ensembl
ENSRNOG00000063261,,ensembl
Scarna15,Scarna15,symbol
Fsd2,Fsd2,symbol
LOC120100468,LOC120100468,symbol
Whamm,Whamm,symbol
Homer2,Homer2,symbol
Rnu6-946,Rnu6-946,symbol
Ramac,Ramac,symbol
C1h15orf40,C1h15orf40,symbol
Btbd1,Btbd1,symbol
ENSRNOG00000069563,,ensembl
ENSRNOG00000069938,,ensembl
Tm6sf1,Tm6sf1,symbol
Hdgfl3,Hdgfl3,symbol
Bnc1,Bnc1,symbol
Sh3gl3,Sh3gl3,symbol
Adamtsl3,Adamtsl3,symbol
ENSRNOG00000062620,,ensembl
Saxo2,Saxo2,symbol
ENSRNOG00000063251,,ensembl
Efl1,Efl1,symbol
LOC120100361,LOC120100361,symbol
Mex3b,Mex3b,symbol
LOC120100412,LOC120100412,symbol
LOC120100465,LOC120100465,symbol
Tmc3,Tmc3,symbol
Stard5,Stard5,symbol
Il16,Il16,symbol
Cfap161,Cfap161,symbol
ENSRNOG00000065642,,ensembl
ENSRNOG00000065151,,ensembl
Tlnrd1,Tlnrd1,symbol
Mesd,Mesd,symbol
Cemip,Cemip,symbol
Abhd17c,Abhd17c,symbol
ENSRNOG00000064347,,ensembl
Arnt2,Arnt2,symbol
Arnt2,Arnt2,symbol
Ctxnd1,Ctxnd1,symbol
Fah,Fah,symbol
Zfand6,Zfand6,symbol
Rnu6-891,Rnu6-891,symbol
LOC684403,LOC684403,symbol
Or5ae1,Or5ae1,symbol
ENSRNOG00000070772,,ensembl
Vom2r40,Vom2r40,symbol
Vom2r42,Vom2r42,symbol
LOC679574,LOC679574,symbol
Vom2r43,Vom2r43,symbol
Or13g1,Or13g1,symbol
Or6f1,Or6f1,symbol
Or14a260,Or14a260,symbol
Or14a258,Or14a258,symbol
Or6aa1,Or6aa1,symbol
Or14c44-ps1,Or14c44-ps1,symbol
Or6aa1b,Or6aa1b,symbol
Or14n1,Or14n1,symbol
Or14c48-ps1,Or14c48-ps1,symbol
Or14c43b-ps1,Or14c43b-ps1,symbol
Or14c43,Or14c43,symbol
Or14a257d,Or14a257d,symbol
Or14c40,Or14c40,symbol
Or14a257,Or14a257,symbol
ENSRNOG00000064840,,ensembl
LOC120100356,LOC120100356,symbol
Or14a257b,Or14a257b,symbol
Or14c39b,Or14c39b,symbol
Or14a257c,Or14a257c,symbol
Or14c39,Or14c39,symbol
Folh1,Folh1,symbol
Vom2r-ps67,Vom2r-ps67,symbol
ENSRNOG00000071136,,ensembl
ENSRNOG00000068544,,ensembl
LOC120100443,LOC120100443,symbol
Nox4,Nox4,symbol
Tyr,Tyr,symbol
LOC120100222,LOC120100222,symbol
LOC120100220,LOC120100220,symbol
Grm5,Grm5,symbol
Ctsc,Ctsc,symbol
LOC120100413,LOC120100413,symbol
Rab38,Rab38,symbol
Tmem135,Tmem135,symbol
ENSRNOG00000065910,,ensembl
Fzd4,Fzd4,symbol
ENSRNOG00000070027,,ensembl
ENSRNOG00000067858,,ensembl
Prss23,Prss23,symbol
Me3,Me3,symbol
Ccdc81,Ccdc81,symbol
LOC102549852,LOC102549852,symbol
Hikeshi,Hikeshi,symbol
Eed,Eed,symbol
ENSRNOG00000065380,,ensembl
ENSRNOG00000067997,LOC134485259,ensembl
Picalm,Picalm,symbol
Ccdc83,Ccdc83,symbol
Sytl2,Sytl2,symbol
LOC100911776,LOC100911776,symbol
Crebzf,Crebzf,symbol
Tmem126a,Tmem126a,symbol
Tmem126b,Tmem126b,symbol
Dlg2,Dlg2,symbol
LOC120100420,LOC120100420,symbol
LOC120100216,LOC120100216,symbol
Ccdc90b,Ccdc90b,symbol
Ankrd42,Ankrd42,symbol
Pcf11,Pcf11,symbol
Rab30,Rab30,symbol
Ddias,Ddias,symbol
LOC120100343,LOC120100343,symbol
Prcp,Prcp,symbol
Fam181b,Fam181b,symbol
Fam181b,Fam181b,symbol
LOC120099884,LOC120099884,symbol
LOC120100419,LOC120100419,symbol
LOC120100425,LOC120100425,symbol
LOC120100184,LOC120100184,symbol
AABR07004733.2,AABR07004733.2,symbol
ENSRNOG00000071115,,ensembl
ENSRNOG00000069803,,ensembl
Mir708,Mir708,symbol
ENSRNOG00000063721,,ensembl
ENSRNOG00000067414,,ensembl
Tenm4,Tenm4,symbol
LOC120100172,LOC120100172,symbol
Nars2,Nars2,symbol
Gab2,Gab2,symbol
Usp35,Usp35,symbol
Kctd21,Kctd21,symbol
ENSRNOG00000071147,,ensembl
Alg8,Alg8,symbol
Ndufc2,Ndufc2,symbol
Thrsp,Thrsp,symbol
Kctd14,Kctd14,symbol
Ints4,Ints4,symbol
Aamdc,Aamdc,symbol
Rsf1,Rsf1,symbol
Clns1a,Clns1a,symbol
Aqp11,Aqp11,symbol
Pak1,Pak1,symbol
Gdpd4,Gdpd4,symbol
ENSRNOG00000064082,,ensembl
Myo7a,Myo7a,symbol
Capn5,Capn5,symbol
Omp,Omp,symbol
B3gnt6,B3gnt6,symbol
Acer3,Acer3,symbol
ENSRNOG00000065313,,ensembl
Tsku,Tsku,symbol
Gucy2e,Gucy2e,symbol
Lrrc32,Lrrc32,symbol
LOC120100189,LOC120100189,symbol
Emsy,Emsy,symbol
ENSRNOG00000069528,,ensembl
ENSRNOG00000065449,,ensembl
Thap12,Thap12,symbol
ENSRNOG00000064985,,ensembl
Wnt11,Wnt11,symbol
RGD1561870,RGD1561870,symbol
Uvrag,Uvrag,symbol
LOC120100452,LOC120100452,symbol
Dgat2,Dgat2,symbol
Mogat2,Mogat2,symbol
Map6,Map6,symbol
Serpinh1,Serpinh1,symbol
Gdpd5,Gdpd5,symbol
Klhl35,Klhl35,symbol
Rps3,Rps3,symbol
Snord14b,Snord14b,symbol
Snord15a,Snord15a,symbol
Arrb1,Arrb1,symbol
Mir326,Mir326,symbol
Tpbgl,Tpbgl,symbol
Slco2b1,Slco2b1,symbol
ENSRNOG00000064277,,ensembl
Olr35,Olr35,symbol
Olr36,Olr36,symbol
Neu3,Neu3,symbol
Or2at1,Or2at1,symbol
AABR07004876.1,AABR07004876.1,symbol
Spcs2,Spcs2,symbol
Xrra1,Xrra1,symbol
ENSRNOG00000062436,,ensembl
ENSRNOG00000064992,,ensembl
Rnf169,Rnf169,symbol
LOC120100366,LOC120100366,symbol
Chrdl2,Chrdl2,symbol
Pold3,Pold3,symbol
ENSRNOG00000064771,,ensembl
Lipt2,Lipt2,symbol
ENSRNOG00000064417,,ensembl
Kcne3,Kcne3,symbol
ENSRNOG00000063050,Kcne3,ensembl
Pgm2l1,Pgm2l1,symbol
AABR07004881.1,AABR07004881.1,symbol
P4ha3,P4ha3,symbol
Ppme1,Ppme1,symbol
C2cd3,C2cd3,symbol
Ucp3,Ucp3,symbol
Ucp2,Ucp2,symbol
Dnajb13,Dnajb13,symbol
ENSRNOG00000068292,,ensembl
ENSRNOG00000070123,,ensembl
Coa4,Coa4,symbol
AC110837.1,AC110837.1,symbol
Mrpl48,Mrpl48,symbol
Rab6a,Rab6a,symbol
LOC120100360,LOC120100360,symbol
Plekhb1,Plekhb1,symbol
Fam168a,Fam168a,symbol
Relt,Relt,symbol
Arhgef17,Arhgef17,symbol
Mir3102,Mir3102,symbol
P2ry6,P2ry6,symbol
P2ry2,P2ry2,symbol
Fchsd2,Fchsd2,symbol
AABR07004891.1,AABR07004891.1,symbol
LOC120097345,LOC120097345,symbol
Atg16l2,Atg16l2,symbol
ENSRNOG00000071167,,ensembl
Stard10,Stard10,symbol
Arap1,Arap1,symbol
Pde2a,Pde2a,symbol
Mir139,Mir139,symbol
Art2b,Art2b,symbol
Clpb,Clpb,symbol
Phox2a,Phox2a,symbol
Inppl1,Inppl1,symbol
Folr2,Folr2,symbol
Folr1,Folr1,symbol
Anapc15,Anapc15,symbol
Lrtomt,Lrtomt,symbol
LOC100361543,LOC100361543,symbol
Lrrc51,Lrrc51,symbol
Numa1,Numa1,symbol
Il18bp,Il18bp,symbol
Rnf121,Rnf121,symbol
Trpc2,Trpc2,symbol
Art5,Art5,symbol
Art1,Art1,symbol
Chrna10,Chrna10,symbol
Nup98,Nup98,symbol
Pgap2,Pgap2,symbol
Rhog,Rhog,symbol
Stim1,Stim1,symbol
Rrm1,Rrm1,symbol
Or55b3,Or55b3,symbol
Or55b4,Or55b4,symbol
Or55b10,Or55b10,symbol
Or52b4,Or52b4,symbol
Or52b3-ps1,Or52b3-ps1,symbol
Trim21,Trim21,symbol
Or51r1,Or51r1,symbol
Or52p2,Or52p2,symbol
Or52k2,Or52k2,symbol
Or52k1,Or52k1,symbol
AC098008.1,AC098008.1,symbol
Or52m2,Or52m2,symbol
Or52m1,Or52m1,symbol
Or51h1,Or51h1,symbol
ENSRNOG00000063405,,ensembl
LOC684179,LOC684179,symbol
Trim68,Trim68,symbol
Or51d1,Or51d1,symbol
Or51e1,Or51e1,symbol
Or51a39-ps1,Or51a39-ps1,symbol
LOC120097890,LOC120097890,symbol
Or51a25b,Or51a25b,symbol
Or51a25,Or51a25,symbol
LOC120100439,LOC120100439,symbol
Olr59,Olr59,symbol
Or51f23b-ps1,Or51f23b-ps1,symbol
Or51f5,Or51f5,symbol
Or51f23c-ps1,Or51f23c-ps1,symbol
ENSRNOG00000070161,,ensembl
Or51f4,Or51f4,symbol
Or51f1,Or51f1,symbol
Or51f2,Or51f2,symbol
Or51s1,Or51s1,symbol
Or51h5,Or51h5,symbol
LOC684376,LOC684376,symbol
Or51t1,Or51t1,symbol
Or51a6-ps1,Or51a6-ps1,symbol
Or51a7b,Or51a7b,symbol
ENSRNOG00000069683,,ensembl
Or51a7,Or51a7,symbol
Or51g2,Or51g2,symbol
Or51g1,Or51g1,symbol
Or51a41,Or51a41,symbol
AC106947.1,AC106947.1,symbol
Or52r1c,Or52r1c,symbol
Or51f1f,Or51f1f,symbol
ENSRNOG00000067622,,ensembl
Or51f1g,Or51f1g,symbol
Or51l1,Or51l1,symbol
Or51p1,Or51p1,symbol
Or52e2,Or52e2,symbol
Or52j3b,Or52j3b,symbol
Or52s1b,Or52s1b,symbol
ENSRNOG00000063751,,ensembl
Or52s1,Or52s1,symbol
Or52e3,Or52e3,symbol
Or52e51,Or52e51,symbol
Or52e19,Or52e19,symbol
Or52ab2,Or52ab2,symbol
Or52ab2b,Or52ab2b,symbol
Or52ab4,Or52ab4,symbol
Or52ad1,Or52ad1,symbol
Or52s19,Or52s19,symbol
Or52s20,Or52s20,symbol
Or52s6,Or52s6,symbol
Or51l14,Or51l14,symbol
Or52d13,Or52d13,symbol
Or52ae7b,Or52ae7b,symbol
Or52ae10,Or52ae10,symbol
Or52ae7,Or52ae7,symbol
Or51af1,Or51af1,symbol
ENSRNOG00000067993,,ensembl
Or51aa2,Or51aa2,symbol
Or51ab3,Or51ab3,symbol
Or51ah3,Or51ah3,symbol
Or51ac3,Or51ac3,symbol
LOC120100375,LOC120100375,symbol
Or52z12,Or52z12,symbol
Or52z13,Or52z13,symbol
Or52z14,Or52z14,symbol
Or51v14,Or51v14,symbol
Or51v8b,Or51v8b,symbol
Or52ae8,Or52ae8,symbol
Or51v17-ps1,Or51v17-ps1,symbol
ENSRNOG00000063011,,ensembl
Or52z15-ps1,Or52z15-ps1,symbol
Or51b6b,Or51b6b,symbol
Or51v8,Or51v8,symbol
Or52ae8b,Or52ae8b,symbol
Or52a20,Or52a20,symbol
Hbb,Hbb,symbol
AC107531.1,AC107531.1,symbol
Or52a5b,Or52a5b,symbol
Or52a5,Or52a5,symbol
ENSRNOG00000062356,,ensembl
ENSRNOG00000069200,,ensembl
ENSRNOG00000069439,,ensembl
LOC100134871,LOC100134871,symbol
Hbe1l-ps1,Hbe1l-ps1,symbol
Hbg1,Hbg1,symbol
Hbe2,Hbe2,symbol
Hbe1,Hbe1,symbol
Or51b4b,Or51b4b,symbol
Or51b4,Or51b4,symbol
Or51b17,Or51b17,symbol
Or51b6,Or51b6,symbol
Or51m1-ps1,Or51m1-ps1,symbol
Or51k2,Or51k2,symbol
Or51k7,Or51k7,symbol
ENSRNOG00000024789,,ensembl
Or51q1d,Or51q1d,symbol
Or51k1b-ps1,Or51k1b-ps1,symbol
Or51q1,Or51q1,symbol
Or51q1e,Or51q1e,symbol
Or51i1,Or51i1,symbol
Or51i2,Or51i2,symbol
Or51a10,Or51a10,symbol
Or51a42,Or51a42,symbol
Or51a24-ps1,Or51a24-ps1,symbol
Or52d1,Or52d1,symbol
RGD1562433,RGD1562433,symbol
Ubqln3,Ubqln3,symbol
Ubqlnl,Ubqlnl,symbol
Olfm5,Olfm5,symbol
Or52h1,Or52h1,symbol
Or52h2,Or52h2,symbol
Trim6,Trim6,symbol
Trim34,Trim34,symbol
Trim5,Trim5,symbol
Trim30c,Trim30c,symbol
Or52h9,Or52h9,symbol
Or52h7,Or52h7,symbol
Or52d3,Or52d3,symbol
Or52u1,Or52u1,symbol
Or52ac1,Or52ac1,symbol
Or52p1,Or52p1,symbol
Or56b1,Or56b1,symbol
Or52n4,Or52n4,symbol
Or52n20,Or52n20,symbol
Or56b2,Or56b2,symbol
Or56b2b,Or56b2b,symbol
Or52n4c,Or52n4c,symbol
LOC120097921,LOC120097921,symbol
Or52n1b,Or52n1b,symbol
Or52n4e,Or52n4e,symbol
Or56b2k,Or56b2k,symbol
LOC120100117,LOC120100117,symbol
Or52n4d,Or52n4d,symbol
Or52n1,Or52n1,symbol
LOC100910107,LOC100910107,symbol
ENSRNOG00000064803,,ensembl
ENSRNOG00000067432,Usp17la2,ensembl
Or52n3,Or52n3,symbol
Or52n2,Or52n2,symbol
Or52n2f,Or52n2f,symbol
Or52n2b,Or52n2b,symbol
Or52n2e,Or52n2e,symbol
Or52n5-ps1,Or52n5-ps1,symbol
LOC120100221,LOC120100221,symbol
LOC120100219,LOC120100219,symbol
Or52e18,Or52e18,symbol
Or52e15,Or52e15,symbol
Or52e8,Or52e8,symbol
Or52e15b,Or52e15b,symbol
Or52e15c,Or52e15c,symbol
Or52e8b,Or52e8b,symbol
Or52e7,Or52e7,symbol
Or52e5b,Or52e5b,symbol
Or52e4,Or52e4,symbol
Or52e5,Or52e5,symbol
Or56a3b,Or56a3b,symbol
AC107331.1,AC107331.1,symbol
ENSRNOG00000066831,,ensembl
Or56a5,Or56a5,symbol
Or56a3b,Or56a3b,symbol
Or52l1b,Or52l1b,symbol
Or52l1,Or52l1,symbol
Or52x1,Or52x1,symbol
Or56b6,Or56b6,symbol
Or56b6c,Or56b6c,symbol
Or56b6b,Or56b6b,symbol
Or52b1,Or52b1,symbol
Or52b2,Or52b2,symbol
Or52w1,Or52w1,symbol
C1h11orf42,C1h11orf42,symbol
Fhip1b,Fhip1b,symbol
Cnga4,Cnga4,symbol
Cckbr,Cckbr,symbol
Cavin3,Cavin3,symbol
ENSRNOG00000068585,,ensembl
Smpd1,Smpd1,symbol
Apbb1,Apbb1,symbol
Hpx,Hpx,symbol
Trim3,Trim3,symbol
Arfip2,Arfip2,symbol
Timm10b,Timm10b,symbol
Dnhd1,Dnhd1,symbol
Rrp8,Rrp8,symbol
Ilk,Ilk,symbol
Taf10,Taf10,symbol
Tpp1,Tpp1,symbol
Dchs1,Dchs1,symbol
Mrpl17,Mrpl17,symbol
Gvinp1,Gvinp1,symbol
AABR07004992.1,AABR07004992.1,symbol
Gvin1,Gvin1,symbol
Or2ag13,Or2ag13,symbol
Or2ag16,Or2ag16,symbol
LOC120100116,LOC120100116,symbol
Or2ag19b,Or2ag19b,symbol
Or2ag16b,Or2ag16b,symbol
Or2ag17b-ps1,Or2ag17b-ps1,symbol
Or2ag18,Or2ag18,symbol
Or2ag2b,Or2ag2b,symbol
Or2ag17,Or2ag17,symbol
Or13n4,Or13n4,symbol
Or13n4b,Or13n4b,symbol
Or2ag19,Or2ag19,symbol
Or2ag20,Or2ag20,symbol
Olr216-ps,Olr216-ps,symbol
Or2ag1,Or2ag1,symbol
Or2ag2,Or2ag2,symbol
Or2d3,Or2d3,symbol
Or2d3,Or2d3,symbol
Or2d3c,Or2d3c,symbol
Or2d4,Or2d4,symbol
Or6b9,Or6b9,symbol
Or6a2,Or6a2,symbol
Or6b6,Or6b6,symbol
Or10a5,Or10a5,symbol
Or10a5c-ps1,Or10a5c-ps1,symbol
Or2d36b,Or2d36b,symbol
Or10a2,Or10a2,symbol
Or10a4,Or10a4,symbol
Or2d2,Or2d2,symbol
Or2d2b,Or2d2b,symbol
Or2d36,Or2d36,symbol
Nlrp14,Nlrp14,symbol
Rbmxl2,Rbmxl2,symbol
ENSRNOG00000070360,,ensembl
ENSRNOG00000064547,,ensembl
Syt9,Syt9,symbol
Olfml1,Olfml1,symbol
Ppfibp2,Ppfibp2,symbol
Cyb5r2,Cyb5r2,symbol
ENSRNOG00000070303,,ensembl
Ovch2,Ovch2,symbol
Or5p5b,Or5p5b,symbol
Or5p50,Or5p50,symbol
Or5p5,Or5p5,symbol
Olfr472,Olfr472,symbol
Or5p53,Or5p53,symbol
Or5p56,Or5p56,symbol
Or5p6,Or5p6,symbol
Or10ab4,Or10ab4,symbol
Or5p4,Or5p4,symbol
Or5p6b,Or5p6b,symbol
Or5p58,Or5p58,symbol
Or5p59,Or5p59,symbol
Or5p66b,Or5p66b,symbol
ENSRNOG00000064966,,ensembl
Or5p60b,Or5p60b,symbol
Or5p61-ps1,Or5p61-ps1,symbol
Or5p60d,Or5p60d,symbol
Or5p66,Or5p66,symbol
Or5p1,Or5p1,symbol
Or5p68,Or5p68,symbol
Or5p72,Or5p72,symbol
Or5p73,Or5p73,symbol
Or5p78b-ps1,Or5p78b-ps1,symbol
Smapl-ps1,Smapl-ps1,symbol
Or5p69b,Or5p69b,symbol
Or5p78c,Or5p78c,symbol
Or5p75-ps1,Or5p75-ps1,symbol
Or5p69,Or5p69,symbol
Or5p78,Or5p78,symbol
Or5p79,Or5p79,symbol
Or5p80-ps1,Or5p80-ps1,symbol
LOC687082,LOC687082,symbol
Or10ab5,Or10ab5,symbol
Or5p81,Or5p81,symbol
Olr271-ps1,Olr271-ps1,symbol
Or5p76b,Or5p76b,symbol
Or5p76,Or5p76,symbol
Or5p81b,Or5p81b,symbol
ENSRNOG00000070026,,ensembl
Or5e1,Or5e1,symbol
ENSRNOG00000065984,,ensembl
Or10a48,Or10a48,symbol
Or10a49,Or10a49,symbol
Or10a3,Or10a3,symbol
Or10a3c,Or10a3c,symbol
Nlrp10,Nlrp10,symbol
Eif3f,Eif3f,symbol
Tub,Tub,symbol
Ric3,Ric3,symbol
LOC108349532,LOC108349532,symbol
Lmo1,Lmo1,symbol
Stk33,Stk33,symbol
LOC120100481,LOC120100481,symbol
Trim66,Trim66,symbol
Snora3,Snora3,symbol
LOC120100352,LOC120100352,symbol
Dennd2b,Dennd2b,symbol
ENSRNOG00000070529,,ensembl
Akip1,Akip1,symbol
C1h11orf16,C1h11orf16,symbol
Ascl3,Ascl3,symbol
Tmem9b,Tmem9b,symbol
ENSRNOG00000064885,,ensembl
Nrip3,Nrip3,symbol
Scube2,Scube2,symbol
Dennd5a,Dennd5a,symbol
Tmem41b,Tmem41b,symbol
LOC120100367,LOC120100367,symbol
Rnvu1-33,Rnvu1-33,symbol
ENSRNOG00000064452,,ensembl
Ipo7,Ipo7,symbol
Snora23,Snora23,symbol
Zfp143,Zfp143,symbol
ENSRNOG00000069489,,ensembl
Wee1,Wee1,symbol
Rnu6-1168,Rnu6-1168,symbol
Swap70,Swap70,symbol
Sbf2,Sbf2,symbol
Adm,Adm,symbol
Ampd3,Ampd3,symbol
rnf141,rnf141,symbol
ENSRNOG00000063499,,ensembl
Lyve1,Lyve1,symbol
Irag1,Irag1,symbol
Ctr9,Ctr9,symbol
Eif4g2,Eif4g2,symbol
Snord97,Snord97,symbol
ENSRNOG00000063014,,ensembl
ENSRNOG00000068371,,ensembl
ENSRNOG00000062842,,ensembl
AABR07005031.3,AABR07005031.3,symbol
AABR07005031.1,AABR07005031.1,symbol
Galnt18,Galnt18,symbol
ENSRNOG00000062831,,ensembl
LOC120100128,LOC120100128,symbol
Usp47,Usp47,symbol
Dkk3,Dkk3,symbol
Mical2,Mical2,symbol
Mical2,Mical2,symbol
Parva,Parva,symbol
LOC120100416,LOC120100416,symbol
Tead1,Tead1,symbol
LOC120099907,LOC120099907,symbol
Rassf10,Rassf10,symbol
ENSRNOG00000065112,,ensembl
Bmal1,Bmal1,symbol
Btbd10,Btbd10,symbol
Rnu6-26,Rnu6-26,symbol
Pth,Pth,symbol
Far1,Far1,symbol
ENSRNOG00000062528,,ensembl
Spon1,Spon1,symbol
Rras2,Rras2,symbol
AABR07005506.1,AABR07005506.1,symbol
Copb1,Copb1,symbol
Psma1,Psma1,symbol
LOC691427,LOC691427,symbol
Pde3b,Pde3b,symbol
LOC102548890,LOC102548890,symbol
Cyp2r1,Cyp2r1,symbol
Calca,Calca,symbol
Calcb,Calcb,symbol
Insc,Insc,symbol
LOC120100423,LOC120100423,symbol
Sox6,Sox6,symbol
C1h11orf58,C1h11orf58,symbol
Plekha7,Plekha7,symbol
ENSRNOG00000070857,,ensembl
Rps13,Rps13,symbol
Snord14a,Snord14a,symbol
Pik3c2a,Pik3c2a,symbol
LOC100911093,LOC100911093,symbol
Nucb2,Nucb2,symbol
ENSRNOG00000063596,,ensembl
Rnu6-651,Rnu6-651,symbol
LOC120100415,LOC120100415,symbol
LOC100912427,LOC100912427,symbol
Xylt1,Xylt1,symbol
LOC502362,LOC502362,symbol
Rps15a,Rps15a,symbol
Arl6ip1,Arl6ip1,symbol
Smg1,Smg1,symbol
Syt17,Syt17,symbol
Itpripl2,Itpripl2,symbol
Coq7,Coq7,symbol
Tmc7,Tmc7,symbol
ENSRNOG00000068048,,ensembl
Tmc5,Tmc5,symbol
Gde1,Gde1,symbol
Ccp110,Ccp110,symbol
Vps35l,Vps35l,symbol
LOC120100364,LOC120100364,symbol
Knop1,Knop1,symbol
Iqck,Iqck,symbol
LOC120100373,LOC120100373,symbol
Gprc5b,Gprc5b,symbol
ENSRNOG00000068714,,ensembl
Gpr139,Gpr139,symbol
LOC120100417,LOC120100417,symbol
Gp2,Gp2,symbol
Umod,Umod,symbol
Pdilt,Pdilt,symbol
Acsm5,Acsm5,symbol
Acsm2,Acsm2,symbol
RNaseP_nuc,RNaseP_nuc,symbol
RGD1559600,RGD1559600,symbol
Acsm2,Acsm2,symbol
Acsm4,Acsm4,symbol
AABR07005588.1,AABR07005588.1,symbol
Acsm3,Acsm3,symbol
Eri2,Eri2,symbol
Rexo5,Rexo5,symbol
Dcun1d3,Dcun1d3,symbol
Lyrm1,Lyrm1,symbol
Dnah3,Dnah3,symbol
LOC120100199,LOC120100199,symbol
Ldaf1,Ldaf1,symbol
ENSRNOG00000064548,,ensembl
Zp2,Zp2,symbol
Anks4b,Anks4b,symbol
Crym,Crym,symbol
Abca14,Abca14,symbol
ENSRNOG00000067209,,ensembl
Abca15,Abca15,symbol
Abca16,Abca16,symbol
ENSRNOG00000062423,,ensembl
Vmn2r116l-ps36,Vmn2r116l-ps36,symbol
LOC691519,LOC691519,symbol
Uqcrc2,Uqcrc2,symbol
Pdzd9,Pdzd9,symbol
Mosmo,Mosmo,symbol
LOC120100485,LOC120100485,symbol
Vwa3a,Vwa3a,symbol
Sdr42e2,Sdr42e2,symbol
Eef2k,Eef2k,symbol
Polr3e,Polr3e,symbol
Cdr2,Cdr2,symbol
Mfsd13b,Mfsd13b,symbol
LOC120100377,LOC120100377,symbol
LOC120100397,LOC120100397,symbol
LOC120100194,LOC120100194,symbol
AC103221.1,AC103221.1,symbol
Mettl9,Mettl9,symbol
Igsf6,Igsf6,symbol
Otoa,Otoa,symbol
Hs3st2,Hs3st2,symbol
Usp31,Usp31,symbol
Scnn1g,Scnn1g,symbol
Scnn1b,Scnn1b,symbol
Cog7,Cog7,symbol
Gga2,Gga2,symbol
Ears2,Ears2,symbol
Ubfd1,Ubfd1,symbol
Ndufab1,Ndufab1,symbol
Palb2,Palb2,symbol
Dctn5,Dctn5,symbol
Plk1,Plk1,symbol
Ern2,Ern2,symbol
Chp2,Chp2,symbol
Prkcb,Prkcb,symbol
Cacng3,Cacng3,symbol
Rbbp6,Rbbp6,symbol
Rnu6-799,Rnu6-799,symbol
Tnrc6a,Tnrc6a,symbol
ENSRNOG00000067923,,ensembl
Slc5a11,Slc5a11,symbol
ENSRNOG00000063417,,ensembl
Arhgap17,Arhgap17,symbol
Lcmt1,Lcmt1,symbol
Aqp8,Aqp8,symbol
Zkscan2,Zkscan2,symbol
ENSRNOG00000066021,,ensembl
ENSRNOG00000068788,,ensembl
Hs3st4,Hs3st4,symbol
LOC120100422,LOC120100422,symbol
LOC120100410,LOC120100410,symbol
AC112866.1,AC112866.1,symbol
LOC691716,LOC691716,symbol
LOC100271845,LOC100271845,symbol
Kdm8,Kdm8,symbol
Nsmce1,Nsmce1,symbol
Il4r,Il4r,symbol
Il21r,Il21r,symbol
Gtf3c1,Gtf3c1,symbol
Katnip,Katnip,symbol
Gsg1l,Gsg1l,symbol
Xpo6,Xpo6,symbol
ENSRNOG00000066090,,ensembl
Sbk1,Sbk1,symbol
Lat,Lat,symbol
Spns1,Spns1,symbol
Nfatc2ip,Nfatc2ip,symbol
LOC100361060,LOC100361060,symbol
Cd19,Cd19,symbol
ENSRNOG00000069729,,ensembl
Rabep2,Rabep2,symbol
Atp2a1,Atp2a1,symbol
Sh2b1,Sh2b1,symbol
ENSRNOG00000063602,,ensembl
Tufm,Tufm,symbol
Atxn2l,Atxn2l,symbol
Eif3c,Eif3c,symbol
LOC120100182,LOC120100182,symbol
Cln3,Cln3,symbol
Apobr,Apobr,symbol
Il27,Il27,symbol
Rnu2-62,Rnu2-62,symbol
Nupr1l1,Nupr1l1,symbol
Nupr1,Nupr1,symbol
Sgf29,Sgf29,symbol
Sult1a1,Sult1a1,symbol
Slx1b,Slx1b,symbol
Bola2,Bola2,symbol
Coro1a,Coro1a,symbol
ENSRNOG00000067742,,ensembl
Gdpd3,Gdpd3,symbol
Mapk3,Mapk3,symbol
Ypel3,Ypel3,symbol
Tbx6,Tbx6,symbol
Ppp4c,Ppp4c,symbol
Aldoa,Aldoa,symbol
LOC103691235,LOC103691235,symbol
LOC120100124,LOC120100124,symbol
Tlcd3b,Tlcd3b,symbol
Doc2a,Doc2a,symbol
Ino80e,Ino80e,symbol
Hirip3,Hirip3,symbol
Taok2,Taok2,symbol
Tmem219,Tmem219,symbol
Kctd13,Kctd13,symbol
Asphd1,Asphd1,symbol
Sez6l2,Sez6l2,symbol
Cdiptos,Cdiptos,symbol
Cdipt,Cdipt,symbol
Mvp,Mvp,symbol
Prrt2,Prrt2,symbol
Maz,Maz,symbol
Kif22,Kif22,symbol
Zg16,Zg16,symbol
C1h16orf54,C1h16orf54,symbol
Qprt,Qprt,symbol
Spn,Spn,symbol
Cd2bp2,Cd2bp2,symbol
Tbc1d10b,Tbc1d10b,symbol
Myl11,Myl11,symbol
Septin1,Septin1,symbol
Znf48,Znf48,symbol
Zfp771,Zfp771,symbol
Dctpp1,Dctpp1,symbol
ENSRNOG00000069523,,ensembl
Sephs2,Sephs2,symbol
ENSRNOG00000064058,,ensembl
ENSRNOG00000065864,,ensembl
Itgal,Itgal,symbol
Znf768,Znf768,symbol
ENSRNOG00000065781,,ensembl
AABR07005779.3,AABR07005779.3,symbol
ENSRNOG00000064214,,ensembl
Zfp764l1,Zfp764l1,symbol
Zfp764,Zfp764,symbol
ENSRNOG00000070441,,ensembl
Zfp688,Zfp688,symbol
Zfp689,Zfp689,symbol
ENSRNOG00000062784,,ensembl
Prr14,Prr14,symbol
Fbrs,Fbrs,symbol
Srcap,Srcap,symbol
Snora30,Snora30,symbol
ENSRNOG00000064201,Tmem265,ensembl
Phkg2,Phkg2,symbol
Cfap119,Cfap119,symbol
Rnf40,Rnf40,symbol
Zfp689,Zfp689,symbol
LOC120100328,LOC120100328,symbol
Bcl7c,Bcl7c,symbol
Mir762,Mir762,symbol
Ctf1,Ctf1,symbol
Ctf2,Ctf2,symbol
Orai3,Orai3,symbol
Fbxl19,Fbxl19,symbol
Setd1a,Setd1a,symbol
Hsd3b7,Hsd3b7,symbol
Stx1b,Stx1b,symbol
Stx4,Stx4,symbol
ENSRNOG00000065597,,ensembl
Zfp668,Zfp668,symbol
Zfp646,Zfp646,symbol
Prss53,Prss53,symbol
Vkorc1,Vkorc1,symbol
Kat8,Kat8,symbol
Prss8,Prss8,symbol
Prss36,Prss36,symbol
Fus,Fus,symbol
Pycard,Pycard,symbol
Trim72,Trim72,symbol
Rnu1-140,Rnu1-140,symbol
Itgam,Itgam,symbol
Itgax,Itgax,symbol
Itgad,Itgad,symbol
Cox6a2,Cox6a2,symbol
LOC103691238,LOC103691238,symbol
Armc5,Armc5,symbol
Tgfb1i1,Tgfb1i1,symbol
Slc5a2,Slc5a2,symbol
Rusf1,Rusf1,symbol
Ahsp,Ahsp,symbol
Rgs10,Rgs10,symbol
Tial1,Tial1,symbol
Rps2-ps13,Rps2-ps13,symbol
Bag3,Bag3,symbol
Inpp5f,Inpp5f,symbol
Mcmbp,Mcmbp,symbol
LOC120100354,LOC120100354,symbol
ENSRNOG00000067637,,ensembl
Sec23ip,Sec23ip,symbol
LOC120100487,LOC120100487,symbol
Plpp4,Plpp4,symbol
ENSRNOG00000066085,,ensembl
Wdr11,Wdr11,symbol
LOC102555739,LOC102555739,symbol
LOC120100399,LOC120100399,symbol
Fgfr2,Fgfr2,symbol
Ate1,Ate1,symbol
RGD1563285,RGD1563285,symbol
Nsmce4a,Nsmce4a,symbol
Tacc2,Tacc2,symbol
Btbd16,Btbd16,symbol
Plekha1,Plekha1,symbol
Htra1,Htra1,symbol
Dmbt1,Dmbt1,symbol
LOC100911413,LOC100911413,symbol
C1h10orf120,C1h10orf120,symbol
Dmbt1l1,Dmbt1l1,symbol
LOC120100418,LOC120100418,symbol
Cuzd1,Cuzd1,symbol
RGD1559891,RGD1559891,symbol
Fam24b,Fam24b,symbol
ENSRNOG00000065190,,ensembl
C1h10orf88,C1h10orf88,symbol
Pstk,Pstk,symbol
Ikzf5,Ikzf5,symbol
Acadsb,Acadsb,symbol
Hmx3,Hmx3,symbol
Hmx2,Hmx2,symbol
Bub3,Bub3,symbol
Gpr26,Gpr26,symbol
Cpxm2,Cpxm2,symbol
AABR07005886.1,AABR07005886.1,symbol
Chst15,Chst15,symbol
ENSRNOG00000070567,,ensembl
Oat,Oat,symbol
Nkx1-2,Nkx1-2,symbol
Lhpp,Lhpp,symbol
Fam53b,Fam53b,symbol
Eef1akmt2,Eef1akmt2,symbol
Abraxas2,Abraxas2,symbol
ENSRNOG00000064132,,ensembl
Zranb1,Zranb1,symbol
Ctbp2,Ctbp2,symbol
ENSRNOG00000063891,,ensembl
Tex36,Tex36,symbol
ENSRNOG00000062309,LOC102552907,ensembl
Edrf1,Edrf1,symbol
Mmp21,Mmp21,symbol
Uros,Uros,symbol
Bccip,Bccip,symbol
Dhx32,Dhx32,symbol
Fank1,Fank1,symbol
Adam12,Adam12,symbol
LOC100302465,LOC100302465,symbol
LOC120100119,LOC120100119,symbol
LOC120100145,LOC120100145,symbol
Dock1,Dock1,symbol
Insyn2a,Insyn2a,symbol
LOC120100426,LOC120100426,symbol
ENSRNOG00000063199,,ensembl
Nps,Nps,symbol
Foxi2,Foxi2,symbol
Clrn3,Clrn3,symbol
Ptpre,Ptpre,symbol
Mki67,Mki67,symbol
Mgmt,Mgmt,symbol
ENSRNOG00000066584,,ensembl
LOC102552565,LOC102552565,symbol
Ebf3,Ebf3,symbol
ENSRNOG00000065256,,ensembl
C1h10orf143,C1h10orf143,symbol
Glrx3,Glrx3,symbol
Tcerg1l,Tcerg1l,symbol
Mapk1ip1,Mapk1ip1,symbol
Ppp2r2d,Ppp2r2d,symbol
Bnip3,Bnip3,symbol
ENSRNOG00000063029,,ensembl
Jakmip3,Jakmip3,symbol
Dpysl4,Dpysl4,symbol
Stk32c,Stk32c,symbol
Lrrc27,Lrrc27,symbol
Pwwp2b,Pwwp2b,symbol
Inpp5a,Inpp5a,symbol
Nkx6-2,Nkx6-2,symbol
Cfap46,Cfap46,symbol
Adgra1,Adgra1,symbol
Kndc1,Kndc1,symbol
Utf1,Utf1,symbol
Mir202,Mir202,symbol
LOC103691261,LOC103691261,symbol
Adam8,Adam8,symbol
Tubgcp2,Tubgcp2,symbol
Zfp511,Zfp511,symbol
Msx3,Msx3,symbol
LOC102551319,LOC102551319,symbol
Caly,Caly,symbol
Prap1,Prap1,symbol
Fuom,Fuom,symbol
Echs1,Echs1,symbol
Paox,Paox,symbol
Mtg1,Mtg1,symbol
Sprn,Sprn,symbol
Or6ae1,Or6ae1,symbol
Or6f2,Or6f2,symbol
ENSRNOG00000070075,,ensembl
Or6b13,Or6b13,symbol
Scart1,Scart1,symbol
LOC120093064,LOC120093064,symbol
Or13a19b,Or13a19b,symbol
Or13a19,Or13a19,symbol
Or12j2,Or12j2,symbol
Or13a27,Or13a27,symbol
Or12j3,Or12j3,symbol
Or12j2b,Or12j2b,symbol
Or13a19c,Or13a19c,symbol
Or12j4,Or12j4,symbol
Or13a27b,Or13a27b,symbol
Or12j5,Or12j5,symbol
Or13a27c,Or13a27c,symbol
Or13a18,Or13a18,symbol
Or13a23,Or13a23,symbol
Or13a18b,Or13a18b,symbol
Or13a18c,Or13a18c,symbol
Or13a27e,Or13a27e,symbol
Or13a27d,Or13a27d,symbol
Or13a26c,Or13a26c,symbol
Or13a25,Or13a25,symbol
Or13a26b,Or13a26b,symbol
Or13a26,Or13a26,symbol
LOC120100392,LOC120100392,symbol
Cyp2e1,Cyp2e1,symbol
Syce1,Syce1,symbol
ENSRNOG00000063616,,ensembl
ENSRNOG00000064412,,ensembl
RGD1309350,RGD1309350,symbol
AC109844.1,AC109844.1,symbol
Scgb1c1,Scgb1c1,symbol
Odf3,Odf3,symbol
Bet1l,Bet1l,symbol
Ric8a,Ric8a,symbol
Sirt3,Sirt3,symbol
Psmd13,Psmd13,symbol
Nlrp6,Nlrp6,symbol
ENSRNOG00000069434,,ensembl
Pgghg,Pgghg,symbol
Ifitm5,Ifitm5,symbol
Ifitm2,Ifitm2,symbol
Ifitm1,Ifitm1,symbol
Ifitm3,Ifitm3,symbol
Ifitm6,Ifitm6,symbol
ENSRNOG00000069477,,ensembl
B4galnt4,B4galnt4,symbol
Pkp3,Pkp3,symbol
Ano9,Ano9,symbol
Sigirr,Sigirr,symbol
Rnu6-1205,Rnu6-1205,symbol
Ptdss2,Ptdss2,symbol
Rnh1,Rnh1,symbol
LOC120100190,LOC120100190,symbol
Hras,Hras,symbol
Lrrc56,Lrrc56,symbol
Lmntd2,Lmntd2,symbol
Rassf7,Rassf7,symbol
Mir210,Mir210,symbol
Phrf1,Phrf1,symbol
Irf7,Irf7,symbol
Cdhr5,Cdhr5,symbol
Sct,Sct,symbol
Drd4,Drd4,symbol
Deaf1,Deaf1,symbol
Tmem80,Tmem80,symbol
Eps8l2,Eps8l2,symbol
Taldo1,Taldo1,symbol
Gatd1,Gatd1,symbol
Cend1,Cend1,symbol
Slc25a22,Slc25a22,symbol
Pidd1,Pidd1,symbol
Rplp2,Rplp2,symbol
Snora52,Snora52,symbol
Pnpla2,Pnpla2,symbol
Cracr2b,Cracr2b,symbol
AABR07006025.2,AABR07006025.2,symbol
Cd151,Cd151,symbol
AC109542.1,AC109542.1,symbol
Tspan4,Tspan4,symbol
Chid1,Chid1,symbol
Rnu6-317,Rnu6-317,symbol
Ap2a2,Ap2a2,symbol
Muc6,Muc6,symbol
Muc2,Muc2,symbol
Muc5ac,Muc5ac,symbol
Muc5b,Muc5b,symbol
Tollip,Tollip,symbol
Brsk2,Brsk2,symbol
Mob2,Mob2,symbol
Dusp8,Dusp8,symbol
ENSRNOG00000065298,,ensembl
ENSRNOG00000066409,,ensembl
LOC108349671,LOC108349671,symbol
AABR07006049.1,AABR07006049.1,symbol
Krtap5-2,Krtap5-2,symbol
ENSRNOG00000069759,,ensembl
Krtap5-8,Krtap5-8,symbol
Ifitm10,Ifitm10,symbol
Ctsd,Ctsd,symbol
Rnu6-81,Rnu6-81,symbol
Syt8,Syt8,symbol
Tnni2,Tnni2,symbol
Lsp1,Lsp1,symbol
Prr33,Prr33,symbol
Tnnt3,Tnnt3,symbol
Mrpl23,Mrpl23,symbol
ENSRNOG00000062617,,ensembl
H19,H19,symbol
Mir675,Mir675,symbol
Igf2,Igf2,symbol
Mir483,Mir483,symbol
ENSRNOG00000069809,LOC102548568,ensembl
ENSRNOG00000067491,,ensembl
Ins2,Ins2,symbol
Th,Th,symbol
Ascl2,Ascl2,symbol
Tspan32,Tspan32,symbol
Tssc4,Tssc4,symbol
Cd81,Cd81,symbol
Trpm5,Trpm5,symbol
Kcnq1,Kcnq1,symbol
Cdkn1c,Cdkn1c,symbol
Slc22a18,Slc22a18,symbol
Phlda2,Phlda2,symbol
Nap1l4,Nap1l4,symbol
Snora54,Snora54,symbol
Cars1,Cars1,symbol
Tnfrsf26,Tnfrsf26,symbol
Tnfrsf22,Tnfrsf22,symbol
Osbpl5,Osbpl5,symbol
RGD1562011,RGD1562011,symbol
Mrgprg,Mrgprg,symbol
Mrgpre,Mrgpre,symbol
Nadsyn1,Nadsyn1,symbol
Dhcr7,Dhcr7,symbol
LOC102552318,LOC102552318,symbol
Shank2,Shank2,symbol
Cttn,Cttn,symbol
Ppfia1,Ppfia1,symbol
ENSRNOG00000029588,,ensembl
Fadd,Fadd,symbol
Ano1,Ano1,symbol
Fgf3,Fgf3,symbol
Fgf4,Fgf4,symbol
Fgf19,Fgf19,symbol
Lto1,Lto1,symbol
Ccnd1,Ccnd1,symbol
ENSRNOG00000070963,,ensembl
ENSRNOG00000070623,,ensembl
ENSRNOG00000063597,,ensembl
Tpcn2,Tpcn2,symbol
Mrgprf,Mrgprf,symbol
Mrgprd,Mrgprd,symbol
Ighmbp2,Ighmbp2,symbol
Mrpl21,Mrpl21,symbol
Cpt1a,Cpt1a,symbol
Tesmin,Tesmin,symbol
Gal,Gal,symbol
Ppp6r3,Ppp6r3,symbol
Rnu6-993,Rnu6-993,symbol
Lrp5,Lrp5,symbol
RGD1311946,RGD1311946,symbol
AABR07006081.1,AABR07006081.1,symbol
Kmt5b,Kmt5b,symbol
Chka,Chka,symbol
Tcirg1,Tcirg1,symbol
Ndufs8,Ndufs8,symbol
Aldh3b1,Aldh3b1,symbol
Unc93b1,Unc93b1,symbol
LOC120099971,LOC120099971,symbol
ENSRNOG00000066970,Aldh3b3l-ps1,ensembl
ENSRNOG00000069460,,ensembl
Aldh3b2,Aldh3b2,symbol
Tbx10,Tbx10,symbol
Acy3,Acy3,symbol
Nudt8,Nudt8,symbol
Doc2g,Doc2g,symbol
Ndufv1,Ndufv1,symbol
ENSRNOG00000065495,,ensembl
Gstp1,Gstp1,symbol
Gstp3,Gstp3,symbol
Cabp2,Cabp2,symbol
Cdk2ap2,Cdk2ap2,symbol
Pitpnm1,Pitpnm1,symbol
Aip,Aip,symbol
Tmem134,Tmem134,symbol
Cabp4,Cabp4,symbol
Gpr152,Gpr152,symbol
Coro1b,Coro1b,symbol
Ptprcap,Ptprcap,symbol
Rps6kb2,Rps6kb2,symbol
Carns1,Carns1,symbol
Tbc1d10c,Tbc1d10c,symbol
Ppp1ca,Ppp1ca,symbol
Rad9a,Rad9a,symbol
Clcf1,Clcf1,symbol
Pold4,Pold4,symbol
Ssh3,Ssh3,symbol
Ankrd13d,Ankrd13d,symbol
Grk2,Grk2,symbol
Kdm2a,Kdm2a,symbol
LOC120100386,LOC120100386,symbol
Rhod,Rhod,symbol
Syt12,Syt12,symbol
LOC689065,LOC689065,symbol
ENSRNOG00000066174,,ensembl
Pc,Pc,symbol
Lrfn4,Lrfn4,symbol
AC119332.1,AC119332.1,symbol
Rce1,Rce1,symbol
Sptbn2,Sptbn2,symbol
LOC120099976,LOC120099976,symbol
Rbm4b,Rbm4b,symbol
ENSRNOG00000066567,,ensembl
Rbm14,Rbm14,symbol
Rbm4,Rbm4,symbol
AC126581.1,AC126581.1,symbol
Ccs,Ccs,symbol
Ccdc87,Ccdc87,symbol
Ctsf,Ctsf,symbol
Actn3,Actn3,symbol
Zdhhc24,Zdhhc24,symbol
Bbs1,Bbs1,symbol
Dpp3,Dpp3,symbol
Peli3,Peli3,symbol
mrpl11,mrpl11,symbol
Npas4,Npas4,symbol
LOC120100403,LOC120100403,symbol
Slc29a2,Slc29a2,symbol
B4gat1,B4gat1,symbol
Brms1,Brms1,symbol
Rin1,Rin1,symbol
LOC108348067,LOC108348067,symbol
Tmem151a,Tmem151a,symbol
Yif1a,Yif1a,symbol
Cnih2,Cnih2,symbol
Rab1b,Rab1b,symbol
Klc2,Klc2,symbol
Pacs1,Pacs1,symbol
AABR07006111.1,AABR07006111.1,symbol
Sf3b2,Sf3b2,symbol
Gal3st3,Gal3st3,symbol
Catsper1,Catsper1,symbol
Cst6,Cst6,symbol
Banf1,Banf1,symbol
Eif1ad,Eif1ad,symbol
Sart1,Sart1,symbol
Tsga10ip,Tsga10ip,symbol
Drap1,Drap1,symbol
Bles03,Bles03,symbol
Fosl1,Fosl1,symbol
Ccdc85b,Ccdc85b,symbol
Fibp,Fibp,symbol
Ctsw,Ctsw,symbol
Efemp2,Efemp2,symbol
Cfl1,Cfl1,symbol
Mus81,Mus81,symbol
Snx32,Snx32,symbol
LOC102551929,LOC102551929,symbol
Ovol1,Ovol1,symbol
Ap5b1,Ap5b1,symbol
Rnaseh2c,Rnaseh2c,symbol
Kat5,Kat5,symbol
Rela,Rela,symbol
Sipa1,Sipa1,symbol
Pcnx3,Pcnx3,symbol
Map3k11,Map3k11,symbol
Kcnk7,Kcnk7,symbol
Ehbp1l1,Ehbp1l1,symbol
Fam89b,Fam89b,symbol
Znrd2,Znrd2,symbol
Ltbp3,Ltbp3,symbol
Scyl1,Scyl1,symbol
Frmd8,Frmd8,symbol
Slc25a45,Slc25a45,symbol
LOC120100409,LOC120100409,symbol
Tigd3,Tigd3,symbol
Dpf2,Dpf2,symbol
Cdc42ep2,Cdc42ep2,symbol
Pola2,Pola2,symbol
Slc22a20,Slc22a20,symbol
Capn1,Capn1,symbol
LOC108349685,LOC108349685,symbol
Mrpl49,Mrpl49,symbol
Syvn1,Syvn1,symbol
LOC687780,LOC687780,symbol
Znhit2,Znhit2,symbol
Tm7sf2,Tm7sf2,symbol
Vps51,Vps51,symbol
Mir6315,Mir6315,symbol
Tmem262,Tmem262,symbol
Zfpl1,Zfpl1,symbol
Cdca5,Cdca5,symbol
Naaladl1,Naaladl1,symbol
Sac3d1,Sac3d1,symbol
Snx15,Snx15,symbol
Arl2,Arl2,symbol
Batf2,Batf2,symbol
Majin,Majin,symbol
Gpha2,Gpha2,symbol
Ppp2r5b,Ppp2r5b,symbol
Atg2a,Atg2a,symbol
Mir194-2,Mir194-2,symbol
Mir192,Mir192,symbol
Ehd1,Ehd1,symbol
Cdc42bpg,Cdc42bpg,symbol
Men1,Men1,symbol
Map4k2,Map4k2,symbol
LOC120100224,LOC120100224,symbol
ENSRNOG00000070624,,ensembl
ENSRNOG00000062615,,ensembl
Sf1,Sf1,symbol
ENSRNOG00000062675,,ensembl
ENSRNOG00000065560,,ensembl
Pygm,Pygm,symbol
Rasgrp2,Rasgrp2,symbol
Nrxn2,Nrxn2,symbol
Slc22a12,Slc22a12,symbol
AC126897.1,AC126897.1,symbol
Rps6ka4,Rps6ka4,symbol
Ccdc88b,Ccdc88b,symbol
AC098622.1,AC098622.1,symbol
Prdx5,Prdx5,symbol
Esrra,Esrra,symbol
Kcnk4,Kcnk4,symbol
Gpr137,Gpr137,symbol
Bad,Bad,symbol
Plcb3,Plcb3,symbol
Ppp1r14b,Ppp1r14b,symbol
Fkbp2,Fkbp2,symbol
Vegfb,Vegfb,symbol
Dnajc4,Dnajc4,symbol
Stip1,Stip1,symbol
Nudt22,Nudt22,symbol
Trpt1,Trpt1,symbol
Fermt3,Fermt3,symbol
Macrod1,Macrod1,symbol
Flrt1,Flrt1,symbol
Otub1,Otub1,symbol
Naa40,Naa40,symbol
Hnrnpr-ps2,Hnrnpr-ps2,symbol
Rcor2,Rcor2,symbol
Mark2,Mark2,symbol
ENSRNOG00000063305,,ensembl
Spindoc,Spindoc,symbol
Zfta,Zfta,symbol
Rtn3,Rtn3,symbol
Atl3,Atl3,symbol
ENSRNOG00000066743,,ensembl
Plaat3,Plaat3,symbol
Lgals12,Lgals12,symbol
Plaat5,Plaat5,symbol
Slc22a24,Slc22a24,symbol
Dnajb6-ps10,Dnajb6-ps10,symbol
UST4r,UST4r,symbol
Ust5r,Ust5r,symbol
Slc22a25,Slc22a25,symbol
ENSRNOG00000069966,,ensembl
Slc22a8,Slc22a8,symbol
Slc22a6,Slc22a6,symbol
Chrm1,Chrm1,symbol
Slc3a2,Slc3a2,symbol
LOC100912041,LOC100912041,symbol
ENSRNOG00000067218,,ensembl
Snord26,Snord26,symbol
Snord27,Snord27,symbol
Snord28b,Snord28b,symbol
LOC120100227,LOC120100227,symbol
Snord30,Snord30,symbol
LOC120100232,LOC120100232,symbol
LOC120100233,LOC120100233,symbol
LOC690251,LOC690251,symbol
LOC120100486,LOC120100486,symbol
Wdr74,Wdr74,symbol
LOC120099984,LOC120099984,symbol
Stx5,Stx5,symbol
Nxf1,Nxf1,symbol
Tmem223,Tmem223,symbol
Tmem179b,Tmem179b,symbol
Taf6l,Taf6l,symbol
Zbtb3,Zbtb3,symbol
Polr2g,Polr2g,symbol
Ttc9c,Ttc9c,symbol
Hnrnpul2,Hnrnpul2,symbol
ENSRNOG00000062713,,ensembl
Gng3,Gng3,symbol
Bscl2,Bscl2,symbol
Ubxn1,Ubxn1,symbol
Uqcc3,Uqcc3,symbol
Gm49403,Gm49403,symbol
LOC120100346,LOC120100346,symbol
C1h11orf98,C1h11orf98,symbol
Ints5,Ints5,symbol
Ganab,Ganab,symbol
B3gat3,B3gat3,symbol
Rom1,Rom1,symbol
Mta2,Mta2,symbol
Tut1,Tut1,symbol
Eef1g,Eef1g,symbol
Ahnak,Ahnak,symbol
LOC120100111,LOC120100111,symbol
Scgb1a1,Scgb1a1,symbol
Asrgl1,Asrgl1,symbol
Scgb1d2,Scgb1d2,symbol
Scgb1d4,Scgb1d4,symbol
Scgb2a1,Scgb2a1,symbol
AABR07006242.1,AABR07006242.1,symbol
Scgb2a1,Scgb2a1,symbol
ENSRNOG00000062718,,ensembl
Incenp,Incenp,symbol
ENSRNOG00000069975,,ensembl
ENSRNOG00000068051,,ensembl
Fth1,Fth1,symbol
Best1,Best1,symbol
AABR07006255.1,AABR07006255.1,symbol
Rab3il1,Rab3il1,symbol
Fads3,Fads3,symbol
Fads2,Fads2,symbol
Fads1,Fads1,symbol
Fen1,Fen1,symbol
Myrf,Myrf,symbol
Dagla,Dagla,symbol
LOC108349691,LOC108349691,symbol
Lrrc10b,Lrrc10b,symbol
Syt7,Syt7,symbol
Ppp1r32,Ppp1r32,symbol
Sdhaf2,Sdhaf2,symbol
Cpsf7,Cpsf7,symbol
Tmem216,Tmem216,symbol
LOC120100437,LOC120100437,symbol
Cyb561a3,Cyb561a3,symbol
Tkfc,Tkfc,symbol
Ddb1,Ddb1,symbol
Vwce,Vwce,symbol
Pga5,Pga5,symbol
Vps37c,Vps37c,symbol
Cd5,Cd5,symbol
Cd6,Cd6,symbol
ENSRNOG00000069981,,ensembl
Slc15a3,Slc15a3,symbol
Tmem132a,Tmem132a,symbol
Tmem109,Tmem109,symbol
Prpf19,Prpf19,symbol
Zp1,Zp1,symbol
Ptgdr2,Ptgdr2,symbol
Ccdc86,Ccdc86,symbol
Ms4a10,Ms4a10,symbol
Ms4a15,Ms4a15,symbol
Ms4a18,Ms4a18,symbol
ENSRNOG00000069558,,ensembl
Ms4a8,Ms4a8,symbol
LOC102557108,LOC102557108,symbol
LOC100912336,LOC100912336,symbol
Ms4a13-ps1,Ms4a13-ps1,symbol
Ms4a12,Ms4a12,symbol
Ms4a1,Ms4a1,symbol
Ms4a5,Ms4a5,symbol
Ms4a14,Ms4a14,symbol
Ms4a7,Ms4a7,symbol
Ms4a4a,Ms4a4a,symbol
AABR07033745.1,AABR07033745.1,symbol
Ms4a4c,Ms4a4c,symbol
Ms4a6c,Ms4a6c,symbol
LOC690862,LOC690862,symbol
Ms4a6bl,Ms4a6bl,symbol
Ms4a6b,Ms4a6b,symbol
Ms4a4c-ps1,Ms4a4c-ps1,symbol
Ms4a6a,Ms4a6a,symbol
LOC120100458,LOC120100458,symbol
Ms4a2,Ms4a2,symbol
Ms4a3,Ms4a3,symbol
Oosp2,Oosp2,symbol
AABR07006283.1,AABR07006283.1,symbol
LOC120098508,LOC120098508,symbol
Cblif,Cblif,symbol
Mrpl16,Mrpl16,symbol
Stx3,Stx3,symbol
LOC120100478,LOC120100478,symbol
Or10v9,Or10v9,symbol
ENSRNOG00000064229,,ensembl
Or10v9b,Or10v9b,symbol
LOC120100495,LOC120100495,symbol
Or10v1,Or10v1,symbol
Patl1,Patl1,symbol
LOC120100442,LOC120100442,symbol
LOC120100383,LOC120100383,symbol
LOC120100388,LOC120100388,symbol
AABR07063632.1,AABR07063632.1,symbol
Osbp,Osbp,symbol
Polr2k-ps2,Polr2k-ps2,symbol
Or4d11,Or4d11,symbol
Or4d10,Or4d10,symbol
Or4d10c,Or4d10c,symbol
Or4z4,Or4z4,symbol
Or4d6,Or4d6,symbol
Or5a1,Or5a1,symbol
Or5bb12,Or5bb12,symbol
Or5an9,Or5an9,symbol
Or5an1,Or5an1,symbol
Or5an10,Or5an10,symbol
Or5a21,Or5a21,symbol
Or5an1b,Or5an1b,symbol
Or5an6,Or5an6,symbol
Or5a3,Or5a3,symbol
Pfpl,Pfpl,symbol
Mpeg1,Mpeg1,symbol
Dtx4,Dtx4,symbol
LOC691074,LOC691074,symbol
Fam111a,Fam111a,symbol
Glyatl1,Glyatl1,symbol
Glyat,Glyat,symbol
Olr1442l1,Olr1442l1,symbol
Or5b95,Or5b95,symbol
Glyatl2,Glyatl2,symbol
Cntf,Cntf,symbol
Zfp91,Zfp91,symbol
Lpxn,Lpxn,symbol
LOC120100482,LOC120100482,symbol
Or5b21,Or5b21,symbol
Or5b12b,Or5b12b,symbol
Or5b96,Or5b96,symbol
ENSRNOG00000066192,,ensembl
Or5b12,Or5b12,symbol
Or5b24,Or5b24,symbol
AC098125.1,AC098125.1,symbol
Or5b99,Or5b99,symbol
Or5b100,Or5b100,symbol
Or5b102,Or5b102,symbol
Or5b104,Or5b104,symbol
ENSRNOG00000068574,,ensembl
Cct7-ps1,Cct7-ps1,symbol
ENSRNOG00000066038,,ensembl
Or5b107b-ps1,Or5b107b-ps1,symbol
Or5b105,Or5b105,symbol
Or5b116b,Or5b116b,symbol
Or5b123b,Or5b123b,symbol
Or5b127-ps1,Or5b127-ps1,symbol
Or5b106,Or5b106,symbol
Or5b107,Or5b107,symbol
Or5b109,Or5b109,symbol
Or5b113,Or5b113,symbol
Or5b114,Or5b114,symbol
Or5b3,Or5b3,symbol
LOC687097,LOC687097,symbol
Or5b116,Or5b116,symbol
LOC120100118,LOC120100118,symbol
Or5b124b-ps1,Or5b124b-ps1,symbol
Or5b123,Or5b123,symbol
Or5b124c-ps1,Or5b124c-ps1,symbol
Or5b124,Or5b124,symbol
Or10w1,Or10w1,symbol
Or10w3,Or10w3,symbol
Or10q1,Or10q1,symbol
Or10q12,Or10q12,symbol
Or1s2,Or1s2,symbol
Or9q2,Or9q2,symbol
Or9i13,Or9i13,symbol
Or9q1,Or9q1,symbol
Or9i16,Or9i16,symbol
Or9i1-ps1,Or9i1-ps1,symbol
Or9i14,Or9i14,symbol
Or9i2,Or9i2,symbol
Or9i1b,Or9i1b,symbol
ENSRNOG00000069374,,ensembl
Tle4,Tle4,symbol
ENSRNOG00000070940,,ensembl
Rnu12-2,Rnu12-2,symbol
LOC120100345,LOC120100345,symbol
ENSRNOG00000065005,,ensembl
Psat1,Psat1,symbol
Cep78,Cep78,symbol
Gnaq,Gnaq,symbol
ENSRNOG00000066426,,ensembl
ENSRNOG00000063937,Gnaq,ensembl
Gna14,Gna14,symbol
Vps13a,Vps13a,symbol
Foxb2,Foxb2,symbol
Prune2,Prune2,symbol
ENSRNOG00000067172,,ensembl
ENSRNOG00000066091,,ensembl
Gcnt1,Gcnt1,symbol
LOC120099997,LOC120099997,symbol
Rfk,Rfk,symbol
Pcsk5,Pcsk5,symbol
LOC120100483,LOC120100483,symbol
Rnu6-1267,Rnu6-1267,symbol
LOC120100429,LOC120100429,symbol
Ostf1,Ostf1,symbol
Nmrk1,Nmrk1,symbol
Carnmt1,Carnmt1,symbol
C1h9orf40,C1h9orf40,symbol
ENSRNOG00000063173,,ensembl
Trpm6,Trpm6,symbol
Rorb,Rorb,symbol
LOC108349792,LOC108349792,symbol
LOC120100427,LOC120100427,symbol
ENSRNOG00000063861,,ensembl
ENSRNOG00000069399,,ensembl
RGD1563931,RGD1563931,symbol
Anxa1,Anxa1,symbol
Aldh1a1,Aldh1a1,symbol
Aldh1a7,Aldh1a7,symbol
Tmc1,Tmc1,symbol
ENSRNOG00000068792,,ensembl
Zfand5,Zfand5,symbol
ENSRNOG00000064879,LOC103691306,ensembl
Gda,Gda,symbol
LOC120100370,LOC120100370,symbol
C1h9orf57,C1h9orf57,symbol
LOC120100414,LOC120100414,symbol
C1h9orf85,C1h9orf85,symbol
Abhd17b,Abhd17b,symbol
AABR07006542.2,AABR07006542.2,symbol
ENSRNOG00000066149,,ensembl
Cemip2,Cemip2,symbol
Trpm3,Trpm3,symbol
LOC120100459,LOC120100459,symbol
LOC120100428,LOC120100428,symbol
Mir204,Mir204,symbol
LOC120100003,LOC120100003,symbol
Klf9,Klf9,symbol
Smc5,Smc5,symbol
Rnu6-806,Rnu6-806,symbol
Mamdc2,Mamdc2,symbol
LOC120100498,LOC120100498,symbol
Cfap95,Cfap95,symbol
LOC120100401,LOC120100401,symbol
LOC120100460,LOC120100460,symbol
Ptar1,Ptar1,symbol
ENSRNOG00000070479,,ensembl
Rnu6-65,Rnu6-65,symbol
Apba1,Apba1,symbol
ENSRNOG00000066155,,ensembl
Entrep1,Entrep1,symbol
LOC120100127,LOC120100127,symbol
Tjp2,Tjp2,symbol
Fxn,Fxn,symbol
Pip5k1b,Pip5k1b,symbol
Pabir1,Pabir1,symbol
Tmem252,Tmem252,symbol
Pgm5,Pgm5,symbol
Foxd4,Foxd4,symbol
Zng1a,Zng1a,symbol
LOC102556915,LOC102556915,symbol
ENSRNOG00000065878,,ensembl
ENSRNOG00000065203,,ensembl
Dock8,Dock8,symbol
Hmgb1-ps4,Hmgb1-ps4,symbol
LOC120100363,LOC120100363,symbol
Kank1,Kank1,symbol
Dmrt1,Dmrt1,symbol
Dmrt3,Dmrt3,symbol
Dmrt2,Dmrt2,symbol
ENSRNOG00000062555,,ensembl
ENSRNOG00000063114,,ensembl
Smarca2,Smarca2,symbol
ENSRNOG00000069446,,ensembl
Vldlr,Vldlr,symbol
ENSRNOG00000067163,,ensembl
ENSRNOG00000062591,,ensembl
Kcnv2,Kcnv2,symbol
Pum3,Pum3,symbol
LOC102555808,LOC102555808,symbol
Rfx3,Rfx3,symbol
LOC120100479,LOC120100479,symbol
LOC120100391,LOC120100391,symbol
ENSRNOG00000066761,,ensembl
Rnu6-613,Rnu6-613,symbol
Glis3,Glis3,symbol
ENSRNOG00000062989,,ensembl
ENSRNOG00000070929,,ensembl
AABR07006685.1,AABR07006685.1,symbol
Rnu6-525,Rnu6-525,symbol
Slc1a1,Slc1a1,symbol
RNaseP_nuc,RNaseP_nuc,symbol
ENSRNOG00000065811,,ensembl
Spata6l,Spata6l,symbol
Plpp6,Plpp6,symbol
RGD1565057,RGD1565057,symbol
Cdc37l1,Cdc37l1,symbol
Ak3,Ak3,symbol
Rcl1,Rcl1,symbol
Mir101-2,Mir101-2,symbol
Jak2,Jak2,symbol
Insl6,Insl6,symbol
Rln1,Rln1,symbol
Plgrkt,Plgrkt,symbol
Cd274,Cd274,symbol
Pdcd1lg2,Pdcd1lg2,symbol
Ric1,Ric1,symbol
ENSRNOG00000068916,,ensembl
Ermp1,Ermp1,symbol
Mlana,Mlana,symbol
RGD1311595,RGD1311595,symbol
Ranbp6,Ranbp6,symbol
Il33,Il33,symbol
LOC120100267,LOC120100267,symbol
Tpd52l3,Tpd52l3,symbol
ENSRNOG00000067570,,ensembl
AABR07006688.2,AABR07006688.2,symbol
AABR07006688.1,AABR07006688.1,symbol
Uhrf2,Uhrf2,symbol
Gldc,Gldc,symbol
Chchd4,Chchd4,symbol
AABR07006691.1,AABR07006691.1,symbol
Dkk1,Dkk1,symbol
Prkg1,Prkg1,symbol
LOC120100441,LOC120100441,symbol
Cstf2t,Cstf2t,symbol
A1cf,A1cf,symbol
Asah2,Asah2,symbol
Sgms1,Sgms1,symbol
LOC120100406,LOC120100406,symbol
AABR07006740.1,AABR07006740.1,symbol
ENSRNOG00000070101,,ensembl
Minpp1,Minpp1,symbol
LOC120100113,LOC120100113,symbol
LOC120100289,LOC120100289,symbol
Papss2,Papss2,symbol
Atad1,Atad1,symbol
Pten,Pten,symbol
ENSRNOG00000062328,,ensembl
AC094647.1,AC094647.1,symbol
LOC102548095,LOC102548095,symbol
Rnls,Rnls,symbol
LOC120100359,LOC120100359,symbol
LOC120100496,LOC120100496,symbol
Lipo1,Lipo1,symbol
Lipj,Lipj,symbol
Lipf,Lipf,symbol
Lipk,Lipk,symbol
Lipn,Lipn,symbol
Lipm,Lipm,symbol
Ankrd22,Ankrd22,symbol
Stambpl1,Stambpl1,symbol
Acta2,Acta2,symbol
Fas,Fas,symbol
LOC120100158,LOC120100158,symbol
Ch25h,Ch25h,symbol
Lipa,Lipa,symbol
Ifit2,Ifit2,symbol
Ifit3,Ifit3,symbol
Ifit1bl,Ifit1bl,symbol
Ifit1,Ifit1,symbol
LOC120100208,LOC120100208,symbol
Slc16a12,Slc16a12,symbol
Pank1,Pank1,symbol
Mir107,Mir107,symbol
Kif20b,Kif20b,symbol
ENSRNOG00000067512,Ears2l1,ensembl
ENSRNOG00000065783,,ensembl
LOC120100445,LOC120100445,symbol
ENSRNOG00000067881,,ensembl
LOC120100195,LOC120100195,symbol
LOC120100447,LOC120100447,symbol
LOC120100148,LOC120100148,symbol
LOC120100436,LOC120100436,symbol
Htr7,Htr7,symbol
Rpp30,Rpp30,symbol
Ankrd1,Ankrd1,symbol
ENSRNOG00000064807,,ensembl
Pcgf5,Pcgf5,symbol
Hectd2,Hectd2,symbol
Ppp1r3c,Ppp1r3c,symbol
LOC120100493,LOC120100493,symbol
Tnks2,Tnks2,symbol
Fgfbp3,Fgfbp3,symbol
Btaf1,Btaf1,symbol
Cpeb3,Cpeb3,symbol
Marchf5,Marchf5,symbol
LOC120100185,LOC120100185,symbol
Ide,Ide,symbol
Kif11,Kif11,symbol
Hhex,Hhex,symbol
Exoc6,Exoc6,symbol
Cyp26c1,Cyp26c1,symbol
Cyp26a1,Cyp26a1,symbol
Myof,Myof,symbol
Cep55,Cep55,symbol
Ffar4,Ffar4,symbol
Rbp4,Rbp4,symbol
Pde6c,Pde6c,symbol
Fra10ac1,Fra10ac1,symbol
Lgi1,Lgi1,symbol
Slc35g1,Slc35g1,symbol
Plce1,Plce1,symbol
Noc3l,Noc3l,symbol
Tbc1d12,Tbc1d12,symbol
Hells,Hells,symbol
Cyp2c11,Cyp2c11,symbol
Cyp2c24,Cyp2c24,symbol
Rnu6-571,Rnu6-571,symbol
LOC100361492,LOC100361492,symbol
LOC100912265,LOC100912265,symbol
Cyp2c6v1,Cyp2c6v1,symbol
LOC120100168,LOC120100168,symbol
Cyp2c7,Cyp2c7,symbol
LOC120100152,LOC120100152,symbol
LOC120093077,LOC120093077,symbol
LOC120100165,LOC120100165,symbol
LOC120100177,LOC120100177,symbol
ENSRNOG00000065743,Cyp2c7l1,ensembl
LOC120100179,LOC120100179,symbol
AABR07004560.1,AABR07004560.1,symbol
ENSRNOG00000069055,Cyp2c6-ps1,ensembl
Cyp2c6_v1-ps2,Cyp2c6_v1-ps2,symbol
ENSRNOG00000067792,,ensembl
Cyp2c12,Cyp2c12,symbol
Cyp2c13,Cyp2c13,symbol
LOC120100134,LOC120100134,symbol
ENSRNOG00000067782,,ensembl
Cyp2c22,Cyp2c22,symbol
Pdlim1,Pdlim1,symbol
Sorbs1,Sorbs1,symbol
Aldh18a1,Aldh18a1,symbol
Mir6317,Mir6317,symbol
Tctn3,Tctn3,symbol
Entpd1,Entpd1,symbol
Cc2d2b,Cc2d2b,symbol
LOC120100114,LOC120100114,symbol
Zfp518a,Zfp518a,symbol
Blnk,Blnk,symbol
Dntt,Dntt,symbol
Opalin,Opalin,symbol
Tll2,Tll2,symbol
Tm9sf3,Tm9sf3,symbol
Pik3ap1,Pik3ap1,symbol
AC096301.1,AC096301.1,symbol
ENSRNOG00000067339,,ensembl
Lcor,Lcor,symbol
ENSRNOG00000067663,,ensembl
Slit1,Slit1,symbol
Arhgap19,Arhgap19,symbol
Frat1,Frat1,symbol
Frat2,Frat2,symbol
Rrp12,Rrp12,symbol
Pgam1,Pgam1,symbol
Exosc1,Exosc1,symbol
Zdhhc16,Zdhhc16,symbol
Mms19,Mms19,symbol
LOC120100188,LOC120100188,symbol
Ubtd1,Ubtd1,symbol
Ankrd2,Ankrd2,symbol
Hoga1,Hoga1,symbol
MGC93861,MGC93861,symbol
Morn4,Morn4,symbol
Pi4k2a,Pi4k2a,symbol
Avpi1,Avpi1,symbol
Marveld1,Marveld1,symbol
Zfyve27,Zfyve27,symbol
Sfrp5,Sfrp5,symbol
AABR07006871.1,AABR07006871.1,symbol
Golga7b,Golga7b,symbol
Crtac1,Crtac1,symbol
Mir3085,Mir3085,symbol
R3hcc1l,R3hcc1l,symbol
Loxl4,Loxl4,symbol
LOC120100456,LOC120100456,symbol
Pyroxd2,Pyroxd2,symbol
Hps1,Hps1,symbol
Hpse2,Hpse2,symbol
ENSRNOG00000065211,,ensembl
Cnnm1,Cnnm1,symbol
Got1,Got1,symbol
Nkx2-3,Nkx2-3,symbol
Slc25a28,Slc25a28,symbol
Entpd7,Entpd7,symbol
Cox15,Cox15,symbol
Cutc,Cutc,symbol
Abcc2,Abcc2,symbol
ENSRNOG00000067490,,ensembl
Dnmbp,Dnmbp,symbol
Cpn1,Cpn1,symbol
Cyp2c23,Cyp2c23,symbol
Erlin1,Erlin1,symbol
Chuk,Chuk,symbol
Cwf19l1,Cwf19l1,symbol
Snora12,Snora12,symbol
Bloc1s2,Bloc1s2,symbol
Pkd2l1,Pkd2l1,symbol
Rnu6-630,Rnu6-630,symbol
LOC681458,LOC681458,symbol
LOC108349475,LOC108349475,symbol
Scd2,Scd2,symbol
Scd4,Scd4,symbol
Scd,Scd,symbol
LOC120100217,LOC120100217,symbol
Wnt8b,Wnt8b,symbol
Sec31b,Sec31b,symbol
Ndufb8,Ndufb8,symbol
Hif1an,Hif1an,symbol
ENSRNOG00000067556,,ensembl
Pax2,Pax2,symbol
LOC120100110,LOC120100110,symbol
Slf2,Slf2,symbol
Rnu6-588,Rnu6-588,symbol
AC121209.1,AC121209.1,symbol
Sema4g,Sema4g,symbol
Mrpl43,Mrpl43,symbol
Twnk,Twnk,symbol
Lzts2,Lzts2,symbol
Pdzd7,Pdzd7,symbol
Sfxn3,Sfxn3,symbol
ENSRNOG00000071129,,ensembl
ENSRNOG00000070853,,ensembl
Kazald1,Kazald1,symbol
Tlx1,Tlx1,symbol
Lbx1,Lbx1,symbol
ENSRNOG00000069950,,ensembl
Btrc,Btrc,symbol
Poll,Poll,symbol
Dpcd,Dpcd,symbol
Fbxw4,Fbxw4,symbol
Fgf8,Fgf8,symbol
Npm3,Npm3,symbol
Oga,Oga,symbol
Kcnip2,Kcnip2,symbol
Armh3,Armh3,symbol
Hps6,Hps6,symbol
Ldb1,Ldb1,symbol
Pprc1,Pprc1,symbol
Nolc1,Nolc1,symbol
Elovl3,Elovl3,symbol
Pitx3,Pitx3,symbol
Gbf1,Gbf1,symbol
LOC120100126,LOC120100126,symbol
Nfkb2,Nfkb2,symbol
Psd,Psd,symbol
Fbxl15,Fbxl15,symbol
Cuedc2,Cuedc2,symbol
Mir146b,Mir146b,symbol
C1H10orf95,C1H10orf95,symbol
Mfsd13a,Mfsd13a,symbol
Actr1a,Actr1a,symbol
Sufu,Sufu,symbol
Trim8,Trim8,symbol
Arl3,Arl3,symbol
Sfxn2,Sfxn2,symbol
Wbp1l,Wbp1l,symbol
Cyp17a1,Cyp17a1,symbol
Borcs7,Borcs7,symbol
As3mt,As3mt,symbol
Cnnm2,Cnnm2,symbol
Nt5c2,Nt5c2,symbol
Ina,Ina,symbol
Pcgf6,Pcgf6,symbol
Taf5,Taf5,symbol
Atp5mk,Atp5mk,symbol
Pdcd11,Pdcd11,symbol
Calhm2,Calhm2,symbol
Calhm1,Calhm1,symbol
Calhm3,Calhm3,symbol
Neurl1,Neurl1,symbol
ENSRNOG00000066399,,ensembl
Sh3pxd2a,Sh3pxd2a,symbol
Stn1,Stn1,symbol
Slk,Slk,symbol
ENSRNOG00000062327,,ensembl
Col17a1,Col17a1,symbol
Sfr1,Sfr1,symbol
LOC120100451,LOC120100451,symbol
Rnu6-982,Rnu6-982,symbol
Cfap43,Cfap43,symbol
Gsto1,Gsto1,symbol
Gsto2,Gsto2,symbol
Itprip,Itprip,symbol
Mir3584,Mir3584,symbol
Cfap58,Cfap58,symbol
Sorcs3,Sorcs3,symbol
LOC120100433,LOC120100433,symbol
LOC120100408,LOC120100408,symbol
Sorcs1,Sorcs1,symbol
LOC120100146,LOC120100146,symbol
Ins1,Ins1,symbol
ENSRNOG00000068067,Olr385,ensembl
RGD1561333,RGD1561333,symbol
Xpnpep1,Xpnpep1,symbol
Add3,Add3,symbol
Mxi1,Mxi1,symbol
Smndc1,Smndc1,symbol
LOC120100378,LOC120100378,symbol
ENSRNOG00000070318,LOC134485250,ensembl
Dusp5,Dusp5,symbol
ENSRNOG00000062703,,ensembl
Rps12l2,Rps12l2,symbol
Smc3,Smc3,symbol
Rbm20,Rbm20,symbol
LOC102554666,LOC102554666,symbol
Pdcd4,Pdcd4,symbol
Bbip1,Bbip1,symbol
Shoc2,Shoc2,symbol
LOC120100368,LOC120100368,symbol
Adra2a,Adra2a,symbol
ENSRNOG00000064639,,ensembl
ENSRNOG00000066467,,ensembl
Gpam,Gpam,symbol
Tectb,Tectb,symbol
Gucy2g,Gucy2g,symbol
Acsl5,Acsl5,symbol
Zdhhc6,Zdhhc6,symbol
Vti1a,Vti1a,symbol
Tcf7l2,Tcf7l2,symbol
LOC120100434,LOC120100434,symbol
Habp2,Habp2,symbol
Nrap,Nrap,symbol
Casp7,Casp7,symbol
Plekhs1,Plekhs1,symbol
LOC120100457,LOC120100457,symbol
Dclre1a,Dclre1a,symbol
Nhlrc2,Nhlrc2,symbol
Adrb1,Adrb1,symbol
Ccdc186,Ccdc186,symbol
Tdrd1,Tdrd1,symbol
Vwa2,Vwa2,symbol
Afap1l2,Afap1l2,symbol
AABR07007032.1,AABR07007032.1,symbol
Fhip2a,Fhip2a,symbol
Mir6316,Mir6316,symbol
Trub1,Trub1,symbol
ENSRNOG00000068699,,ensembl
Atrnl1,Atrnl1,symbol
Gfra1,Gfra1,symbol
Ccdc172,Ccdc172,symbol
Pnlip,Pnlip,symbol
Pnliprp1,Pnliprp1,symbol
Pnliprp2,Pnliprp2,symbol
LOC681006,LOC681006,symbol
Hspa12a,Hspa12a,symbol
ENSRNOG00000068353,,ensembl
Eno4,Eno4,symbol
Shtn1,Shtn1,symbol
LOC120100404,LOC120100404,symbol
Vax1,Vax1,symbol
AABR07007088.1,AABR07007088.1,symbol
Kcnk18,Kcnk18,symbol
Slc18a2,Slc18a2,symbol
Pdzd8,Pdzd8,symbol
LOC120100068,LOC120100068,symbol
ENSRNOG00000071003,,ensembl
ENSRNOG00000065957,LOC120100068,ensembl
Emx2,Emx2,symbol
LOC120100142,LOC120100142,symbol
Rab11fip2,Rab11fip2,symbol
Fam204a,Fam204a,symbol
Prlhr,Prlhr,symbol
ENSRNOG00000065260,,ensembl
Cacul1,Cacul1,symbol
LOC100359574,LOC100359574,symbol
AABR07007121.1,AABR07007121.1,symbol
Nanos1,Nanos1,symbol
Eif3a,Eif3a,symbol
ENSRNOG00000069629,,ensembl
LOC120093054,LOC120093054,symbol
Dennd10,Dennd10,symbol
Sfxn4,Sfxn4,symbol
Prdx3,Prdx3,symbol
Grk5,Grk5,symbol
LOC120100371,LOC120100371,symbol
LOC102550291,LOC102550291,symbol
Rnu6-28,Rnu6-28,symbol
LOC102550729,LOC102550729,symbol
RGD1563099,RGD1563099,symbol
Ces2i,Ces2i,symbol
Ces2c,Ces2c,symbol
LOC120101164,LOC120101164,symbol
LOC120101197,LOC120101197,symbol
ENSRNOG00000068099,,ensembl
LOC120101110,LOC120101110,symbol
LOC120101120,LOC120101120,symbol
ENSRNOG00000068515,,ensembl
ENSRNOG00000062889,,ensembl
ENSRNOG00000066598,,ensembl
LOC120101153,LOC120101153,symbol
ENSRNOG00000068420,,ensembl
ENSRNOG00000063930,,ensembl
ENSRNOG00000062880,,ensembl
LOC120101131,LOC120101131,symbol
ENSRNOG00000070905,,ensembl
ENSRNOG00000062736,,ensembl
LOC120101316,LOC120101316,symbol
ENSRNOG00000067984,,ensembl
LOC120101142,LOC120101142,symbol
LOC120101393,LOC120101393,symbol
LOC120101109,LOC120101109,symbol
LOC120101186,LOC120101186,symbol
LOC100911848,LOC100911848,symbol
LOC120101175,LOC120101175,symbol
ENSRNOG00000063298,,ensembl
LOC120100542,LOC120100542,symbol
LOC120101382,LOC120101382,symbol
ENSRNOG00000069403,,ensembl
Erap1,Erap1,symbol
Cast,Cast,symbol
Rnu6-1303,Rnu6-1303,symbol
Pcsk1,Pcsk1,symbol
LOC120101242,LOC120101242,symbol
ENSRNOG00000064329,,ensembl
Ell2,Ell2,symbol
ENSRNOG00000066816,,ensembl
AC097153.2,AC097153.2,symbol
ENSRNOG00000064002,,ensembl
Glrx,Glrx,symbol
Rhobtb3,Rhobtb3,symbol
LOC120101286,LOC120101286,symbol
Spata9,Spata9,symbol
Rfesd,Rfesd,symbol
Gpr150,Gpr150,symbol
Arsk,Arsk,symbol
Skic3,Skic3,symbol
LOC120101324,LOC120101324,symbol
Fam81b,Fam81b,symbol
ENSRNOG00000063700,,ensembl
Mctp1,Mctp1,symbol
LOC120101280,LOC120101280,symbol
Rpl24-ps11,Rpl24-ps11,symbol
ENSRNOG00000069436,,ensembl
Slf1,Slf1,symbol
RGD1560883,RGD1560883,symbol
Fam172a,Fam172a,symbol
Rnu6-259,Rnu6-259,symbol
ENSRNOG00000066236,,ensembl
Nr2f1,Nr2f1,symbol
LOC102549789,LOC102549789,symbol
LOC120101163,LOC120101163,symbol
LOC120101325,LOC120101325,symbol
ENSRNOG00000062440,,ensembl
AABR07013654.1,AABR07013654.1,symbol
Arrdc3,Arrdc3,symbol
ENSRNOG00000069696,,ensembl
Adgrv1,Adgrv1,symbol
Rnu1-149,Rnu1-149,symbol
ENSRNOG00000070427,,ensembl
Lysmd3,Lysmd3,symbol
Polr3g,Polr3g,symbol
Mblac2,Mblac2,symbol
Cetn3,Cetn3,symbol
LOC120101160,LOC120101160,symbol
ENSRNOG00000063646,,ensembl
LOC120100658,LOC120100658,symbol
LOC120101191,LOC120101191,symbol
ENSRNOG00000066527,,ensembl
Mef2c,Mef2c,symbol
LOC120100659,LOC120100659,symbol
Mir3597-2,Mir3597-2,symbol
AABR07007399.1,AABR07007399.1,symbol
Tmem161b,Tmem161b,symbol
ENSRNOG00000070945,,ensembl
Ccnh,Ccnh,symbol
Rasa1,Rasa1,symbol
Cox7c,Cox7c,symbol
LOC252890,LOC252890,symbol
RNaseP_nuc,RNaseP_nuc,symbol
ENSRNOG00000064811,,ensembl
Edil3,Edil3,symbol
LOC120101274,LOC120101274,symbol
LOC120101144,LOC120101144,symbol
ENSRNOG00000062828,,ensembl
Hapln1,Hapln1,symbol
Vcan,Vcan,symbol
ENSRNOG00000070065,,ensembl
Xrcc4,Xrcc4,symbol
ENSRNOG00000069452,,ensembl
Tmem167a,Tmem167a,symbol
Scarna18,Scarna18,symbol
Atp6ap1l,Atp6ap1l,symbol
Rps23,Rps23,symbol
Atg10,Atg10,symbol
Ssbp2,Ssbp2,symbol
LOC120101307,LOC120101307,symbol
Acot12,Acot12,symbol
Zcchc9,Zcchc9,symbol
Ckmt2,Ckmt2,symbol
Rasgrf2,Rasgrf2,symbol
ENSRNOG00000066968,,ensembl
ENSRNOG00000064838,Msh3,ensembl
ENSRNOG00000069130,,ensembl
Dhfr,Dhfr,symbol
Ankrd34b,Ankrd34b,symbol
Fam151b,Fam151b,symbol
Zfyve16,Zfyve16,symbol
Spz1,Spz1,symbol
RNaseP_nuc,RNaseP_nuc,symbol
Serinc5,Serinc5,symbol
Thbs4,Thbs4,symbol
Mtx3,Mtx3,symbol
Cmya5,Cmya5,symbol
Tent2,Tent2,symbol
Homer1,Homer1,symbol
Jmy,Jmy,symbol
Bhmt,Bhmt,symbol
AABR07007675.2,AABR07007675.2,symbol
LOC103691423,LOC103691423,symbol
Bhmt2,Bhmt2,symbol
Dmgdh,Dmgdh,symbol
Arsb,Arsb,symbol
LOC120101271,LOC120101271,symbol
LOC120101241,LOC120101241,symbol
Lhfpl2,Lhfpl2,symbol
ENSRNOG00000067658,,ensembl
ENSRNOG00000067445,,ensembl
Scamp1,Scamp1,symbol
ENSRNOG00000070098,,ensembl
ENSRNOG00000065566,,ensembl
Ap3b1,Ap3b1,symbol
ENSRNOG00000068970,,ensembl
Tbca,Tbca,symbol
Otp,Otp,symbol
Wdr41,Wdr41,symbol
Pde8b,Pde8b,symbol
ENSRNOG00000067662,,ensembl
LOC120100121,LOC120100121,symbol
ENSRNOG00000069202,,ensembl
LOC100912266,LOC100912266,symbol
Zbed3,Zbed3,symbol
Snora47,Snora47,symbol
ENSRNOG00000063007,,ensembl
Aggf1,Aggf1,symbol
LOC120101365,LOC120101365,symbol
Crhbp,Crhbp,symbol
S100z,S100z,symbol
F2rl1,F2rl1,symbol
AABR07007730.1,AABR07007730.1,symbol
F2r,F2r,symbol
Iqgap2,Iqgap2,symbol
F2rl2,F2rl2,symbol
LOC120101383,LOC120101383,symbol
Ndufs6,Ndufs6,symbol
Sv2c,Sv2c,symbol
LOC120101201,LOC120101201,symbol
AABR07007744.2,AABR07007744.2,symbol
Poc5,Poc5,symbol
Ankdd1b,Ankdd1b,symbol
Polk,Polk,symbol
ENSRNOG00000067644,,ensembl
Cert1,Cert1,symbol
Hmgcr,Hmgcr,symbol
ENSRNOG00000068235,,ensembl
Ankrd31,Ankrd31,symbol
Rnu6-180,Rnu6-180,symbol
Gcnt4,Gcnt4,symbol
Fam169a,Fam169a,symbol
Nsa2,Nsa2,symbol
Gfm2,Gfm2,symbol
Hexb,Hexb,symbol
Enc1,Enc1,symbol
Arhgef28,Arhgef28,symbol
LOC120101361,LOC120101361,symbol
Utp15,Utp15,symbol
LOC108348276,LOC108348276,symbol
Gm21976,Gm21976,symbol
Btf3,Btf3,symbol
LOC120101283,LOC120101283,symbol
Foxd1,Foxd1,symbol
LOC120101204,LOC120101204,symbol
Tmem174,Tmem174,symbol
Tmem171,Tmem171,symbol
ENSRNOG00000063326,,ensembl
Fcho2,Fcho2,symbol
ENSRNOG00000063000,,ensembl
Tnpo1,Tnpo1,symbol
LOC684444,LOC684444,symbol
Zfp366,Zfp366,symbol
Ptcd2,Ptcd2,symbol
Mrps27,Mrps27,symbol
Map1b,Map1b,symbol
ENSRNOG00000068945,,ensembl
LOC120101347,LOC120101347,symbol
ENSRNOG00000064741,,ensembl
Cartpt,Cartpt,symbol
Mccc2,Mccc2,symbol
Bdp1,Bdp1,symbol
Serf1,Serf1,symbol
LOC120100687,LOC120100687,symbol
ENSRNOG00000069911,,ensembl
Smn1,Smn1,symbol
Naip6,Naip6,symbol
Naip5,Naip5,symbol
ENSRNOG00000064525,,ensembl
Gtf2h2,Gtf2h2,symbol
ENSRNOG00000070233,,ensembl
Ocln,Ocln,symbol
Rnu4-64,Rnu4-64,symbol
Rad17,Rad17,symbol
Taf9,Taf9,symbol
Ak6,Ak6,symbol
Ccdc125,Ccdc125,symbol
Cdk7,Cdk7,symbol
Mrps36,Mrps36,symbol
Cenph,Cenph,symbol
Ccnb1,Ccnb1,symbol
Slc30a5,Slc30a5,symbol
ENSRNOG00000064398,,ensembl
LOC108349932,LOC108349932,symbol
Pik3r1,Pik3r1,symbol
LOC120101262,LOC120101262,symbol
ENSRNOG00000066248,,ensembl
LOC120101170,LOC120101170,symbol
Cd180,Cd180,symbol
Mast4,Mast4,symbol
LOC120101238,LOC120101238,symbol
Srek1,Srek1,symbol
Erbin,Erbin,symbol
ENSRNOG00000062698,,ensembl
Nln,Nln,symbol
Sgtb,Sgtb,symbol
Trappc13,Trappc13,symbol
Shld3,Shld3,symbol
Trim23,Trim23,symbol
Ppwd1,Ppwd1,symbol
Cenpk,Cenpk,symbol
Adamts6,Adamts6,symbol
ENSRNOG00000069632,,ensembl
LOC120101138,LOC120101138,symbol
ENSRNOG00000066462,,ensembl
Cwc27,Cwc27,symbol
Srek1ip1-ps1,Srek1ip1-ps1,symbol
Shisal2b,Shisal2b,symbol
Rgs7bp,Rgs7bp,symbol
Rnf180,Rnf180,symbol
LOC120101342,LOC120101342,symbol
Htr1a,Htr1a,symbol
LOC499522,LOC499522,symbol
ENSRNOG00000062438,Ipo11,ensembl
Lrrc70,Lrrc70,symbol
ENSRNOG00000062326,,ensembl
ENSRNOG00000070452,,ensembl
Dimt1,Dimt1,symbol
Kif2a,Kif2a,symbol
RGD1564606,RGD1564606,symbol
LOC120101157,LOC120101157,symbol
Zswim6,Zswim6,symbol
LOC102549347,LOC102549347,symbol
Smim15,Smim15,symbol
Ndufaf2,Ndufaf2,symbol
Ercc8,Ercc8,symbol
Elovl7,Elovl7,symbol
Depdc1b,Depdc1b,symbol
Pde4d,Pde4d,symbol
Mir582,Mir582,symbol
AABR07008066.2,AABR07008066.2,symbol
Rab3c,Rab3c,symbol
Gapt,Gapt,symbol
Plk2,Plk2,symbol
RGD1560402,RGD1560402,symbol
Actbl2,Actbl2,symbol
ENSRNOG00000064173,,ensembl
Gpbp1,Gpbp1,symbol
Mier3,Mier3,symbol
Sub1,Sub1,symbol
Map3k1,Map3k1,symbol
Ankrd55,Ankrd55,symbol
LOC120101181,LOC120101181,symbol
Il6st,Il6st,symbol
Il31ra,Il31ra,symbol
Ddx4,Ddx4,symbol
Slc38a9,Slc38a9,symbol
Plpp1,Plpp1,symbol
Mtrex,Mtrex,symbol
Dhx29,Dhx29,symbol
Ccno,Ccno,symbol
Mcidas,Mcidas,symbol
Mir449c,Mir449c,symbol
Mir449a,Mir449a,symbol
Gpx8,Gpx8,symbol
Gzma,Gzma,symbol
Gzmk,Gzmk,symbol
Esm1,Esm1,symbol
Cspg4b,Cspg4b,symbol
Snx18,Snx18,symbol
Hspb3,Hspb3,symbol
LOC100359700,LOC100359700,symbol
ENSRNOG00000066826,,ensembl
Arl15,Arl15,symbol
Ndufs4,Ndufs4,symbol
Fst,Fst,symbol
ENSRNOG00000069847,,ensembl
ENSRNOG00000070280,,ensembl
Mocs2,Mocs2,symbol
Itga2,Itga2,symbol
LOC120101248,LOC120101248,symbol
Itga1,Itga1,symbol
Pelo,Pelo,symbol
Rnu6-985,Rnu6-985,symbol
Rnu6-572,Rnu6-572,symbol
Isl1,Isl1,symbol
LOC120101129,LOC120101129,symbol
ENSRNOG00000031115,,ensembl
AABR07010370.1,AABR07010370.1,symbol
Parp8,Parp8,symbol
Emb,Emb,symbol
Hcn1,Hcn1,symbol
LOC120101123,LOC120101123,symbol
LOC120101349,LOC120101349,symbol
Mrps30,Mrps30,symbol
Rnu2-66,Rnu2-66,symbol
Fgf10,Fgf10,symbol
LOC120101265,LOC120101265,symbol
RGD1561520,RGD1561520,symbol
Nnt,Nnt,symbol
LOC120101211,LOC120101211,symbol
Paip1,Paip1,symbol
C2h5orf34,C2h5orf34,symbol
Tmem267,Tmem267,symbol
Ccl28,Ccl28,symbol
LOC102547360,LOC102547360,symbol
Hmgcs1,Hmgcs1,symbol
Nim1k,Nim1k,symbol
Zfp131,Zfp131,symbol
Rnu6-446,Rnu6-446,symbol
AABR07008319.1,AABR07008319.1,symbol
ENSRNOG00000063925,,ensembl
ENSRNOG00000064077,,ensembl
ENSRNOG00000062769,,ensembl
Anxa2rl-ps1,Anxa2rl-ps1,symbol
ENSRNOG00000070222,,ensembl
LOC120100725,LOC120100725,symbol
ENSRNOG00000068303,,ensembl
AABR07008309.1,AABR07008309.1,symbol
ENSRNOG00000066501,,ensembl
ENSRNOG00000063475,,ensembl
LOC120100726,LOC120100726,symbol
ENSRNOG00000065064,,ensembl
ENSRNOG00000070040,,ensembl
ENSRNOG00000066265,,ensembl
ENSRNOG00000062856,,ensembl
ENSRNOG00000068842,,ensembl
Selenop,Selenop,symbol
Ccdc152,Ccdc152,symbol
Ghr,Ghr,symbol
ENSRNOG00000065871,,ensembl
LOC120101369,LOC120101369,symbol
Fbxo4,Fbxo4,symbol
Rimoc1,Rimoc1,symbol
Oxct1,Oxct1,symbol
ENSRNOG00000065139,,ensembl
Plcxd3,Plcxd3,symbol
LOC120101290,LOC120101290,symbol
C6,C6,symbol
Mroh2b,Mroh2b,symbol
LOC120101296,LOC120101296,symbol
C7,C7,symbol
ENSRNOG00000063706,,ensembl
Card6,Card6,symbol
Rpl37,Rpl37,symbol
Snord72,Snord72,symbol
Prkaa1,Prkaa1,symbol
Ttc33,Ttc33,symbol
Ptger4,Ptger4,symbol
Rps15al4,Rps15al4,symbol
ENSRNOG00000063101,,ensembl
ENSRNOG00000066226,,ensembl
LOC120101337,LOC120101337,symbol
ENSRNOG00000062622,,ensembl
Dab2,Dab2,symbol
C9,C9,symbol
Fyb1,Fyb1,symbol
Rictor,Rictor,symbol
Osmr,Osmr,symbol
Lifr,Lifr,symbol
Egflam,Egflam,symbol
LOC120101125,LOC120101125,symbol
Gdnf,Gdnf,symbol
LOC120101118,LOC120101118,symbol
Wdr70,Wdr70,symbol
Nup155,Nup155,symbol
ENSRNOG00000069617,,ensembl
Cplane1,Cplane1,symbol
ENSRNOG00000064744,,ensembl
ENSRNOG00000064710,,ensembl
Nipbl,Nipbl,symbol
ENSRNOG00000069092,,ensembl
AABR07008421.1,AABR07008421.1,symbol
Slc1a3,Slc1a3,symbol
Ranbp3l,Ranbp3l,symbol
ENSRNOG00000068920,,ensembl
Nadk2,Nadk2,symbol
Skp2,Skp2,symbol
Lmbrd2,Lmbrd2,symbol
Ugt3a2,Ugt3a2,symbol
Capsl,Capsl,symbol
Il7r,Il7r,symbol
Spef2,Spef2,symbol
ENSRNOG00000065396,,ensembl
Prlr,Prlr,symbol
Agxt2,Agxt2,symbol
Dnajc21,Dnajc21,symbol
Brix1,Brix1,symbol
Rad1,Rad1,symbol
LOC120101260,LOC120101260,symbol
Ttc23l,Ttc23l,symbol
Rai14,Rai14,symbol
ENSRNOG00000068258,,ensembl
C1qtnf3,C1qtnf3,symbol
ENSRNOG00000062446,,ensembl
Amacr,Amacr,symbol
Slc45a2,Slc45a2,symbol
Rxfp3,Rxfp3,symbol
AABR07008681.1,AABR07008681.1,symbol
Adamts12,Adamts12,symbol
LOC120101289,LOC120101289,symbol
Tars1,Tars1,symbol
ENSRNOG00000069715,,ensembl
ENSRNOG00000030171,,ensembl
ENSRNOG00000032427,,ensembl
ENSRNOG00000068207,,ensembl
Npr3,Npr3,symbol
ENSRNOG00000030204,,ensembl
Sub1,Sub1,symbol
LOC120101168,LOC120101168,symbol
ENSRNOG00000068917,,ensembl
Zfr,Zfr,symbol
Mtmr12,Mtmr12,symbol
AC095678.2,AC095678.2,symbol
ENSRNOG00000066056,,ensembl
Golph3,Golph3,symbol
Pdzd2,Pdzd2,symbol
Ftl1-ps14,Ftl1-ps14,symbol
RGD1306502,RGD1306502,symbol
Drosha,Drosha,symbol
Cdh6,Cdh6,symbol
ENSRNOG00000067563,,ensembl
LOC120101173,LOC120101173,symbol
LOC120101348,LOC120101348,symbol
AABR07008608.1,AABR07008608.1,symbol
Cdh9,Cdh9,symbol
Cdh10,Cdh10,symbol
LOC102553625,LOC102553625,symbol
ENSRNOG00000066871,,ensembl
ENSRNOG00000068443,,ensembl
LOC120101245,LOC120101245,symbol
Cdh12,Cdh12,symbol
AABR07008724.1,AABR07008724.1,symbol
LOC120101346,LOC120101346,symbol
ENSRNOG00000068483,,ensembl
Cdh18,Cdh18,symbol
LOC120101302,LOC120101302,symbol
LOC120101395,LOC120101395,symbol
Rnu1-24,Rnu1-24,symbol
Rnu1-52,Rnu1-52,symbol
Basp1,Basp1,symbol
Cwc15-ps3,Cwc15-ps3,symbol
Myo10,Myo10,symbol
ENSRNOG00000062875,,ensembl
LOC120100749,LOC120100749,symbol
ENSRNOG00000067200,LOC108349968,ensembl
Zfp622,Zfp622,symbol
Metazoa_SRP,Metazoa_SRP,symbol
AABR07008911.1,AABR07008911.1,symbol
LOC120101219,LOC120101219,symbol
LOC120100750,LOC120100750,symbol
Marchf11,Marchf11,symbol
Fbxl7,Fbxl7,symbol
LOC120101320,LOC120101320,symbol
Rnu2-24,Rnu2-24,symbol
Ankh,Ankh,symbol
Otulin,Otulin,symbol
AABR07008940.1,AABR07008940.1,symbol
Otulinl,Otulinl,symbol
Trio,Trio,symbol
ENSRNOG00000062957,,ensembl
Dnah5,Dnah5,symbol
LOC120101317,LOC120101317,symbol
LOC120101176,LOC120101176,symbol
LOC120101293,LOC120101293,symbol
Ctnnd2,Ctnnd2,symbol
LOC120101223,LOC120101223,symbol
Rnu1-80,Rnu1-80,symbol
LOC120101300,LOC120101300,symbol
Dap,Dap,symbol
Ankrd33b,Ankrd33b,symbol
Ropn1l,Ropn1l,symbol
LOC102553736,LOC102553736,symbol
Marchf6,Marchf6,symbol
Snora24,Snora24,symbol
Cmbl,Cmbl,symbol
Cct5,Cct5,symbol
Atpsckmt,Atpsckmt,symbol
LOC120101303,LOC120101303,symbol
LOC120101135,LOC120101135,symbol
Tas2r119,Tas2r119,symbol
Snord123,Snord123,symbol
Sema5a,Sema5a,symbol
LOC120101139,LOC120101139,symbol
LOC108350175,LOC108350175,symbol
LOC100909688,LOC100909688,symbol
ENSRNOG00000065249,,ensembl
ENSRNOG00000066460,,ensembl
AABR07009105.1,AABR07009105.1,symbol
ENSRNOG00000066838,,ensembl
LOC100360380,LOC100360380,symbol
Zfp458,Zfp458,symbol
Zfp455,Zfp455,symbol
Rsl1,Rsl1,symbol
ENSRNOG00000067567,,ensembl
ENSRNOG00000064528,Znf431l13,ensembl
LOC100909964,LOC100909964,symbol
Sirpb2,Sirpb2,symbol
Sirpal1,Sirpal1,symbol
LOC100909964,LOC100909964,symbol
AABR07008876.1,AABR07008876.1,symbol
ENSRNOG00000062874,,ensembl
ENSRNOG00000064861,,ensembl
ENSRNOG00000031320,,ensembl
Car2,Car2,symbol
Car3,Car3,symbol
Car1,Car1,symbol
Car13,Car13,symbol
AABR07011733.1,AABR07011733.1,symbol
Rbis,Rbis,symbol
E2f5,E2f5,symbol
Lrrcc1,Lrrcc1,symbol
Slc7a12,Slc7a12,symbol
LOC688389,LOC688389,symbol
ENSRNOG00000068087,,ensembl
Ralyl,Ralyl,symbol
LOC100910852,LOC100910852,symbol
AABR07009260.1,AABR07009260.1,symbol
ENSRNOG00000069332,,ensembl
LOC120101217,LOC120101217,symbol
Tgap1,Tgap1,symbol
LOC120101304,LOC120101304,symbol
Snx16,Snx16,symbol
Chmp4c,Chmp4c,symbol
LOC120101172,LOC120101172,symbol
Slc10a5,Slc10a5,symbol
Zfand1,Zfand1,symbol
Impa1,Impa1,symbol
Fabp12,Fabp12,symbol
Fabp4,Fabp4,symbol
Fabp9,Fabp9,symbol
Rnu6-999,Rnu6-999,symbol
LOC120101159,LOC120101159,symbol
Pmp2,Pmp2,symbol
Fabp5,Fabp5,symbol
ENSRNOG00000067004,,ensembl
Pag1,Pag1,symbol
ENSRNOG00000066793,,ensembl
ENSRNOG00000066286,,ensembl
Zfp704,Zfp704,symbol
Zbtb10,Zbtb10,symbol
Tpd52,Tpd52,symbol
Mrps28,Mrps28,symbol
ENSRNOG00000033449,,ensembl
LOC120101256,LOC120101256,symbol
ENSRNOG00000066004,,ensembl
LOC120101326,LOC120101326,symbol
Hey1,Hey1,symbol
Stmn2,Stmn2,symbol
LOC100360846,LOC100360846,symbol
Il7,Il7,symbol
Zc2hc1a,Zc2hc1a,symbol
LOC120101358,LOC120101358,symbol
Pkia,Pkia,symbol
ENSRNOG00000066927,,ensembl
Rnu6-33,Rnu6-33,symbol
LOC120101252,LOC120101252,symbol
LOC120101113,LOC120101113,symbol
LOC120101221,LOC120101221,symbol
ENSRNOG00000062390,,ensembl
LOC120101115,LOC120101115,symbol
Senp5-ps1,Senp5-ps1,symbol
Pex2,Pex2,symbol
Zfhx4,Zfhx4,symbol
LOC120101339,LOC120101339,symbol
Hnf4g,Hnf4g,symbol
Ythdf3,Ythdf3,symbol
ENSRNOG00000064597,,ensembl
Mrpl42-ps2,Mrpl42-ps2,symbol
Metazoa_SRP,Metazoa_SRP,symbol
LOC120101332,LOC120101332,symbol
ENSRNOG00000064316,,ensembl
LOC120101249,LOC120101249,symbol
Mir124-2,Mir124-2,symbol
Bhlhe22,Bhlhe22,symbol
Cyp7b1,Cyp7b1,symbol
LOC100361143,LOC100361143,symbol
ENSRNOG00000063581,,ensembl
ENSRNOG00000066523,,ensembl
LOC120101264,LOC120101264,symbol
Armc1,Armc1,symbol
Mtfr1,Mtfr1,symbol
Pde7a,Pde7a,symbol
ENSRNOG00000065909,,ensembl
AABR07009572.1,AABR07009572.1,symbol
Dnajc5b,Dnajc5b,symbol
ENSRNOG00000062530,,ensembl
ENSRNOG00000069279,,ensembl
Trim55,Trim55,symbol
Crh,Crh,symbol
ENSRNOG00000064644,,ensembl
Rnu6-767,Rnu6-767,symbol
ENSRNOG00000069706,,ensembl
Cp,Cp,symbol
Hps3,Hps3,symbol
Hltf,Hltf,symbol
Gyg1,Gyg1,symbol
ENSRNOG00000068500,,ensembl
Eif4g1-ps1,Eif4g1-ps1,symbol
Cpa3,Cpa3,symbol
Cpb1,Cpb1,symbol
Agtr1b,Agtr1b,symbol
ENSRNOG00000070560,,ensembl
LOC120101114,LOC120101114,symbol
AABR07009634.1,AABR07009634.1,symbol
AABR07009634.2,AABR07009634.2,symbol
LOC120100783,LOC120100783,symbol
LOC120101269,LOC120101269,symbol
LOC120100784,LOC120100784,symbol
ENSRNOG00000067565,,ensembl
Tbl1xr1,Tbl1xr1,symbol
LOC120101351,LOC120101351,symbol
LOC120101398,LOC120101398,symbol
Naaladl2,Naaladl2,symbol
ENSRNOG00000033028,,ensembl
LOC120101275,LOC120101275,symbol
Nlgn1,Nlgn1,symbol
LOC120101250,LOC120101250,symbol
ENSRNOG00000065504,,ensembl
LOC120101266,LOC120101266,symbol
Spata16,Spata16,symbol
LOC120101388,LOC120101388,symbol
Ect2,Ect2,symbol
LOC120101329,LOC120101329,symbol
Nceh1,Nceh1,symbol
ENSRNOG00000070625,,ensembl
Tnfsf10,Tnfsf10,symbol
Ghsr,Ghsr,symbol
Fndc3b,Fndc3b,symbol
Tmem212,Tmem212,symbol
ENSRNOG00000067235,,ensembl
Pld1,Pld1,symbol
Tnik,Tnik,symbol
Slc2a2,Slc2a2,symbol
Eif5a2,Eif5a2,symbol
Rpl22l1,Rpl22l1,symbol
Slc7a14,Slc7a14,symbol
LOC120101379,LOC120101379,symbol
Cldn11,Cldn11,symbol
Skil,Skil,symbol
Prkci,Prkci,symbol
Phc3,Phc3,symbol
Gpr160,Gpr160,symbol
Sec62,Sec62,symbol
Samd7,Samd7,symbol
Lrrc31,Lrrc31,symbol
Lrriq4,Lrriq4,symbol
Lrrc34,Lrrc34,symbol
Mynn,Mynn,symbol
Actrt3,Actrt3,symbol
LOC120101297,LOC120101297,symbol
Mecom,Mecom,symbol
Egfem1,Egfem1,symbol
Mir551b,Mir551b,symbol
Kcnmb2,Kcnmb2,symbol
LOC120101259,LOC120101259,symbol
Zmat3,Zmat3,symbol
Pik3ca,Pik3ca,symbol
Kcnmb3,Kcnmb3,symbol
Zfp639,Zfp639,symbol
Mfn1,Mfn1,symbol
Gnb4,Gnb4,symbol
LOC120101270,LOC120101270,symbol
Actl6a,Actl6a,symbol
Mrpl47,Mrpl47,symbol
Ndufb5,Ndufb5,symbol
AABR07009978.1,AABR07009978.1,symbol
LOC120101231,LOC120101231,symbol
Usp13,Usp13,symbol
Pex5l,Pex5l,symbol
LOC120101273,LOC120101273,symbol
Ttc14,Ttc14,symbol
Ccdc39,Ccdc39,symbol
LOC120101341,LOC120101341,symbol
Fxr1,Fxr1,symbol
Dnajc19,Dnajc19,symbol
ENSRNOG00000068287,,ensembl
Sox2,Sox2,symbol
LOC103691527,LOC103691527,symbol
Rnu6-1158,Rnu6-1158,symbol
Atp11b,Atp11b,symbol
Dcun1d1,Dcun1d1,symbol
Mccc1,Mccc1,symbol
Ccdc144b,Ccdc144b,symbol
ENSRNOG00000065565,,ensembl
Acad9,Acad9,symbol
Zfp267,Zfp267,symbol
ENSRNOG00000066024,,ensembl
Arsl,Arsl,symbol
Qrfpr,Qrfpr,symbol
Anxa5,Anxa5,symbol
Smim43,Smim43,symbol
Exosc9,Exosc9,symbol
Ccna2,Ccna2,symbol
Bbs7,Bbs7,symbol
Trpc3,Trpc3,symbol
Bltp1,Bltp1,symbol
Adad1,Adad1,symbol
Il2,Il2,symbol
Il21,Il21,symbol
Cetn4,Cetn4,symbol
Bbs12,Bbs12,symbol
Fgf2,Fgf2,symbol
Nudt6,Nudt6,symbol
Spata5,Spata5,symbol
LOC120101257,LOC120101257,symbol
Spry1,Spry1,symbol
LOC120101158,LOC120101158,symbol
LOC120101292,LOC120101292,symbol
ENSRNOG00000070892,,ensembl
ENSRNOG00000070333,,ensembl
ENSRNOG00000067850,,ensembl
LOC120101309,LOC120101309,symbol
ENSRNOG00000062674,,ensembl
Ankrd50,Ankrd50,symbol
Fat4,Fat4,symbol
ENSRNOG00000068650,,ensembl
LOC120101387,LOC120101387,symbol
LOC120101334,LOC120101334,symbol
Intu,Intu,symbol
Slc25a31,Slc25a31,symbol
Hspa4l,Hspa4l,symbol
Plk4,Plk4,symbol
Mfsd8,Mfsd8,symbol
Abhd18,Abhd18,symbol
Fundc2b,Fundc2b,symbol
Larp1b,Larp1b,symbol
RGD1565989,RGD1565989,symbol
Pgrmc2,Pgrmc2,symbol
LOC120101226,LOC120101226,symbol
Jade1,Jade1,symbol
Sclt1,Sclt1,symbol
C2h4orf33,C2h4orf33,symbol
ENSRNOG00000066724,,ensembl
Riox2-ps6,Riox2-ps6,symbol
Pcdh10,Pcdh10,symbol
LOC120101285,LOC120101285,symbol
Pabpc4l,Pabpc4l,symbol
LOC120101396,LOC120101396,symbol
LOC120101335,LOC120101335,symbol
LOC120101267,LOC120101267,symbol
LOC100365525,LOC100365525,symbol
RGD1563562,RGD1563562,symbol
LOC103691539,LOC103691539,symbol
LOC678817,LOC678817,symbol
ENSRNOG00000064254,,ensembl
LOC691033,LOC691033,symbol
LOC120101107,LOC120101107,symbol
LOC499607,LOC499607,symbol
AABR07010524.1,AABR07010524.1,symbol
RGD1307595,RGD1307595,symbol
ENSRNOG00000066263,,ensembl
ENSRNOG00000065748,,ensembl
LOC120100814,LOC120100814,symbol
LOC365791,LOC365791,symbol
LOC102550446,LOC102550446,symbol
LOC120093152,LOC120093152,symbol
LOC120100815,LOC120100815,symbol
Pcdh18,Pcdh18,symbol
Slc7a11,Slc7a11,symbol
LOC120101127,LOC120101127,symbol
LOC120101306,LOC120101306,symbol
Noct,Noct,symbol
Elf2,Elf2,symbol
Mgarp,Mgarp,symbol
Ndufc1,Ndufc1,symbol
Naa15,Naa15,symbol
Rab33b,Rab33b,symbol
Setd7,Setd7,symbol
Mgst2,Mgst2,symbol
Maml3,Maml3,symbol
ENSRNOG00000068600,,ensembl
Foxo1,Foxo1,symbol
ENSRNOG00000070241,,ensembl
Cog6,Cog6,symbol
Lhfpl6,Lhfpl6,symbol
Nhlrc3,Nhlrc3,symbol
Nhlrc3,Nhlrc3,symbol
Proser1,Proser1,symbol
Stoml3,Stoml3,symbol
LOC120101356,LOC120101356,symbol
Frem2,Frem2,symbol
Ufm1,Ufm1,symbol
Ufm1,Ufm1,symbol
Trpc4,Trpc4,symbol
Postn,Postn,symbol
Dusp14l1,Dusp14l1,symbol
Rexo1l1-ps1,Rexo1l1-ps1,symbol
Supt20h,Supt20h,symbol
ENSRNOG00000069289,,ensembl
Exosc8,Exosc8,symbol
Alg5,Alg5,symbol
Smad9,Smad9,symbol
Rfxap,Rfxap,symbol
Sertm1,Sertm1,symbol
Ccna1,Ccna1,symbol
ENSRNOG00000069285,,ensembl
ENSRNOG00000064365,,ensembl
Spart,Spart,symbol
Ccdc169,Ccdc169,symbol
Sohlh2,Sohlh2,symbol
LOC120101148,LOC120101148,symbol
Dclk1,Dclk1,symbol
LOC102552324,LOC102552324,symbol
ENSRNOG00000070468,,ensembl
Nbea,Nbea,symbol
Mab21l1,Mab21l1,symbol
LOC120101340,LOC120101340,symbol
LOC120101343,LOC120101343,symbol
Eif3i-ps1,Eif3i-ps1,symbol
Tm4sf1,Tm4sf1,symbol
Tm4sf4,Tm4sf4,symbol
AC129365.1,AC129365.1,symbol
LOC120101218,LOC120101218,symbol
Wwtr1,Wwtr1,symbol
Rpl12-ps2,Rpl12-ps2,symbol
Commd2,Commd2,symbol
Ankub1,Ankub1,symbol
Rnf13,Rnf13,symbol
Pfn2,Pfn2,symbol
AABR07010705.1,AABR07010705.1,symbol
Metazoa_SRP,Metazoa_SRP,symbol
LOC120101116,LOC120101116,symbol
Tsc22d2,Tsc22d2,symbol
Serp1,Serp1,symbol
Eif2a,Eif2a,symbol
Selenot,Selenot,symbol
AC112531.1,AC112531.1,symbol
Erich6,Erich6,symbol
ENSRNOG00000065725,,ensembl
Siah2,Siah2,symbol
Mindy4b,Mindy4b,symbol
Clrn1,Clrn1,symbol
Med12l,Med12l,symbol
Gpr171,Gpr171,symbol
P2ry14,P2ry14,symbol
Gpr87,Gpr87,symbol
P2ry13,P2ry13,symbol
P2ry12,P2ry12,symbol
Igsf10,Igsf10,symbol
RGD1559622,RGD1559622,symbol
RGD1561998,RGD1561998,symbol
Aadacl2fm3,Aadacl2fm3,symbol
RGD1560162,RGD1560162,symbol
Aadac,Aadac,symbol
Sucnr1,Sucnr1,symbol
Rnu6-173,Rnu6-173,symbol
ENSRNOG00000065517,,ensembl
LOC120101133,LOC120101133,symbol
ENSRNOG00000069031,,ensembl
Mbnl1,Mbnl1,symbol
P2ry1,P2ry1,symbol
AABR07010787.1,AABR07010787.1,symbol
Rap2b,Rap2b,symbol
ENSRNOG00000068490,,ensembl
ENSRNOG00000066767,,ensembl
LOC120101261,LOC120101261,symbol
Arhgef26,Arhgef26,symbol
Dhx36,Dhx36,symbol
Gpr149,Gpr149,symbol
Rnu6-1286,Rnu6-1286,symbol
LOC120101364,LOC120101364,symbol
LOC120101244,LOC120101244,symbol
Mme,Mme,symbol
ENSRNOG00000068643,,ensembl
Strit1,Strit1,symbol
LOC120101207,LOC120101207,symbol
Plch1,Plch1,symbol
C2h3orf33,C2h3orf33,symbol
Slc33a1,Slc33a1,symbol
Gmps,Gmps,symbol
ENSRNOG00000069542,,ensembl
Vom2r44,Vom2r44,symbol
Vom2r45,Vom2r45,symbol
Vom2r46,Vom2r46,symbol
ENSRNOG00000064787,,ensembl
ENSRNOG00000067311,,ensembl
LOC120100835,LOC120100835,symbol
AABR07010333.1,AABR07010333.1,symbol
Vom2r47,Vom2r47,symbol
LOC120101227,LOC120101227,symbol
LOC120101228,LOC120101228,symbol
LOC120101314,LOC120101314,symbol
LOC120101291,LOC120101291,symbol
Kcnab1,Kcnab1,symbol
LOC120101165,LOC120101165,symbol
Ssr3,Ssr3,symbol
LOC102554278,LOC102554278,symbol
LOC120101210,LOC120101210,symbol
Tiparp,Tiparp,symbol
Lekr1,Lekr1,symbol
Ccnl1,Ccnl1,symbol
ENSRNOG00000067397,,ensembl
AC119603.1,AC119603.1,symbol
Veph1,Veph1,symbol
ENSRNOG00000069471,,ensembl
Ptx3,Ptx3,symbol
Shox2,Shox2,symbol
Rsrc1,Rsrc1,symbol
LOC120101246,LOC120101246,symbol
Mlf1,Mlf1,symbol
Gfm1,Gfm1,symbol
Lxn,Lxn,symbol
Rarres1,Rarres1,symbol
LOC120101350,LOC120101350,symbol
Mfsd1,Mfsd1,symbol
ENSRNOG00000066920,,ensembl
Schip1,Schip1,symbol
Il12a,Il12a,symbol
AABR07011672.1,AABR07011672.1,symbol
LOC100362176,LOC100362176,symbol
Ift80,Ift80,symbol
Smc4,Smc4,symbol
Mir15b,Mir15b,symbol
Mir16,Mir16,symbol
Trim59,Trim59,symbol
Kpna4,Kpna4,symbol
LOC120101376,LOC120101376,symbol
LOC120100841,LOC120100841,symbol
Arl14,Arl14,symbol
ENSRNOG00000065363,,ensembl
Ppm1l,Ppm1l,symbol
B3galnt1,B3galnt1,symbol
AABR07011697.1,AABR07011697.1,symbol
AABR07011698.1,AABR07011698.1,symbol
RGD1563620,RGD1563620,symbol
Nmd3,Nmd3,symbol
Sptssb,Sptssb,symbol
LOC120101308,LOC120101308,symbol
LOC120101287,LOC120101287,symbol
Otol1,Otol1,symbol
ENSRNOG00000065310,,ensembl
LOC120101295,LOC120101295,symbol
AABR07011744.1,AABR07011744.1,symbol
ENSRNOG00000063890,,ensembl
ENSRNOG00000066566,,ensembl
LOC120101151,LOC120101151,symbol
Si,Si,symbol
Slitrk3,Slitrk3,symbol
LOC120101359,LOC120101359,symbol
LOC120101213,LOC120101213,symbol
LOC120101104,LOC120101104,symbol
Bche,Bche,symbol
LOC120101112,LOC120101112,symbol
LOC120101119,LOC120101119,symbol
LOC120101354,LOC120101354,symbol
Rnu2-60,Rnu2-60,symbol
Zbbx,Zbbx,symbol
Serpini2,Serpini2,symbol
Wdr49,Wdr49,symbol
Pdcd10,Pdcd10,symbol
Serpini1,Serpini1,symbol
LOC120101338,LOC120101338,symbol
LOC108350036,LOC108350036,symbol
ENSRNOG00000063292,,ensembl
Golim4,Golim4,symbol
Fstl5,Fstl5,symbol
ENSRNOG00000063747,,ensembl
LOC120101353,LOC120101353,symbol
LOC120101146,LOC120101146,symbol
LOC120101276,LOC120101276,symbol
Hsc70-ps1,Hsc70-ps1,symbol
LOC100363048,LOC100363048,symbol
LOC120101336,LOC120101336,symbol
ENSRNOG00000066808,,ensembl
Rapgef2,Rapgef2,symbol
ENSRNOG00000070442,,ensembl
LOC120101171,LOC120101171,symbol
LOC499643,LOC499643,symbol
Fnip2,Fnip2,symbol
Ppid,Ppid,symbol
Etfdh,Etfdh,symbol
C2h4orf46,C2h4orf46,symbol
Rxfp1,Rxfp1,symbol
Tmem144,Tmem144,symbol
LOC120101206,LOC120101206,symbol
LOC120101205,LOC120101205,symbol
Gask1b,Gask1b,symbol
Gria2,Gria2,symbol
Mir2985,Mir2985,symbol
LOC120101253,LOC120101253,symbol
Glrb,Glrb,symbol
Pdgfc,Pdgfc,symbol
Rnu7-62,Rnu7-62,symbol
Rnu1-83,Rnu1-83,symbol
ENSRNOG00000066237,,ensembl
LOC120101279,LOC120101279,symbol
Ctso,Ctso,symbol
Tdo2,Tdo2,symbol
Rnu6-492,Rnu6-492,symbol
LOC120101232,LOC120101232,symbol
Asic5,Asic5,symbol
Gucy1b1,Gucy1b1,symbol
LOC120101147,LOC120101147,symbol
Gucy1a1,Gucy1a1,symbol
ENSRNOG00000069812,,ensembl
Map9,Map9,symbol
ENSRNOG00000063783,,ensembl
Npy2r,Npy2r,symbol
ENSRNOG00000067220,,ensembl
Rbm46,Rbm46,symbol
Lrat,Lrat,symbol
ENSRNOG00000063887,,ensembl
Fgg,Fgg,symbol
Fga,Fga,symbol
Fgb,Fgb,symbol
Plrg1,Plrg1,symbol
ENSRNOG00000064106,,ensembl
LOC100909434,LOC100909434,symbol
Sfrp2,Sfrp2,symbol
Tlr2,Tlr2,symbol
Tmem131l,Tmem131l,symbol
Mnd1,Mnd1,symbol
Trim2,Trim2,symbol
Fhdc1,Fhdc1,symbol
ENSRNOG00000066623,,ensembl
Arfip1,Arfip1,symbol
Tigd4,Tigd4,symbol
Tmem154,Tmem154,symbol
Fbxw7,Fbxw7,symbol
Dear,Dear,symbol
AABR07012054.1,AABR07012054.1,symbol
ENSRNOG00000070421,,ensembl
Gatb,Gatb,symbol
Fhip1a,Fhip1a,symbol
Sh3d19,Sh3d19,symbol
Prss48,Prss48,symbol
Rps3a,Rps3a,symbol
Snord73a,Snord73a,symbol
Snord73b,Snord73b,symbol
Lrba,Lrba,symbol
LOC120101357,LOC120101357,symbol
LOC120101394,LOC120101394,symbol
Mab21l2,Mab21l2,symbol
Dclk2,Dclk2,symbol
LOC120101381,LOC120101381,symbol
ENSRNOG00000069177,,ensembl
Cd1d1,Cd1d1,symbol
ENSRNOG00000064959,,ensembl
LOC120101301,LOC120101301,symbol
Kirrel1,Kirrel1,symbol
LOC120101284,LOC120101284,symbol
Fcrl2,Fcrl2,symbol
Elp4-ps1,Elp4-ps1,symbol
Fcrl1,Fcrl1,symbol
Fcrl5,Fcrl5,symbol
Etv3,Etv3,symbol
Etv3l,Etv3l,symbol
AABR07012133.1,AABR07012133.1,symbol
ENSRNOG00000063027,,ensembl
LOC120101281,LOC120101281,symbol
Arhgef11,Arhgef11,symbol
Lrrc71,Lrrc71,symbol
Pear1,Pear1,symbol
Ntrk1,Ntrk1,symbol
Insrr,Insrr,symbol
Sh2d2a,Sh2d2a,symbol
Prcc,Prcc,symbol
Hdgf,Hdgf,symbol
mrpl24,mrpl24,symbol
Mettl25b,Mettl25b,symbol
Isg20l2,Isg20l2,symbol
Crabp2,Crabp2,symbol
Nes,Nes,symbol
Bcan,Bcan,symbol
Hapln2,Hapln2,symbol
ENSRNOG00000067598,,ensembl
Gpatch4,Gpatch4,symbol
Naxe,Naxe,symbol
Ttc24,Ttc24,symbol
Iqgap3,Iqgap3,symbol
ENSRNOG00000064826,,ensembl
Mef2d,Mef2d,symbol
ENSRNOG00000063898,,ensembl
Mir3597-1,Mir3597-1,symbol
Rhbg,Rhbg,symbol
ENSRNOG00000062616,,ensembl
Tsacc,Tsacc,symbol
Cct3,Cct3,symbol
LOC120101251,LOC120101251,symbol
Glmp,Glmp,symbol
Tmem79,Tmem79,symbol
Smg5,Smg5,symbol
Paqr6,Paqr6,symbol
Bglap,Bglap,symbol
Pmf1,Pmf1,symbol
Slc25a44,Slc25a44,symbol
Sema4a,Sema4a,symbol
Lmna,Lmna,symbol
Mex3a,Mex3a,symbol
Rab25,Rab25,symbol
Lamtor2,Lamtor2,symbol
Ubqln4,Ubqln4,symbol
Ssr2,Ssr2,symbol
Arhgef2,Arhgef2,symbol
LOC120101166,LOC120101166,symbol
Khdc4,Khdc4,symbol
LOC120101254,LOC120101254,symbol
Rnu6-632,Rnu6-632,symbol
Rit1,Rit1,symbol
Syt11,Syt11,symbol
Gon4l,Gon4l,symbol
Rnu1-123,Rnu1-123,symbol
Msto1,Msto1,symbol
Dap3,Dap3,symbol
Ash1l,Ash1l,symbol
Fdps,Fdps,symbol
Rnu6-909,Rnu6-909,symbol
Pklr,Pklr,symbol
Hcn3,Hcn3,symbol
Scamp3,Scamp3,symbol
Mir3541,Mir3541,symbol
Entrep3,Entrep3,symbol
LOC102550011,LOC102550011,symbol
Gba,Gba,symbol
Mtx1,Mtx1,symbol
Thbs3,Thbs3,symbol
Mir92b,Mir92b,symbol
Muc1,Muc1,symbol
Trim46,Trim46,symbol
Krtcap2,Krtcap2,symbol
Dpm3,Dpm3,symbol
Slc50a1,Slc50a1,symbol
Efna1,Efna1,symbol
LOC102550325,LOC102550325,symbol
Efna3,Efna3,symbol
Efna4,Efna4,symbol
Adam15,Adam15,symbol
Dcst1,Dcst1,symbol
Dcst2,Dcst2,symbol
Zbtb7b,Zbtb7b,symbol
Flad1,Flad1,symbol
Lenep,Lenep,symbol
Cks1b,Cks1b,symbol
Shc1,Shc1,symbol
Pygo2,Pygo2,symbol
Pbxip1,Pbxip1,symbol
Pmvk,Pmvk,symbol
Kcnn3,Kcnn3,symbol
Adar,Adar,symbol
Chrnb2,Chrnb2,symbol
ENSRNOG00000064711,,ensembl
ENSRNOG00000067315,,ensembl
Ube2q1,Ube2q1,symbol
She,She,symbol
Il6r,Il6r,symbol
Atp8b2,Atp8b2,symbol
Aqp10,Aqp10,symbol
LOC120101378,LOC120101378,symbol
Hax1,Hax1,symbol
Ubap2l,Ubap2l,symbol
Ns5atp4,Ns5atp4,symbol
Cfap141,Cfap141,symbol
Mir190b,Mir190b,symbol
Tpm3,Tpm3,symbol
Nup210l,Nup210l,symbol
Rnu6-278,Rnu6-278,symbol
Rps27,Rps27,symbol
Rab13,Rab13,symbol
Jtb,Jtb,symbol
Creb3l4,Creb3l4,symbol
Slc39a1,Slc39a1,symbol
Dennd4b,Dennd4b,symbol
Crtc2,Crtc2,symbol
Gatad2b,Gatad2b,symbol
ENSRNOG00000065873,,ensembl
ENSRNOG00000065683,,ensembl
Slc27a3,Slc27a3,symbol
Ints3,Ints3,symbol
ENSRNOG00000063260,Ostcl1,ensembl
Npr1,Npr1,symbol
Ilf2,Ilf2,symbol
Snapin,Snapin,symbol
Chtop,Chtop,symbol
S100a1,S100a1,symbol
S100a14,S100a14,symbol
S100a16,S100a16,symbol
LOC120101183,LOC120101183,symbol
S100a3,S100a3,symbol
Rnu1-56,Rnu1-56,symbol
S100a4,S100a4,symbol
S100a5,S100a5,symbol
S100a6,S100a6,symbol
ENSRNOG00000069186,,ensembl
S100a7a,S100a7a,symbol
S100a8,S100a8,symbol
ENSRNOG00000071162,,ensembl
S100a9,S100a9,symbol
Pglyrp4,Pglyrp4,symbol
LOC120101258,LOC120101258,symbol
S100a7l2,S100a7l2,symbol
S100a7l2,S100a7l2,symbol
S100vp,S100vp,symbol
Pglyrp3,Pglyrp3,symbol
Pglyrp3,Pglyrp3,symbol
Loricrin,Loricrin,symbol
Prr9,Prr9,symbol
ENSRNOG00000065510,,ensembl
ENSRNOG00000064131,,ensembl
Sprr2a2,Sprr2a2,symbol
LOC102552940,LOC102552940,symbol
LOC120100584,LOC120100584,symbol
Sprr2b,Sprr2b,symbol
Sprr2d,Sprr2d,symbol
Sprr2g,Sprr2g,symbol
ENSRNOG00000067816,Sprr2a,ensembl
Sprr2g,Sprr2g,symbol
ENSRNOG00000070330,,ensembl
Sprr2f,Sprr2f,symbol
LOC102550257,LOC102550257,symbol
Sprr1b,Sprr1b,symbol
Sprr3,Sprr3,symbol
Sprr1a,Sprr1a,symbol
Sprr4,Sprr4,symbol
LOC108350276,LOC108350276,symbol
Ivl,Ivl,symbol
Smcp,Smcp,symbol
2210017I01Rik,2210017I01Rik,symbol
Lce6a,Lce6a,symbol
LOC120100586,LOC120100586,symbol
LOC103695131,LOC103695131,symbol
LOC120100587,LOC120100587,symbol
LOC102552326,LOC102552326,symbol
ENSRNOG00000068776,,ensembl
Lce1g,Lce1g,symbol
Lce1f,Lce1f,symbol
LOC102552128,LOC102552128,symbol
LOC103691629,LOC103691629,symbol
ENSRNOG00000063139,,ensembl
LOC102549828,LOC102549828,symbol
LOC102551936,LOC102551936,symbol
ENSRNOG00000064164,LOC134485794,ensembl
Kprp,Kprp,symbol
Lce1e,Lce1e,symbol
LOC686143,LOC686143,symbol
ENSRNOG00000065410,,ensembl
ENSRNOG00000066407,LOC134485747,ensembl
Lce3d,Lce3d,symbol
LOC120101188,LOC120101188,symbol
LOC120100588,LOC120100588,symbol
Lce3e,Lce3e,symbol
LOC120101192,LOC120101192,symbol
LOC100911982,LOC100911982,symbol
LOC120100589,LOC120100589,symbol
Lce3fl1,Lce3fl1,symbol
Crct1,Crct1,symbol
Lce1m,Lce1m,symbol
ENSRNOG00000065518,,ensembl
Crnn,Crnn,symbol
ENSRNOG00000064129,,ensembl
ENSRNOG00000069536,,ensembl
AABR07012329.1,AABR07012329.1,symbol
ENSRNOG00000066302,,ensembl
ENSRNOG00000064990,,ensembl
ENSRNOG00000070484,,ensembl
ENSRNOG00000065693,,ensembl
ENSRNOG00000063052,,ensembl
ENSRNOG00000068872,,ensembl
ENSRNOG00000070658,,ensembl
ENSRNOG00000064486,,ensembl
Rptn,Rptn,symbol
Tchh,Tchh,symbol
Tchh,Tchh,symbol
Tchhl1,Tchhl1,symbol
ENSRNOG00000065314,,ensembl
S100a11,S100a11,symbol
S100a10,S100a10,symbol
Tdpoz1-ps4,Tdpoz1-ps4,symbol
RGD1566337,RGD1566337,symbol
LOC100911679,LOC100911679,symbol
RGD1564313,RGD1564313,symbol
Tdpoz2l1,Tdpoz2l1,symbol
Tdpoz1-ps4,Tdpoz1-ps4,symbol
ENSRNOG00000069382,,ensembl
ENSRNOG00000065793,,ensembl
AABR07012426.1,AABR07012426.1,symbol
ENSRNOG00000062522,,ensembl
Tdpoz1-ps17,Tdpoz1-ps17,symbol
LOC120100595,LOC120100595,symbol
ENSRNOG00000064586,,ensembl
Tdpoz1-ps13,Tdpoz1-ps13,symbol
Tdpoz1-ps14,Tdpoz1-ps14,symbol
LOC120101040,LOC120101040,symbol
LOC120101042,LOC120101042,symbol
LOC120101043,LOC120101043,symbol
Tdpoz1-ps9,Tdpoz1-ps9,symbol
Tdpoz2,Tdpoz2,symbol
LOC102553503,LOC102553503,symbol
LOC120100601,LOC120100601,symbol
LOC120093093,LOC120093093,symbol
Tdpoz1-ps10,Tdpoz1-ps10,symbol
Tdpoz1-ps5,Tdpoz1-ps5,symbol
Spopfm2l1,Spopfm2l1,symbol
RGD1563667,RGD1563667,symbol
Them4,Them4,symbol
Them5,Them5,symbol
C2cd4d,C2cd4d,symbol
Rorc,Rorc,symbol
Lingo4,Lingo4,symbol
Tdrkh,Tdrkh,symbol
Oaz3,Oaz3,symbol
mrpl9,mrpl9,symbol
LOC102556390,LOC102556390,symbol
Riiad1,Riiad1,symbol
Celf3,Celf3,symbol
Snx27,Snx27,symbol
ENSRNOG00000070868,,ensembl
AABR07072761.1,AABR07072761.1,symbol
Tuft1,Tuft1,symbol
Cgn,Cgn,symbol
Ndufs5-ps2,Ndufs5-ps2,symbol
ENSRNOG00000065997,,ensembl
Pogz,Pogz,symbol
Psmb4,Psmb4,symbol
LOC120101375,LOC120101375,symbol
Selenbp1,Selenbp1,symbol
Rfx5,Rfx5,symbol
ENSRNOG00000064998,,ensembl
Pi4kb,Pi4kb,symbol
Zfp687,Zfp687,symbol
ENSRNOG00000067940,,ensembl
Psmd4,Psmd4,symbol
Pip5k1a,Pip5k1a,symbol
Vps72,Vps72,symbol
Tmod4,Tmod4,symbol
Scnm1,Scnm1,symbol
Lysmd1,Lysmd1,symbol
Tnfaip8l2,Tnfaip8l2,symbol
ENSRNOG00000063006,,ensembl
Sema6c,Sema6c,symbol
ENSRNOG00000062883,,ensembl
Gabpb2,Gabpb2,symbol
ENSRNOG00000071119,,ensembl
Mllt11,Mllt11,symbol
Cdc42se1,Cdc42se1,symbol
ENSRNOG00000065245,,ensembl
C2h1orf56,C2h1orf56,symbol
Bnipl,Bnipl,symbol
Prune1,Prune1,symbol
Mindy1,Mindy1,symbol
Anxa9,Anxa9,symbol
Cers2,Cers2,symbol
Setdb1,Setdb1,symbol
LOC120101149,LOC120101149,symbol
LOC102550012,LOC102550012,symbol
ENSRNOG00000066745,,ensembl
ENSRNOG00000069295,,ensembl
Arnt,Arnt,symbol
Ctsk,Ctsk,symbol
Ctss,Ctss,symbol
Hormad1,Hormad1,symbol
Golph3l,Golph3l,symbol
Rnu6-857,Rnu6-857,symbol
Ensa,Ensa,symbol
Mcl1,Mcl1,symbol
ENSRNOG00000063406,,ensembl
Adamtsl4,Adamtsl4,symbol
Ecm1,Ecm1,symbol
Tars2,Tars2,symbol
Rprd2,Rprd2,symbol
ENSRNOG00000067384,,ensembl
Prpf3,Prpf3,symbol
Mrps21,Mrps21,symbol
ENSRNOG00000063097,,ensembl
Ciart,Ciart,symbol
C2H1orf54,C2H1orf54,symbol
ENSRNOG00000062848,,ensembl
Aph1a,Aph1a,symbol
Car14,Car14,symbol
LOC120101278,LOC120101278,symbol
Anp32e,Anp32e,symbol
RGD1562196,RGD1562196,symbol
Plekho1,Plekho1,symbol
Vps45,Vps45,symbol
Otud7b,Otud7b,symbol
Mtmr11,Mtmr11,symbol
Sf3b4,Sf3b4,symbol
Sv2a,Sv2a,symbol
Bola1,Bola1,symbol
ENSRNOG00000062927,,ensembl
LOC102549173,LOC102549173,symbol
LOC102549173,LOC102549173,symbol
Hist1h4b,Hist1h4b,symbol
Hist2h3c2,Hist2h3c2,symbol
H2bc18,H2bc18,symbol
ENSRNOG00000064855,,ensembl
Fcgr1a,Fcgr1a,symbol
ENSRNOG00000069676,,ensembl
LOC120100882,LOC120100882,symbol
LOC120101310,LOC120101310,symbol
LOC120101161,LOC120101161,symbol
LOC120101355,LOC120101355,symbol
LOC120101277,LOC120101277,symbol
AABR07012587.1,AABR07012587.1,symbol
LOC120101322,LOC120101322,symbol
LOC120101333,LOC120101333,symbol
AABR07012588.1,AABR07012588.1,symbol
LOC120101288,LOC120101288,symbol
LOC120101299,LOC120101299,symbol
Hjv,Hjv,symbol
AABR07012592.1,AABR07012592.1,symbol
Txnip,Txnip,symbol
Polr3gl,Polr3gl,symbol
ENSRNOG00000069895,,ensembl
Ankrd34a,Ankrd34a,symbol
Lix1l,Lix1l,symbol
Rbm8a,Rbm8a,symbol
Pex11b,Pex11b,symbol
LOC120101126,LOC120101126,symbol
Rnu2-64,Rnu2-64,symbol
Itga10,Itga10,symbol
Ankrd35,Ankrd35,symbol
Pias3,Pias3,symbol
Nudt17,Nudt17,symbol
Polr3c,Polr3c,symbol
LOC120101237,LOC120101237,symbol
Rnf115,Rnf115,symbol
Cd160,Cd160,symbol
Pdzk1,Pdzk1,symbol
Gpr89b,Gpr89b,symbol
Gja8,Gja8,symbol
Gja5,Gja5,symbol
ENSRNOG00000068655,,ensembl
Rhno1-ps2,Rhno1-ps2,symbol
Acp6,Acp6,symbol
Bcl9,Bcl9,symbol
ENSRNOG00000064965,,ensembl
LOC102549654,LOC102549654,symbol
Rpl38-ps8,Rpl38-ps8,symbol
Or13l2,Or13l2,symbol
ENSRNOG00000064079,,ensembl
Chd1l,Chd1l,symbol
Fmo5,Fmo5,symbol
Prkab2,Prkab2,symbol
Gm17651,Gm17651,symbol
ENSRNOG00000068985,,ensembl
Pde4dip,Pde4dip,symbol
Sec22b,Sec22b,symbol
LOC120100890,LOC120100890,symbol
Notch2,Notch2,symbol
Adam30,Adam30,symbol
Reg4,Reg4,symbol
Hmgcs2,Hmgcs2,symbol
Phgdh,Phgdh,symbol
Zfp697,Zfp697,symbol
Hsd3b5,Hsd3b5,symbol
Hsd3b5-ps1,Hsd3b5-ps1,symbol
Hsd3b2,Hsd3b2,symbol
Hsd3b3,Hsd3b3,symbol
Hsd3b1,Hsd3b1,symbol
AABR07012635.1,AABR07012635.1,symbol
Hao2,Hao2,symbol
ENSRNOG00000068929,,ensembl
LOC120100604,LOC120100604,symbol
LOC120101247,LOC120101247,symbol
LOC120101313,LOC120101313,symbol
Wars2,Wars2,symbol
Tbx15,Tbx15,symbol
ENSRNOG00000071016,,ensembl
Spag17,Spag17,symbol
Wdr3,Wdr3,symbol
Gdap2,Gdap2,symbol
Tent5c,Tent5c,symbol
Man1a2,Man1a2,symbol
LOC120101319,LOC120101319,symbol
ENSRNOG00000067753,,ensembl
Vtcn1,Vtcn1,symbol
Trim45,Trim45,symbol
Ttf2,Ttf2,symbol
Cd101,Cd101,symbol
Ptgfrn,Ptgfrn,symbol
ENSRNOG00000069649,,ensembl
Cd2,Cd2,symbol
Igsf3,Igsf3,symbol
ENSRNOG00000063703,,ensembl
Atp1a1,Atp1a1,symbol
LOC103691652,LOC103691652,symbol
Mab21l3,Mab21l3,symbol
Slc22a15,Slc22a15,symbol
Nhlh2,Nhlh2,symbol
ENSRNOG00000068820,,ensembl
Casq2,Casq2,symbol
Vangl1,Vangl1,symbol
Ngf,Ngf,symbol
Tspan2,Tspan2,symbol
Tshb,Tshb,symbol
Sycp1,Sycp1,symbol
Nr1h5,Nr1h5,symbol
Sike1,Sike1,symbol
AC134651.1,AC134651.1,symbol
Csde1,Csde1,symbol
Nras,Nras,symbol
Ampd1,Ampd1,symbol
Dennd2c,Dennd2c,symbol
Bcas2,Bcas2,symbol
ENSRNOG00000067127,,ensembl
Trim33,Trim33,symbol
ENSRNOG00000069313,,ensembl
ENSRNOG00000068992,,ensembl
LOC120101328,LOC120101328,symbol
Rbis,Rbis,symbol
Syt6,Syt6,symbol
LOC120101371,LOC120101371,symbol
ENSRNOG00000064828,,ensembl
ENSRNOG00000069593,,ensembl
Olfml3,Olfml3,symbol
ENSRNOG00000064223,,ensembl
Hipk1,Hipk1,symbol
Dclre1b,Dclre1b,symbol
Ap4b1,Ap4b1,symbol
Bcl2l15,Bcl2l15,symbol
Ptpn22,Ptpn22,symbol
Rsbn1,Rsbn1,symbol
Phtf1,Phtf1,symbol
Magi3,Magi3,symbol
LOC120101331,LOC120101331,symbol
AABR07012763.1,AABR07012763.1,symbol
Rplp0l1,Rplp0l1,symbol
Lrig2,Lrig2,symbol
LOC120101182,LOC120101182,symbol
ENSRNOG00000070757,,ensembl
Slc16a1,Slc16a1,symbol
Rnu6-406,Rnu6-406,symbol
Tafa3,Tafa3,symbol
Ppm1j,Ppm1j,symbol
Rhoc,Rhoc,symbol
Mov10,Mov10,symbol
Capza1,Capza1,symbol
St7l,St7l,symbol
Wnt2b,Wnt2b,symbol
Cttnbp2nl,Cttnbp2nl,symbol
ENSRNOG00000064202,,ensembl
ENSRNOG00000068611,,ensembl
ENSRNOG00000067624,,ensembl
ENSRNOG00000066674,,ensembl
ENSRNOG00000068393,,ensembl
ENSRNOG00000069077,,ensembl
Kcnd3,Kcnd3,symbol
Ddx20,Ddx20,symbol
Inka2,Inka2,symbol
Rap1a,Rap1a,symbol
Tmigd3,Tmigd3,symbol
Adora3,Adora3,symbol
C2h1orf162,C2h1orf162,symbol
ENSRNOG00000066880,,ensembl
Atp5pb,Atp5pb,symbol
Wdr77,Wdr77,symbol
Pifo,Pifo,symbol
AABR07012788.1,AABR07012788.1,symbol
Prdx1l1,Prdx1l1,symbol
Chia,Chia,symbol
ENSRNOG00000067768,,ensembl
Chi3l3,Chi3l3,symbol
RGD1309110,RGD1309110,symbol
ENSRNOG00000065668,,ensembl
Dennd2d,Dennd2d,symbol
Cept1,Cept1,symbol
Dram2,Dram2,symbol
ENSRNOG00000068330,,ensembl
Lrif1,Lrif1,symbol
Cd53,Cd53,symbol
Or11i1,Or11i1,symbol
Kcna3,Kcna3,symbol
AC113635.2,AC113635.2,symbol
Kcna2,Kcna2,symbol
Kcna10,Kcna10,symbol
Cym,Cym,symbol
Prok1,Prok1,symbol
Lamtor5,Lamtor5,symbol
Slc16a4,Slc16a4,symbol
ENSRNOG00000068040,,ensembl
Rbm15,Rbm15,symbol
Ndufa3-ps3,Ndufa3-ps3,symbol
Kcnc4,Kcnc4,symbol
Slc6a17,Slc6a17,symbol
Ubl4b,Ubl4b,symbol
Alx3,Alx3,symbol
Strip1,Strip1,symbol
ENSRNOG00000067526,,ensembl
Ahcyl1,Ahcyl1,symbol
Csf1,Csf1,symbol
Eps8l3,Eps8l3,symbol
Gstm5,Gstm5,symbol
Gstm2,Gstm2,symbol
Gstm7,Gstm7,symbol
AC097845.1,AC097845.1,symbol
Gstm3,Gstm3,symbol
Gstm1,Gstm1,symbol
LOC120101212,LOC120101212,symbol
Gstm4,Gstm4,symbol
LOC120101236,LOC120101236,symbol
Ampd2,Ampd2,symbol
Gnat2,Gnat2,symbol
Gnai3,Gnai3,symbol
Rnu6-318,Rnu6-318,symbol
ENSRNOG00000066083,,ensembl
Gpr61,Gpr61,symbol
Amigo1,Amigo1,symbol
Cyb561d1,Cyb561d1,symbol
Atxn7l2,Atxn7l2,symbol
Sypl2,Sypl2,symbol
Psma5,Psma5,symbol
Sort1,Sort1,symbol
Mybphl,Mybphl,symbol
Psrc1,Psrc1,symbol
Celsr2,Celsr2,symbol
Sars1,Sars1,symbol
LOC120101229,LOC120101229,symbol
Elapor1,Elapor1,symbol
LOC120101367,LOC120101367,symbol
ENSRNOG00000063736,,ensembl
Cfap276,Cfap276,symbol
Cox6b1,Cox6b1,symbol
ENSRNOG00000066136,,ensembl
LOC120101374,LOC120101374,symbol
Tmem167b,Tmem167b,symbol
Wdr47,Wdr47,symbol
Taf13,Taf13,symbol
Clcc1,Clcc1,symbol
Gpsm2,Gpsm2,symbol
ENSRNOG00000067289,,ensembl
Aknad1,Aknad1,symbol
Stxbp3,Stxbp3,symbol
ENSRNOG00000063982,,ensembl
Fndc7,Fndc7,symbol
Mir6314,Mir6314,symbol
Prpf38b,Prpf38b,symbol
ENSRNOG00000065416,,ensembl
ENSRNOG00000065216,,ensembl
ENSRNOG00000063403,,ensembl
Henmt1,Henmt1,symbol
Eeig2,Eeig2,symbol
Slc25a54,Slc25a54,symbol
Slc25a24,Slc25a24,symbol
Vav3,Vav3,symbol
AABR07012868.1,AABR07012868.1,symbol
LOC120101268,LOC120101268,symbol
Ntng1,Ntng1,symbol
ENSRNOG00000063754,,ensembl
AABR07013425.1,AABR07013425.1,symbol
Prmt6,Prmt6,symbol
Rnu2-7,Rnu2-7,symbol
Rnu6-1277,Rnu6-1277,symbol
LOC120101208,LOC120101208,symbol
ENSRNOG00000069093,,ensembl
LOC120101124,LOC120101124,symbol
LOC120101345,LOC120101345,symbol
ENSRNOG00000069066,,ensembl
LOC120100609,LOC120100609,symbol
LOC120100610,LOC120100610,symbol
Amy2a3,Amy2a3,symbol
LOC103689940,LOC103689940,symbol
Amy1,Amy1,symbol
Rnpc3,Rnpc3,symbol
LOC120100611,LOC120100611,symbol
Col11a1,Col11a1,symbol
LOC120101255,LOC120101255,symbol
LOC120101222,LOC120101222,symbol
LOC120101352,LOC120101352,symbol
Olfm3,Olfm3,symbol
ENSRNOG00000064220,,ensembl
LOC120101298,LOC120101298,symbol
S1pr1,S1pr1,symbol
Dph5,Dph5,symbol
Slc30a7,Slc30a7,symbol
Extl2,Extl2,symbol
Vcam1,Vcam1,symbol
Gpr88,Gpr88,symbol
Cdc14a,Cdc14a,symbol
ENSRNOG00000070219,,ensembl
LOC120101385,LOC120101385,symbol
Rtca,Rtca,symbol
Dbt,Dbt,symbol
Lrrc39,Lrrc39,symbol
Trmt13,Trmt13,symbol
Sass6,Sass6,symbol
Hiat1-ps1,Hiat1-ps1,symbol
Agl,Agl,symbol
Frrs1,Frrs1,symbol
Palmd,Palmd,symbol
4930455H04Rik,4930455H04Rik,symbol
AABR07013057.1,AABR07013057.1,symbol
AABR07013065.1,AABR07013065.1,symbol
Plppr4,Plppr4,symbol
Plppr5,Plppr5,symbol
Snx7,Snx7,symbol
Mir137,Mir137,symbol
Dpyd,Dpyd,symbol
AABR07013086.1,AABR07013086.1,symbol
Ptbp2,Ptbp2,symbol
LOC120101155,LOC120101155,symbol
LOC120101323,LOC120101323,symbol
LOC120101150,LOC120101150,symbol
Rwdd3,Rwdd3,symbol
Tlcd4,Tlcd4,symbol
ENSRNOG00000071142,,ensembl
ENSRNOG00000065979,,ensembl
Alg14,Alg14,symbol
Cnn3,Cnn3,symbol
Slc44a3,Slc44a3,symbol
ENSRNOG00000063273,,ensembl
ENSRNOG00000065491,,ensembl
ENSRNOG00000067913,LOC102554786,ensembl
ENSRNOG00000063238,,ensembl
F3,F3,symbol
Abcd3,Abcd3,symbol
Arhgap29,Arhgap29,symbol
Abca4,Abca4,symbol
ENSRNOG00000070684,,ensembl
AABR07013165.1,AABR07013165.1,symbol
ENSRNOG00000062458,,ensembl
Gclm,Gclm,symbol
Dnttip2,Dnttip2,symbol
ENSRNOG00000062746,,ensembl
Mir760,Mir760,symbol
Bcar3,Bcar3,symbol
Fnbp1l,Fnbp1l,symbol
ENSRNOG00000065795,,ensembl
ENSRNOG00000066532,,ensembl
Pde5a,Pde5a,symbol
Fabp2,Fabp2,symbol
ENSRNOG00000068402,,ensembl
C2h4orf3,C2h4orf3,symbol
Usp53,Usp53,symbol
Myoz2,Myoz2,symbol
Synpo2,Synpo2,symbol
Sec24d,Sec24d,symbol
ENSRNOG00000070921,,ensembl
Mettl14,Mettl14,symbol
Rnu6atac,Rnu6atac,symbol
Prss12,Prss12,symbol
LOC120101240,LOC120101240,symbol
Ndst3,Ndst3,symbol
LOC103691690,LOC103691690,symbol
RGD1306519,RGD1306519,symbol
LOC120101312,LOC120101312,symbol
RGD1306704,RGD1306704,symbol
LOC120101122,LOC120101122,symbol
ENSRNOG00000069122,,ensembl
Ndst4,Ndst4,symbol
Ugt8,Ugt8,symbol
Arsj,Arsj,symbol
Camk2d,Camk2d,symbol
Ank2,Ank2,symbol
LOC120101321,LOC120101321,symbol
ENSRNOG00000062479,,ensembl
Larp7,Larp7,symbol
Zgrf1,Zgrf1,symbol
Neurog2,Neurog2,symbol
Alpk1,Alpk1,symbol
Tifa,Tifa,symbol
Ap1ar,Ap1ar,symbol
Fam241a,Fam241a,symbol
LOC108350287,LOC108350287,symbol
LOC120101128,LOC120101128,symbol
Pitx2,Pitx2,symbol
Enpep,Enpep,symbol
Dcm5,Dcm5,symbol
AABR07034008.1,AABR07034008.1,symbol
Elovl6,Elovl6,symbol
Egf,Egf,symbol
Lrit3,Lrit3,symbol
Rrh,Rrh,symbol
Gar1,Gar1,symbol
Cfi,Cfi,symbol
Pla2g12a,Pla2g12a,symbol
Casp6,Casp6,symbol
Mcub,Mcub,symbol
Sec24b,Sec24b,symbol
Col25a1,Col25a1,symbol
LOC120101132,LOC120101132,symbol
Etnppl,Etnppl,symbol
Ostc,Ostc,symbol
Rpl34,Rpl34,symbol
LOC108350290,LOC108350290,symbol
AABR07013412.1,AABR07013412.1,symbol
Lef1,Lef1,symbol
Hadh,Hadh,symbol
Cyp2u1,Cyp2u1,symbol
Sgms2,Sgms2,symbol
ENSRNOG00000068875,LOC120100944,ensembl
Papss1,Papss1,symbol
Rnvu1-6,Rnvu1-6,symbol
Dkk2,Dkk2,symbol
ENSRNOG00000066474,,ensembl
Rnu6-482,Rnu6-482,symbol
Gimd1,Gimd1,symbol
Aimp1,Aimp1,symbol
Tbck,Tbck,symbol
LOC120101311,LOC120101311,symbol
Npnt,Npnt,symbol
Gstcd,Gstcd,symbol
Ints12,Ints12,symbol
Arhgef38,Arhgef38,symbol
Ppa2,Ppa2,symbol
Gpbp1l2,Gpbp1l2,symbol
Tet2,Tet2,symbol
ENSRNOG00000067100,,ensembl
ENSRNOG00000065234,,ensembl
LOC120101230,LOC120101230,symbol
LOC120101282,LOC120101282,symbol
Cxxc4,Cxxc4,symbol
Mir1895,Mir1895,symbol
Tacr3,Tacr3,symbol
Cenpe,Cenpe,symbol
Bdh2,Bdh2,symbol
Slc9b2,Slc9b2,symbol
ENSRNOG00000063226,,ensembl
Slc9b1,Slc9b1,symbol
LOC120101362,LOC120101362,symbol
Cisd2,Cisd2,symbol
Ube2d3,Ube2d3,symbol
Manba,Manba,symbol
LOC120101140,LOC120101140,symbol
Nfkb1,Nfkb1,symbol
ENSRNOG00000064487,,ensembl
Rnu2-72,Rnu2-72,symbol
Slc39a8,Slc39a8,symbol
Bank1,Bank1,symbol
Ppp3ca,Ppp3ca,symbol
ENSRNOG00000068741,,ensembl
Emcn,Emcn,symbol
ENSRNOG00000033088,,ensembl
Ddit4l,Ddit4l,symbol
H2az1,H2az1,symbol
Dnajb14,Dnajb14,symbol
Lamtor3,Lamtor3,symbol
Dapp1,Dapp1,symbol
Mindy3-ps1,Mindy3-ps1,symbol
LOC102555814,LOC102555814,symbol
ENSRNOG00000062612,,ensembl
Mttp,Mttp,symbol
Trmt10a,Trmt10a,symbol
RGD1309170,RGD1309170,symbol
ENSRNOG00000068931,,ensembl
Adh7,Adh7,symbol
ENSRNOG00000071053,,ensembl
Adh6,Adh6,symbol
Adh6a,Adh6a,symbol
ENSRNOG00000070273,,ensembl
Adh1-ps1,Adh1-ps1,symbol
LOC120101392,LOC120101392,symbol
ENSRNOG00000063698,,ensembl
Adh6,Adh6,symbol
Adh5,Adh5,symbol
Metap1,Metap1,symbol
Mir1956,Mir1956,symbol
Eif4e,Eif4e,symbol
Tspan5,Tspan5,symbol
Rap1gds1,Rap1gds1,symbol
LOC120101272,LOC120101272,symbol
Stpg2,Stpg2,symbol
LOC120101136,LOC120101136,symbol
LOC120101162,LOC120101162,symbol
LOC120101220,LOC120101220,symbol
LOC120101108,LOC120101108,symbol
ENSRNOG00000069084,,ensembl
LOC103691720,LOC103691720,symbol
ENSRNOG00000067298,,ensembl
Unc5c,Unc5c,symbol
Bmpr1b,Bmpr1b,symbol
Pdlim5,Pdlim5,symbol
Gbp5,Gbp5,symbol
RNaseP_nuc,RNaseP_nuc,symbol
Gbp7,Gbp7,symbol
Gbp4,Gbp4,symbol
Gbp2,Gbp2,symbol
Gbp1,Gbp1,symbol
ENSRNOG00000065742,,ensembl
Gbp3,Gbp3,symbol
LOC120101154,LOC120101154,symbol
Gbp1-ps1,Gbp1-ps1,symbol
LOC120100623,LOC120100623,symbol
Gbp6-ps2,Gbp6-ps2,symbol
Kyat3,Kyat3,symbol
Gtf2b,Gtf2b,symbol
Rnu6-503,Rnu6-503,symbol
Pkn2,Pkn2,symbol
Lmo4,Lmo4,symbol
Hs2st1,Hs2st1,symbol
Selenof,Selenof,symbol
Sh3glb1,Sh3glb1,symbol
Clca5,Clca5,symbol
Clca4l,Clca4l,symbol
Clca4,Clca4,symbol
Clca1,Clca1,symbol
Clca2,Clca2,symbol
Odf2l,Odf2l,symbol
Col24a1,Col24a1,symbol
Znhit6,Znhit6,symbol
LOC120101145,LOC120101145,symbol
Ccn1,Ccn1,symbol
Ddah1,Ddah1,symbol
Bcl10,Bcl10,symbol
C2h1orf52,C2h1orf52,symbol
Rnu5e-5,Rnu5e-5,symbol
Syde2,Syde2,symbol
Dnai3,Dnai3,symbol
Mcoln3,Mcoln3,symbol
LOC120101391,LOC120101391,symbol
Mcoln2,Mcoln2,symbol
ENSRNOG00000070239,,ensembl
Lpar3,Lpar3,symbol
ENSRNOG00000064338,,ensembl
Rnu6-777,Rnu6-777,symbol
Ssx2ip,Ssx2ip,symbol
Ctbs,Ctbs,symbol
Spata1,Spata1,symbol
ENSRNOG00000068715,,ensembl
Rpf1,Rpf1,symbol
Uox,Uox,symbol
Dnase2b,Dnase2b,symbol
Samd13,Samd13,symbol
Prkacb,Prkacb,symbol
Ttll7,Ttll7,symbol
ENSRNOG00000065402,,ensembl
LOC120101330,LOC120101330,symbol
Adgrl2,Adgrl2,symbol
Adgrl2,Adgrl2,symbol
LOC120101209,LOC120101209,symbol
LOC120101360,LOC120101360,symbol
ENSRNOG00000067115,,ensembl
AABR07013776.1,AABR07013776.1,symbol
Adgrl4,Adgrl4,symbol
Ifi44,Ifi44,symbol
Ifi44l,Ifi44l,symbol
Ptgfr,Ptgfr,symbol
LOC120101214,LOC120101214,symbol
ENSRNOG00000065840,,ensembl
Gipc2,Gipc2,symbol
ENSRNOG00000062377,,ensembl
Dnajb4,Dnajb4,symbol
Fubp1,Fubp1,symbol
Nexn,Nexn,symbol
Miga1,Miga1,symbol
Usp33,Usp33,symbol
Zzz3,Zzz3,symbol
Ak5,Ak5,symbol
Pigk,Pigk,symbol
St6galnac5,St6galnac5,symbol
St6galnac3,St6galnac3,symbol
LOC120101318,LOC120101318,symbol
LOC120101305,LOC120101305,symbol
Asb17,Asb17,symbol
Msh4,Msh4,symbol
LOC120101327,LOC120101327,symbol
Rabggtb,Rabggtb,symbol
LOC120101235,LOC120101235,symbol
Snord45a,Snord45a,symbol
Snord45c,Snord45c,symbol
Acadm,Acadm,symbol
LOC120101239,LOC120101239,symbol
Slc44a5,Slc44a5,symbol
Lhx8,Lhx8,symbol
Rnu7-151,Rnu7-151,symbol
Tyw3,Tyw3,symbol
Cryz,Cryz,symbol
Erich3,Erich3,symbol
Tnni3k,Tnni3k,symbol
Lrrc53,Lrrc53,symbol
Fpgt,Fpgt,symbol
Lrriq3,Lrriq3,symbol
Negr1,Negr1,symbol
LOC120101315,LOC120101315,symbol
Zranb2,Zranb2,symbol
Mir186,Mir186,symbol
Ptger3,Ptger3,symbol
ENSRNOG00000063023,,ensembl
AABR07048397.1,AABR07048397.1,symbol
ENSRNOG00000064834,,ensembl
AABR07013931.1,AABR07013931.1,symbol
AABR07013931.2,AABR07013931.2,symbol
Cth,Cth,symbol
Ankrd13c,Ankrd13c,symbol
Srsf11,Srsf11,symbol
Lrrc40,Lrrc40,symbol
Lrrc7,Lrrc7,symbol
LOC120101167,LOC120101167,symbol
LOC120101263,LOC120101263,symbol
LOC120101294,LOC120101294,symbol
LOC120101196,LOC120101196,symbol
ENSRNOG00000063785,,ensembl
Depdc1,Depdc1,symbol
Rpe65,Rpe65,symbol
Wls,Wls,symbol
ENSRNOG00000067396,,ensembl
ENSRNOG00000070205,,ensembl
ENSRNOG00000067522,,ensembl
ENSRNOG00000070744,,ensembl
ENSRNOG00000067882,,ensembl
LOC120101499,LOC120101499,symbol
ENSRNOG00000066142,,ensembl
ENSRNOG00000065744,,ensembl
ENSRNOG00000064637,,ensembl
LOC108353098,LOC108353098,symbol
ENSRNOG00000063318,,ensembl
ENSRNOG00000066238,,ensembl
LOC100910078,LOC100910078,symbol
ENSRNOG00000067765,,ensembl
ENSRNOG00000067455,,ensembl
LOC120102105,LOC120102105,symbol
ENSRNOG00000069208,,ensembl
LOC120101957,LOC120101957,symbol
LOC120093067,LOC120093067,symbol
ENSRNOG00000062930,,ensembl
ENSRNOG00000063301,,ensembl
AABR07052125.2,AABR07052125.2,symbol
ENSRNOG00000062687,,ensembl
LOC120101968,LOC120101968,symbol
LOC120101979,LOC120101979,symbol
AABR07028945.1,AABR07028945.1,symbol
ENSRNOG00000067731,,ensembl
ENSRNOG00000068640,,ensembl
LOC302022,LOC302022,symbol
ENSRNOG00000066218,,ensembl
ENSRNOG00000064969,,ensembl
LOC100909833,LOC100909833,symbol
ENSRNOG00000062892,,ensembl
LOC100912517,LOC100912517,symbol
ENSRNOG00000065360,,ensembl
ENSRNOG00000063969,,ensembl
ENSRNOG00000062547,,ensembl
Nxph2,Nxph2,symbol
Spopl,Spopl,symbol
ENSRNOG00000070210,,ensembl
Psx1,Psx1,symbol
Hnmt,Hnmt,symbol
Tbpl2,Tbpl2,symbol
ENSRNOG00000067068,,ensembl
Il36g,Il36g,symbol
Il36a,Il36a,symbol
Il36b,Il36b,symbol
Il36rn,Il36rn,symbol
Il1f10,Il1f10,symbol
Il1rn,Il1rn,symbol
Psd4,Psd4,symbol
Pax8,Pax8,symbol
Cacna1b,Cacna1b,symbol
Ehmt1,Ehmt1,symbol
Arrdc1,Arrdc1,symbol
Zmynd19,Zmynd19,symbol
Dph7,Dph7,symbol
Mrpl41,Mrpl41,symbol
Pnpla7,Pnpla7,symbol
ENSRNOG00000069421,,ensembl
Nsmf,Nsmf,symbol
ENSRNOG00000068169,,ensembl
Entpd8,Entpd8,symbol
Noxa1,Noxa1,symbol
Nrarp,Nrarp,symbol
LOC108350588,LOC108350588,symbol
Tor4a,Tor4a,symbol
Nelfb,Nelfb,symbol
Rnu6-136,Rnu6-136,symbol
Stpg3,Stpg3,symbol
Fam166a,Fam166a,symbol
Tubb4b,Tubb4b,symbol
Rnf208,Rnf208,symbol
Slc34a3,Slc34a3,symbol
Rnf224,Rnf224,symbol
Cysrt1,Cysrt1,symbol
Ndor1,Ndor1,symbol
Tmem203,Tmem203,symbol
Tprn,Tprn,symbol
Ssna1,Ssna1,symbol
Anapc2,Anapc2,symbol
Tmem210,Tmem210,symbol
Lrrc26,Lrrc26,symbol
Grin1,Grin1,symbol
Man1b1,Man1b1,symbol
Dpp7,Dpp7,symbol
Uap1l1,Uap1l1,symbol
Sapcd2,Sapcd2,symbol
Npdc1,Npdc1,symbol
Fut7,Fut7,symbol
Abca2,Abca2,symbol
Clic3,Clic3,symbol
Paxx,Paxx,symbol
Ptgds,Ptgds,symbol
C8g,C8g,symbol
LOC120102031,LOC120102031,symbol
Fbxw5,Fbxw5,symbol
Traf2,Traf2,symbol
Edf1,Edf1,symbol
Mamdc4,Mamdc4,symbol
Ajm1,Ajm1,symbol
Rabl6,Rabl6,symbol
Ccdc183,Ccdc183,symbol
Tmem141,Tmem141,symbol
Fcna,Fcna,symbol
Lcn8,Lcn8,symbol
Lcn5,Lcn5,symbol
Lcn6,Lcn6,symbol
Lcn10,Lcn10,symbol
Obp2a,Obp2a,symbol
Bmyc,Bmyc,symbol
Paep,Paep,symbol
Lcn3,Lcn3,symbol
ENSRNOG00000067380,,ensembl
LOC108348196,LOC108348196,symbol
AABR07051244.1,AABR07051244.1,symbol
ENSRNOG00000067005,,ensembl
Obp2b,Obp2b,symbol
LOC108348105,LOC108348105,symbol
Lcn15l1,Lcn15l1,symbol
Glt6d1,Glt6d1,symbol
Lcn9,Lcn9,symbol
Sohlh1,Sohlh1,symbol
Kcnt1,Kcnt1,symbol
Camsap1,Camsap1,symbol
Rpl8,Rpl8,symbol
Ubac1,Ubac1,symbol
Nacc2,Nacc2,symbol
Tmem250,Tmem250,symbol
Lhx3,Lhx3,symbol
Qsox2,Qsox2,symbol
Ccdc187,Ccdc187,symbol
Gpsm1,Gpsm1,symbol
Dnlz,Dnlz,symbol
Card9,Card9,symbol
Snapc4,Snapc4,symbol
Entr1,Entr1,symbol
Pmpca,Pmpca,symbol
Inpp5e,Inpp5e,symbol
Sec16a,Sec16a,symbol
Notch1,Notch1,symbol
Rnu6-198,Rnu6-198,symbol
Egfl7,Egfl7,symbol
Mir126a,Mir126a,symbol
Agpat2,Agpat2,symbol
Dipk1b,Dipk1b,symbol
ENSRNOG00000067089,,ensembl
LOC120102017,LOC120102017,symbol
AC111292.6,AC111292.6,symbol
LOC120102039,LOC120102039,symbol
LOC681186,LOC681186,symbol
LOC102552073,LOC102552073,symbol
ENSRNOG00000068352,LOC102547612,ensembl
Vegp2,Vegp2,symbol
LOC120102068,LOC120102068,symbol
Lcn1,Lcn1,symbol
Rpl9-ps31,Rpl9-ps31,symbol
ENSRNOG00000067433,,ensembl
Abo3,Abo3,symbol
ENSRNOG00000064101,,ensembl
LOC681385,LOC681385,symbol
ENSRNOG00000069598,,ensembl
LOC681385,LOC681385,symbol
Abo2,Abo2,symbol
ENSRNOG00000070414,,ensembl
AABR07051348.1,AABR07051348.1,symbol
AABR07051348.2,AABR07051348.2,symbol
Rps13,Rps13,symbol
Abo,Abo,symbol
ENSRNOG00000070193,,ensembl
Surf6,Surf6,symbol
Med22,Med22,symbol
Rpl7a,Rpl7a,symbol
Snord24,Snord24,symbol
LOC120101983,LOC120101983,symbol
LOC120101982,LOC120101982,symbol
LOC120101984,LOC120101984,symbol
Surf1,Surf1,symbol
Surf4,Surf4,symbol
Surf2,Surf2,symbol
Stkld1,Stkld1,symbol
Rexo4,Rexo4,symbol
Adamts13,Adamts13,symbol
Cacfd1,Cacfd1,symbol
Slc2a6,Slc2a6,symbol
Gm13398,Gm13398,symbol
Mymk,Mymk,symbol
Adamtsl2,Adamtsl2,symbol
Fam163b,Fam163b,symbol
Dbh,Dbh,symbol
Sardh,Sardh,symbol
Vav2,Vav2,symbol
Brd3,Brd3,symbol
Mir7578,Mir7578,symbol
LOC120102083,LOC120102083,symbol
ENSRNOG00000070157,,ensembl
Wdr5,Wdr5,symbol
LOC120102096,LOC120102096,symbol
Rxra,Rxra,symbol
Col5a1,Col5a1,symbol
ENSRNOG00000063457,,ensembl
ENSRNOG00000064136,,ensembl
Fcnb,Fcnb,symbol
Olfm1,Olfm1,symbol
ENSRNOG00000069269,,ensembl
ENSRNOG00000068716,,ensembl
Ppp1r26,Ppp1r26,symbol
Pierce1,Pierce1,symbol
Mrps2,Mrps2,symbol
Ralgds,Ralgds,symbol
Cel,Cel,symbol
Gtf3c5,Gtf3c5,symbol
Rnu6-592,Rnu6-592,symbol
Gfi1b,Gfi1b,symbol
Tsc1,Tsc1,symbol
Spaca9,Spaca9,symbol
Ak8,Ak8,symbol
Rnu1-136,Rnu1-136,symbol
Gtf3c4,Gtf3c4,symbol
Ddx31,Ddx31,symbol
Barhl1,Barhl1,symbol
Cfap77,Cfap77,symbol
Ttf1,Ttf1,symbol
Setx,Setx,symbol
Ntng2,Ntng2,symbol
Med27,Med27,symbol
Rapgef1,Rapgef1,symbol
Prrt1b,Prrt1b,symbol
LOC102547011,LOC102547011,symbol
Trub2,Trub2,symbol
Coq4,Coq4,symbol
Slc27a4,Slc27a4,symbol
Urm1,Urm1,symbol
Urm1,Urm1,symbol
Mir219-2,Mir219-2,symbol
Cercam,Cercam,symbol
AC114363.1,AC114363.1,symbol
Odf2,Odf2,symbol
Gle1,Gle1,symbol
Sptan1,Sptan1,symbol
Dync2i2,Dync2i2,symbol
Set,Set,symbol
Zdhhc12,Zdhhc12,symbol
Zer1,Zer1,symbol
Tbc1d13,Tbc1d13,symbol
ENSRNOG00000067313,,ensembl
Endog,Endog,symbol
Spout1,Spout1,symbol
Kyat1,Kyat1,symbol
Lrrc8a,Lrrc8a,symbol
Phyhd1,Phyhd1,symbol
Dolk,Dolk,symbol
Nup188,Nup188,symbol
Sh3glb2,Sh3glb2,symbol
Miga2,Miga2,symbol
Dolpp1,Dolpp1,symbol
LOC120102100,LOC120102100,symbol
Crat,Crat,symbol
Ptpa,Ptpa,symbol
Ier5l,Ier5l,symbol
LOC100361008,LOC100361008,symbol
AABR07051399.1,AABR07051399.1,symbol
C3h9orf50,C3h9orf50,symbol
Ntmt1,Ntmt1,symbol
Prrx2,Prrx2,symbol
Asb6,Asb6,symbol
ENSRNOG00000062648,,ensembl
Tor1b,Tor1b,symbol
Tor1a,Tor1a,symbol
C3h9orf78,C3h9orf78,symbol
Usp20,Usp20,symbol
Fnbp1,Fnbp1,symbol
LOC120102117,LOC120102117,symbol
ENSRNOG00000069159,,ensembl
ENSRNOG00000066737,,ensembl
Gpr107,Gpr107,symbol
Ncs1,Ncs1,symbol
LOC103691761,LOC103691761,symbol
Hmcn2,Hmcn2,symbol
Ass1,Ass1,symbol
LOC120102084,LOC120102084,symbol
Fubp3,Fubp3,symbol
Prdm12,Prdm12,symbol
Exosc2,Exosc2,symbol
Abl1,Abl1,symbol
Qrfp,Qrfp,symbol
Fibcd1,Fibcd1,symbol
Lamc3,Lamc3,symbol
Aif1l,Aif1l,symbol
Nup214,Nup214,symbol
Fam78a,Fam78a,symbol
ENSRNOG00000068911,,ensembl
Plpp7,Plpp7,symbol
Prrc2b,Prrc2b,symbol
Snord62a,Snord62a,symbol
Snord62b,Snord62b,symbol
Pomt1,Pomt1,symbol
Uck1,Uck1,symbol
Swi5,Swi5,symbol
Golga2,Golga2,symbol
Dnm1,Dnm1,symbol
ENSRNOG00000069378,,ensembl
LOC120102046,LOC120102046,symbol
Ciz1,Ciz1,symbol
Bbln,Bbln,symbol
Lcn2,Lcn2,symbol
Ptges2,Ptges2,symbol
Slc25a25,Slc25a25,symbol
Naif1,Naif1,symbol
ENSRNOG00000069611,,ensembl
Eeig1,Eeig1,symbol
Pip5kl1,Pip5kl1,symbol
Dpm2,Dpm2,symbol
St6galnac4,St6galnac4,symbol
St6galnac6,St6galnac6,symbol
AABR07051450.1,AABR07051450.1,symbol
Eng,Eng,symbol
Fpgs,Fpgs,symbol
Cdk9,Cdk9,symbol
Mir2861,Mir2861,symbol
Sh2d3c,Sh2d3c,symbol
ENSRNOG00000063763,,ensembl
Rnu6-899,Rnu6-899,symbol
Tor2a,Tor2a,symbol
Ttc16,Ttc16,symbol
Ptrh1,Ptrh1,symbol
Cfap157,Cfap157,symbol
Stxbp1,Stxbp1,symbol
ENSRNOG00000069146,,ensembl
Niban2,Niban2,symbol
Lrsam1,Lrsam1,symbol
Rpl12,Rpl12,symbol
Snora65,Snora65,symbol
Slc2a8,Slc2a8,symbol
Garnl3,Garnl3,symbol
Ralgps1,Ralgps1,symbol
Angptl2,Angptl2,symbol
Zbtb34,Zbtb34,symbol
Zbtb43,Zbtb43,symbol
LOC120102022,LOC120102022,symbol
Lmx1b,Lmx1b,symbol
LOC103695152,LOC103695152,symbol
Mvb12b,Mvb12b,symbol
Pbx3,Pbx3,symbol
LOC108350353,LOC108350353,symbol
Mapkap1,Mapkap1,symbol
Gapvd1,Gapvd1,symbol
Hspa5,Hspa5,symbol
Rabepk,Rabepk,symbol
ENSRNOG00000065046,,ensembl
Fbxw2,Fbxw2,symbol
B3galt9,B3galt9,symbol
ENSRNOG00000068078,,ensembl
Psmd5,Psmd5,symbol
RGD1564854,RGD1564854,symbol
Phf19,Phf19,symbol
Rnu6-1256,Rnu6-1256,symbol
Traf1,Traf1,symbol
C5,C5,symbol
ENSRNOG00000068246,,ensembl
RGD1308742,RGD1308742,symbol
Cntrl,Cntrl,symbol
Rab14,Rab14,symbol
Gsn,Gsn,symbol
Stom,Stom,symbol
ENSRNOG00000066367,,ensembl
Ggta1l1,Ggta1l1,symbol
LOC120101528,LOC120101528,symbol
LOC502618,LOC502618,symbol
Ggta1,Ggta1,symbol
ENSRNOG00000066958,,ensembl
ENSRNOG00000065681,,ensembl
ENSRNOG00000071044,,ensembl
Dab2ip,Dab2ip,symbol
Ttll11,Ttll11,symbol
Ndufa8,Ndufa8,symbol
Morn5,Morn5,symbol
Lhx6,Lhx6,symbol
Rbm18,Rbm18,symbol
Mrrf,Mrrf,symbol
Ptgs1,Ptgs1,symbol
Or1j13b,Or1j13b,symbol
Or1j8b,Or1j8b,symbol
ENSRNOG00000067719,,ensembl
AC131483.1,AC131483.1,symbol
Or1j16b,Or1j16b,symbol
Or1j22,Or1j22,symbol
Or1j10,Or1j10,symbol
ENSRNOG00000064779,,ensembl
Olfr341,Olfr341,symbol
Or1j14,Or1j14,symbol
Or1j15,Or1j15,symbol
Or1j16,Or1j16,symbol
Or1j12b,Or1j12b,symbol
Or1j12,Or1j12,symbol
Or1j13c,Or1j13c,symbol
Or1j19,Or1j19,symbol
Or1j21,Or1j21,symbol
Or1j4,Or1j4,symbol
Or1j4,Or1j4,symbol
Or1n1,Or1n1,symbol
Or1j20,Or1j20,symbol
Or1n1b,Or1n1b,symbol
Or1n2,Or1n2,symbol
Or1l8,Or1l8,symbol
Or1ak2,Or1ak2,symbol
Or1q1,Or1q1,symbol
LOC120102126,LOC120102126,symbol
Or12k5,Or12k5,symbol
Or12k7b,Or12k7b,symbol
Or12k7,Or12k7,symbol
Or12k8,Or12k8,symbol
Or1b1,Or1b1,symbol
Or1l4b,Or1l4b,symbol
Or1l4,Or1l4,symbol
ENSRNOG00000063367,,ensembl
ENSRNOG00000066486,,ensembl
LOC690140,LOC690140,symbol
Or5c1,Or5c1,symbol
AABR07051787.1,AABR07051787.1,symbol
ENSRNOG00000070813,,ensembl
LOC102551549,LOC102551549,symbol
ENSRNOG00000068032,,ensembl
ENSRNOG00000069831,,ensembl
ENSRNOG00000068577,,ensembl
ENSRNOG00000064158,,ensembl
ENSRNOG00000065620,,ensembl
ENSRNOG00000068416,,ensembl
Elob-ps13,Elob-ps13,symbol
ENSRNOG00000066103,,ensembl
ENSRNOG00000069411,,ensembl
LOC100911251,LOC100911251,symbol
ENSRNOG00000067722,,ensembl
Pdcl,Pdcl,symbol
Rc3h2,Rc3h2,symbol
Snord90,Snord90,symbol
ENSRNOG00000063540,,ensembl
Zbtb6,Zbtb6,symbol
Zbtb26,Zbtb26,symbol
Rabgap1,Rabgap1,symbol
Gpr21,Gpr21,symbol
Strbp,Strbp,symbol
LOC120102124,LOC120102124,symbol
ENSRNOG00000066122,,ensembl
RGD1561137,RGD1561137,symbol
Crb2,Crb2,symbol
LOC120101933,LOC120101933,symbol
LOC120101945,LOC120101945,symbol
Dennd1a,Dennd1a,symbol
ENSRNOG00000070761,,ensembl
Lhx2,Lhx2,symbol
Nek6,Nek6,symbol
Psmb7,Psmb7,symbol
ENSRNOG00000066446,,ensembl
Rps20,Rps20,symbol
Nr5a1,Nr5a1,symbol
Nr6a1,Nr6a1,symbol
Mir181a2,Mir181a2,symbol
Mir181b2,Mir181b2,symbol
Olfml2a,Olfml2a,symbol
ENSRNOG00000067412,,ensembl
LOC120102092,LOC120102092,symbol
Wdr38,Wdr38,symbol
Rpl35,Rpl35,symbol
Arpc5l,Arpc5l,symbol
Golga1,Golga1,symbol
Scai,Scai,symbol
ENSRNOG00000064915,,ensembl
Ppp6c,Ppp6c,symbol
LOC120102026,LOC120102026,symbol
AABR07051831.1,AABR07051831.1,symbol
LOC120101994,LOC120101994,symbol
LOC120101997,LOC120101997,symbol
LOC120102038,LOC120102038,symbol
LOC100362366,LOC100362366,symbol
LOC120102003,LOC120102003,symbol
Lrp1b,Lrp1b,symbol
LOC120102048,LOC120102048,symbol
Kynu,Kynu,symbol
Arhgap15,Arhgap15,symbol
LOC120102081,LOC120102081,symbol
LOC120102110,LOC120102110,symbol
Gtdc1,Gtdc1,symbol
Rnu2-18,Rnu2-18,symbol
Zeb2,Zeb2,symbol
ENSRNOG00000067579,,ensembl
ENSRNOG00000063568,,ensembl
ENSRNOG00000067896,,ensembl
ENSRNOG00000070221,,ensembl
ENSRNOG00000070795,,ensembl
LOC108350369,LOC108350369,symbol
ENSRNOG00000067798,,ensembl
LOC120102076,LOC120102076,symbol
LOC120102072,LOC120102072,symbol
LOC120102009,LOC120102009,symbol
LOC120101992,LOC120101992,symbol
LOC120102080,LOC120102080,symbol
ENSRNOG00000062964,,ensembl
ENSRNOG00000062624,,ensembl
Acvr2a,Acvr2a,symbol
ENSRNOG00000065897,Acvr2a,ensembl
Orc4,Orc4,symbol
Mbd5,Mbd5,symbol
Epc2,Epc2,symbol
Kif5c,Kif5c,symbol
Lypd6b,Lypd6b,symbol
Y_RNA,Y_RNA,symbol
Ns5atp4-ps3,Ns5atp4-ps3,symbol
Lypd6,Lypd6,symbol
LOC120101547,LOC120101547,symbol
Hnrnpa1-ps20,Hnrnpa1-ps20,symbol
Mmadhc,Mmadhc,symbol
AABR07052085.2,AABR07052085.2,symbol
LOC499796,LOC499796,symbol
Rnd3,Rnd3,symbol
Tas2r134,Tas2r134,symbol
ENSRNOG00000064762,,ensembl
Rbm43,Rbm43,symbol
Nmi,Nmi,symbol
ENSRNOG00000067055,,ensembl
Tnfaip6,Tnfaip6,symbol
ENSRNOG00000071171,,ensembl
Rif1,Rif1,symbol
Neb,Neb,symbol
AABR07052125.1,AABR07052125.1,symbol
ENSRNOG00000065163,,ensembl
Arl5a,Arl5a,symbol
Cacnb4,Cacnb4,symbol
LOC120102058,LOC120102058,symbol
Stam2,Stam2,symbol
Ndufa2-ps1,Ndufa2-ps1,symbol
Dppa5,Dppa5,symbol
Fmnl2,Fmnl2,symbol
RNaseP_nuc,RNaseP_nuc,symbol
Prpf40a,Prpf40a,symbol
Arl6ip6,Arl6ip6,symbol
RNaseP_nuc,RNaseP_nuc,symbol
LOC120101962,LOC120101962,symbol
Micos10-ps2,Micos10-ps2,symbol
LOC120102079,LOC120102079,symbol
Rprm,Rprm,symbol
LOC120102131,LOC120102131,symbol
ENSRNOG00000063354,,ensembl
Galnt13,Galnt13,symbol
LOC120102077,LOC120102077,symbol
LOC120102015,LOC120102015,symbol
LOC120102089,LOC120102089,symbol
ENSRNOG00000065543,,ensembl
LOC120100122,LOC120100122,symbol
Kcnj3,Kcnj3,symbol
LOC120102040,LOC120102040,symbol
Rnu6-641,Rnu6-641,symbol
Nr4a2,Nr4a2,symbol
ENSRNOG00000068686,,ensembl
Gpd2,Gpd2,symbol
Galnt5,Galnt5,symbol
Ermn,Ermn,symbol
Cytip,Cytip,symbol
ENSRNOG00000069326,,ensembl
Acvr1c,Acvr1c,symbol
Acvr1,Acvr1,symbol
Gapdh-ps1,Gapdh-ps1,symbol
Upp2,Upp2,symbol
Ccdc148,Ccdc148,symbol
Pkp4,Pkp4,symbol
Dapl1,Dapl1,symbol
LOC120101955,LOC120101955,symbol
ENSRNOG00000064239,,ensembl
Tanc1,Tanc1,symbol
ENSRNOG00000062495,,ensembl
ENSRNOG00000068224,,ensembl
Wdsub1,Wdsub1,symbol
Baz2b,Baz2b,symbol
LOC100361645,LOC100361645,symbol
Rnu6-22,Rnu6-22,symbol
Marchf7,Marchf7,symbol
Cd302,Cd302,symbol
Mir6216,Mir6216,symbol
Ly75,Ly75,symbol
Pla2r1,Pla2r1,symbol
Itgb6,Itgb6,symbol
ENSRNOG00000062592,,ensembl
LOC120102123,LOC120102123,symbol
Rbms1,Rbms1,symbol
ENSRNOG00000065937,,ensembl
LOC120102049,LOC120102049,symbol
Tank,Tank,symbol
Psmd14,Psmd14,symbol
Tbr1,Tbr1,symbol
AABR07052327.1,AABR07052327.1,symbol
Rnu6-249,Rnu6-249,symbol
Slc4a10,Slc4a10,symbol
Dpp4,Dpp4,symbol
LOC103691814,LOC103691814,symbol
Gcg,Gcg,symbol
Fap,Fap,symbol
Ifih1,Ifih1,symbol
Gca,Gca,symbol
Kcnh7,Kcnh7,symbol
LOC120102053,LOC120102053,symbol
Fign,Fign,symbol
ENSRNOG00000071011,,ensembl
Grb14,Grb14,symbol
LOC120102125,LOC120102125,symbol
Cobll1,Cobll1,symbol
LOC120101991,LOC120101991,symbol
Slc38a11,Slc38a11,symbol
LOC120102041,LOC120102041,symbol
ENSRNOG00000068361,,ensembl
LOC120102035,LOC120102035,symbol
Scn3a,Scn3a,symbol
Scn2a,Scn2a,symbol
LOC120102075,LOC120102075,symbol
Csrnp3,Csrnp3,symbol
Galnt3,Galnt3,symbol
ENSRNOG00000064472,,ensembl
Ttc21b,Ttc21b,symbol
Scn1a,Scn1a,symbol
LOC108350387,LOC108350387,symbol
Scn9a,Scn9a,symbol
Scn7a,Scn7a,symbol
RGD1560831,RGD1560831,symbol
Xirp2,Xirp2,symbol
LOC120102067,LOC120102067,symbol
B3galt1,B3galt1,symbol
LOC120102112,LOC120102112,symbol
Stk39,Stk39,symbol
LOC685184,LOC685184,symbol
Eif5-ps1,Eif5-ps1,symbol
Cers6,Cers6,symbol
Nostrin,Nostrin,symbol
Spc25,Spc25,symbol
AABR07052465.1,AABR07052465.1,symbol
Abcb11,Abcb11,symbol
Dhrs9,Dhrs9,symbol
Lrp2,Lrp2,symbol
Bbs5,Bbs5,symbol
Klhl41,Klhl41,symbol
Fastkd1,Fastkd1,symbol
Ppig,Ppig,symbol
Cfap210,Cfap210,symbol
Phospho2,Phospho2,symbol
Klhl23,Klhl23,symbol
Ssb,Ssb,symbol
LOC120102101,LOC120102101,symbol
Mettl5,Mettl5,symbol
Ubr3,Ubr3,symbol
Myo3b,Myo3b,symbol
Sp5,Sp5,symbol
Erich2,Erich2,symbol
Gad1,Gad1,symbol
Gorasp2,Gorasp2,symbol
Tlk1,Tlk1,symbol
ENSRNOG00000069016,,ensembl
RGD1565767,RGD1565767,symbol
Mettl8,Mettl8,symbol
Dcaf17,Dcaf17,symbol
Cybrd1,Cybrd1,symbol
AC107446.1,AC107446.1,symbol
Dync1i2,Dync1i2,symbol
Slc25a12,Slc25a12,symbol
ENSRNOG00000065953,,ensembl
Hat1,Hat1,symbol
LOC120102107,LOC120102107,symbol
Metap1d,Metap1d,symbol
Dlx1,Dlx1,symbol
Dlx2,Dlx2,symbol
Itga6,Itga6,symbol
Pdk1,Pdk1,symbol
ENSRNOG00000070490,,ensembl
Rapgef4,Rapgef4,symbol
LOC120102074,LOC120102074,symbol
LOC120102014,LOC120102014,symbol
Map3k20,Map3k20,symbol
Cdca7,Cdca7,symbol
AABR07052519.1,AABR07052519.1,symbol
ENSRNOG00000062511,,ensembl
ENSRNOG00000068942,,ensembl
AABR07052523.2,AABR07052523.2,symbol
Eno1-ps1,Eno1-ps1,symbol
ENSRNOG00000063325,,ensembl
LOC120101567,LOC120101567,symbol
ENSRNOG00000062704,,ensembl
AC120066.1,AC120066.1,symbol
ENSRNOG00000067593,,ensembl
Sp3,Sp3,symbol
ENSRNOG00000066285,,ensembl
Ola1,Ola1,symbol
ENSRNOG00000032195,,ensembl
Sp9,Sp9,symbol
Cir1,Cir1,symbol
Scrn3,Scrn3,symbol
Gpr155,Gpr155,symbol
Wipf1,Wipf1,symbol
ENSRNOG00000070057,,ensembl
Rbx1-ps2,Rbx1-ps2,symbol
Chrna1,Chrna1,symbol
ENSRNOG00000066525,,ensembl
Chn1,Chn1,symbol
Rnu6-1136,Rnu6-1136,symbol
ENSRNOG00000068403,,ensembl
Atf2,Atf2,symbol
LOC120101572,LOC120101572,symbol
Atp5mc3,Atp5mc3,symbol
LOC120102034,LOC120102034,symbol
LOC120102032,LOC120102032,symbol
Lnpk,Lnpk,symbol
LOC120101944,LOC120101944,symbol
LOC120101965,LOC120101965,symbol
Evx2,Evx2,symbol
Hoxd13,Hoxd13,symbol
Hoxd12,Hoxd12,symbol
Hoxd11,Hoxd11,symbol
Hoxd10,Hoxd10,symbol
Hoxd9,Hoxd9,symbol
Hoxd8,Hoxd8,symbol
Hoxd4,Hoxd4,symbol
AABR07052559.1,AABR07052559.1,symbol
Mir10b,Mir10b,symbol
Hoxd3,Hoxd3,symbol
Hoxd1,Hoxd1,symbol
Mtx2,Mtx2,symbol
Hnrnpa3,Hnrnpa3,symbol
Nfe2l2,Nfe2l2,symbol
ENSRNOG00000066660,,ensembl
ENSRNOG00000062925,,ensembl
Agps,Agps,symbol
Ttc30b,Ttc30b,symbol
Ttc30a1,Ttc30a1,symbol
Ttc30a,Ttc30a,symbol
Cyct,Cyct,symbol
ENSRNOG00000063773,Anp32a-ps1,ensembl
Rbm45,Rbm45,symbol
Osbpl6,Osbpl6,symbol
Prkra,Prkra,symbol
Pjvk,Pjvk,symbol
Fkbp7,Fkbp7,symbol
Plekha3,Plekha3,symbol
Ttn,Ttn,symbol
Ccdc141,Ccdc141,symbol
Sestd1,Sestd1,symbol
Rnu6-480,Rnu6-480,symbol
ENSRNOG00000063654,LOC134486391,ensembl
ENSRNOG00000069787,,ensembl
Zfp385b,Zfp385b,symbol
LOC120102119,LOC120102119,symbol
Cwc22,Cwc22,symbol
LOC120102114,LOC120102114,symbol
RGD1564319,RGD1564319,symbol
Ube2e3,Ube2e3,symbol
ENSRNOG00000068062,,ensembl
Itga4,Itga4,symbol
Cerkl,Cerkl,symbol
LOC120101977,LOC120101977,symbol
Neurod1,Neurod1,symbol
Itprid2,Itprid2,symbol
Ppp1r1c,Ppp1r1c,symbol
Pde1a,Pde1a,symbol
Dnajc10,Dnajc10,symbol
ENSRNOG00000070411,,ensembl
Frzb,Frzb,symbol
Nckap1,Nckap1,symbol
Dusp19,Dusp19,symbol
LOC120102120,LOC120102120,symbol
Nup35,Nup35,symbol
LOC120102070,LOC120102070,symbol
LOC102547850,LOC102547850,symbol
Zfp804a,Zfp804a,symbol
AABR07052692.1,AABR07052692.1,symbol
Fsip2,Fsip2,symbol
Rnu6-738,Rnu6-738,symbol
LOC120102065,LOC120102065,symbol
LOC108350600,LOC108350600,symbol
Zc3h15,Zc3h15,symbol
ENSRNOG00000064076,,ensembl
Itgav,Itgav,symbol
Fam171b,Fam171b,symbol
Zswim2,Zswim2,symbol
ENSRNOG00000067710,,ensembl
Calcrl,Calcrl,symbol
Tfpi,Tfpi,symbol
Ctnnd1,Ctnnd1,symbol
Btbd18,Btbd18,symbol
Selenoh,Selenoh,symbol
Tmx2,Tmx2,symbol
Med19,Med19,symbol
Zdhhc5,Zdhhc5,symbol
Clp1,Clp1,symbol
Ypel4,Ypel4,symbol
Mir130a,Mir130a,symbol
Gm19426,Gm19426,symbol
LOC120101953,LOC120101953,symbol
Serping1,Serping1,symbol
Ube2l6,Ube2l6,symbol
Smtnl1,Smtnl1,symbol
Timm10,Timm10,symbol
Slc43a1,Slc43a1,symbol
Rtn4rl2,Rtn4rl2,symbol
Slc43a3,Slc43a3,symbol
Prg2,Prg2,symbol
Prg3,Prg3,symbol
P2rx3,P2rx3,symbol
Ssrp1,Ssrp1,symbol
Tnks1bp1,Tnks1bp1,symbol
Aplnr,Aplnr,symbol
Lrrc55,Lrrc55,symbol
LOC120102027,LOC120102027,symbol
Or5ak4,Or5ak4,symbol
Or5ak22,Or5ak22,symbol
Olr440,Olr440,symbol
Or5ak24,Or5ak24,symbol
Or5ak25,Or5ak25,symbol
Fads2b,Fads2b,symbol
LOC120102020,LOC120102020,symbol
Or5g27,Or5g27,symbol
Or5g27b,Or5g27b,symbol
Or5g28,Or5g28,symbol
Olfr998,Olfr998,symbol
Or5g24,Or5g24,symbol
Or5g25,Or5g25,symbol
Or9g4,Or9g4,symbol
Or8k16,Or8k16,symbol
Or5g9,Or5g9,symbol
Or9g10,Or9g10,symbol
Or9g3,Or9g3,symbol
Or9g19,Or9g19,symbol
Or9g8-ps1,Or9g8-ps1,symbol
Or9g4b,Or9g4b,symbol
Or9g20,Or9g20,symbol
Or2ah1,Or2ah1,symbol
Or5ar1,Or5ar1,symbol
Or5ap2,Or5ap2,symbol
Or5ap2b,Or5ap2b,symbol
Or5m10b,Or5m10b,symbol
Or5m10,Or5m10,symbol
Or5m12b-ps1,Or5m12b-ps1,symbol
Or5m13b,Or5m13b,symbol
ENSRNOG00000049901,Or5m11,ensembl
Or5m11,Or5m11,symbol
Or5m8,Or5m8,symbol
Or5m3,Or5m3,symbol
LOC103691839,LOC103691839,symbol
Or5m9,Or5m9,symbol
Or8u10,Or8u10,symbol
Or8u3,Or8u3,symbol
Or5al5-ps1,Or5al5-ps1,symbol
Or5al5b,Or5al5b,symbol
Or5al1,Or5al1,symbol
Or5al7,Or5al7,symbol
Or8u9,Or8u9,symbol
LOC120101448,LOC120101448,symbol
Or8j3,Or8j3,symbol
Or8u8,Or8u8,symbol
Or8j3,Or8j3,symbol
Or8k1,Or8k1,symbol
Or8k3,Or8k3,symbol
Or8k17-ps1,Or8k17-ps1,symbol
Or8k20,Or8k20,symbol
Or8k16b,Or8k16b,symbol
Or8k22,Or8k22,symbol
Or8k53b-ps1,Or8k53b-ps1,symbol
Or8k23,Or8k23,symbol
Or8j3b,Or8j3b,symbol
Or8k24,Or8k24,symbol
Or8k27,Or8k27,symbol
Or8k25,Or8k25,symbol
Or8k30-ps1,Or8k30-ps1,symbol
Or8k30b,Or8k30b,symbol
Or8k31,Or8k31,symbol
Or8k32,Or8k32,symbol
Or8k33,Or8k33,symbol
Olfr1085,Olfr1085,symbol
Or5t7,Or5t7,symbol
Or8k3b-ps1,Or8k3b-ps1,symbol
Or8k39,Or8k39,symbol
Or8k40,Or8k40,symbol
Or5t5,Or5t5,symbol
Or5t18,Or5t18,symbol
Or5t9,Or5t9,symbol
Or5t9b,Or5t9b,symbol
LOC120102134,LOC120102134,symbol
Or5t5b,Or5t5b,symbol
Or8h10,Or8h10,symbol
Or8h6,Or8h6,symbol
Or8h7,Or8h7,symbol
Or8h9,Or8h9,symbol
Or8h10c,Or8h10c,symbol
Or10ag59,Or10ag59,symbol
Or8h10b,Or8h10b,symbol
Or5t16,Or5t16,symbol
Or5t17-ps1,Or5t17-ps1,symbol
Or8i2,Or8i2,symbol
Or5be3,Or5be3,symbol
Or5j1,Or5j1,symbol
Or5aq1,Or5aq1,symbol
Or5aq6,Or5aq6,symbol
Rnu6-1089,Rnu6-1089,symbol
Or5aq7,Or5aq7,symbol
LOC120101961,LOC120101961,symbol
Or5as1,Or5as1,symbol
Or10ag52b,Or10ag52b,symbol
Or5aq1d,Or5aq1d,symbol
Metazoa_SRP,Metazoa_SRP,symbol
Rnu6-107,Rnu6-107,symbol
Or5aq1b,Or5aq1b,symbol
Olr551,Olr551,symbol
Or5aq7b,Or5aq7b,symbol
Or12e1,Or12e1,symbol
Or10ag52,Or10ag52,symbol
Or10ag54,Or10ag54,symbol
ENSRNOG00000067863,,ensembl
Olfr1120,Olfr1120,symbol
Or12e9,Or12e9,symbol
Or10ag57,Or10ag57,symbol
AC118490.1,AC118490.1,symbol
Or10ag54b,Or10ag54b,symbol
Or10ag58,Or10ag58,symbol
Or10ag59b,Or10ag59b,symbol
Or12e8,Or12e8,symbol
Pramel7,Pramel7,symbol
Pramel6,Pramel6,symbol
Or8w1b,Or8w1b,symbol
Or5w22,Or5w22,symbol
Or5w1d-ps1,Or5w1d-ps1,symbol
Or5w1c-ps1,Or5w1c-ps1,symbol
Potef,Potef,symbol
LOC100361457,LOC100361457,symbol
Or5w1e-ps1,Or5w1e-ps1,symbol
Or5w11,Or5w11,symbol
Or8w1,Or8w1,symbol
Or5w1,Or5w1,symbol
Or5w12,Or5w12,symbol
Or5w14b-ps1,Or5w14b-ps1,symbol
Or5w14,Or5w14,symbol
Or5w13b,Or5w13b,symbol
Or5w13,Or5w13,symbol
Or5w15,Or5w15,symbol
Or5w16,Or5w16,symbol
Or5w17,Or5w17,symbol
Or5i1,Or5i1,symbol
Or5w18,Or5w18,symbol
Or12e10,Or12e10,symbol
Or12e13-ps1,Or12e13-ps1,symbol
Or12e13b,Or12e13b,symbol
Olfr1150-ps1,Olfr1150-ps1,symbol
Or5w8,Or5w8,symbol
Or5w19,Or5w19,symbol
Olfr1153,Olfr1153,symbol
LOC686641,LOC686641,symbol
Or5d16-ps1,Or5d16-ps1,symbol
Or5l13,Or5l13,symbol
Or5l14b,Or5l14b,symbol
LOC102555599,LOC102555599,symbol
Or5d47,Or5d47,symbol
AC131848.1,AC131848.1,symbol
Or5d35,Or5d35,symbol
Or5d18,Or5d18,symbol
LOC100365887,LOC100365887,symbol
Or9m1b,Or9m1b,symbol
Or5d14,Or5d14,symbol
Or5d37,Or5d37,symbol
Or5d20,Or5d20,symbol
Or5d41,Or5d41,symbol
Or5w8b,Or5w8b,symbol
Or5d40,Or5d40,symbol
ENSRNOG00000067265,Or5d45,ensembl
ENSRNOG00000066602,,ensembl
Olfr1176,Olfr1176,symbol
Olfr1177,Olfr1177,symbol
Or4p7,Or4p7,symbol
Or4p19b-ps1,Or4p19b-ps1,symbol
Olr621,Olr621,symbol
Olr623,Olr623,symbol
LOC120102097,LOC120102097,symbol
Or4c99,Or4c99,symbol
Or4p20,Or4p20,symbol
Or4p18,Or4p18,symbol
Or4p19,Or4p19,symbol
Or4p20b,Or4p20b,symbol
Or4p25-ps1,Or4p25-ps1,symbol
Or4c31,Or4c31,symbol
ENSRNOG00000070254,,ensembl
Or4p22d,Or4p22d,symbol
Or4c31b,Or4c31b,symbol
Or4p22e,Or4p22e,symbol
ENSRNOG00000063082,,ensembl
Or4c130-ps1,Or4c130-ps1,symbol
ENSRNOG00000064529,,ensembl
Or4c129,Or4c129,symbol
ENSRNOG00000064353,,ensembl
ENSRNOG00000069830,LOC134485158,ensembl
Or4c102,Or4c102,symbol
Or4p4,Or4p4,symbol
Or4s2,Or4s2,symbol
Or4c103b,Or4c103b,symbol
Or4c103,Or4c103,symbol
Or4a66c,Or4a66c,symbol
Or4c105b,Or4c105b,symbol
Or4a66,Or4a66,symbol
Olr655,Olr655,symbol
Rnu6-383,Rnu6-383,symbol
Or4p23,Or4p23,symbol
Or4c104,Or4c104,symbol
Or4a66b,Or4a66b,symbol
Or4c105,Or4c105,symbol
Or4c11,Or4c11,symbol
Or4p8,Or4p8,symbol
Or4c29,Or4c29,symbol
Or4c15,Or4c15,symbol
Or4c107,Or4c107,symbol
ENSRNOG00000063086,,ensembl
Or4c109b,Or4c109b,symbol
Or4c108b,Or4c108b,symbol
Or4c109,Or4c109,symbol
Or4c110,Or4c110,symbol
Or4c111,Or4c111,symbol
Or4c112,Or4c112,symbol
Olr673,Olr673,symbol
Or4c114,Or4c114,symbol
Or4c112b,Or4c112b,symbol
ENSRNOG00000065083,,ensembl
Or4c114b-ps1,Or4c114b-ps1,symbol
Or4c115,Or4c115,symbol
Or4c116,Or4c116,symbol
ENSRNOG00000069518,,ensembl
Or4c117,Or4c117,symbol
Or4c128-ps1,Or4c128-ps1,symbol
Or4c117b,Or4c117b,symbol
LOC108350561,LOC108350561,symbol
Or4c119-ps1,Or4c119-ps1,symbol
Or4a71,Or4a71,symbol
Or4c120,Or4c120,symbol
Or4c121,Or4c121,symbol
Or4c122,Or4c122,symbol
Or4c15b,Or4c15b,symbol
Or4p18b,Or4p18b,symbol
Or4c123,Or4c123,symbol
Or4c1,Or4c1,symbol
Or4c124,Or4c124,symbol
Or4c124b,Or4c124b,symbol
Or4c125,Or4c125,symbol
Or4a15b,Or4a15b,symbol
Or4a2,Or4a2,symbol
LOC120101681,LOC120101681,symbol
Olr703,Olr703,symbol
LOC120101452,LOC120101452,symbol
Or4a68,Or4a68,symbol
Or4a69,Or4a69,symbol
Or4a70,Or4a70,symbol
Or4a78,Or4a78,symbol
Or4a72,Or4a72,symbol
Or4a73,Or4a73,symbol
Or4a77e,Or4a77e,symbol
Or4a77b,Or4a77b,symbol
Or4a78,Or4a78,symbol
Or4a77c,Or4a77c,symbol
Or4a80,Or4a80,symbol
Or4a77,Or4a77,symbol
Olr716,Olr716,symbol
Or4a77d,Or4a77d,symbol
Or4a81,Or4a81,symbol
Or4c12b-ps1,Or4c12b-ps1,symbol
Or4a47,Or4a47,symbol
Or4c58,Or4c58,symbol
Or4c10b,Or4c10b,symbol
Olfr1258,Olfr1258,symbol
Or4c12,Or4c12,symbol
Or4c35,Or4c35,symbol
Or4c52,Or4c52,symbol
Or4c127,Or4c127,symbol
Olr726,Olr726,symbol
Or4c3,Or4c3,symbol
Or4x11b-ps1,Or4x11b-ps1,symbol
Or4c3e,Or4c3e,symbol
Or4x11c,Or4x11c,symbol
Or4x11c,Or4x11c,symbol
Or4x5,Or4x5,symbol
Or4x6,Or4x6,symbol
Or4b1d,Or4b1d,symbol
Rnu6-886,Rnu6-886,symbol
ENSRNOG00000070780,,ensembl
ENSRNOG00000065667,,ensembl
Or4b13b,Or4b13b,symbol
Or4b13b,Or4b13b,symbol
Or4b1b-ps1,Or4b1b-ps1,symbol
Or4b1c,Or4b1c,symbol
ENSRNOG00000062804,,ensembl
ENSRNOG00000065949,,ensembl
Ptprj,Ptprj,symbol
Nup160,Nup160,symbol
LOC120102013,LOC120102013,symbol
Fnbp4,Fnbp4,symbol
Agbl2,Agbl2,symbol
Mtch2,Mtch2,symbol
C1qtnf4,C1qtnf4,symbol
Ndufs3,Ndufs3,symbol
Kbtbd4,Kbtbd4,symbol
Ptpmt1,Ptpmt1,symbol
Celf1,Celf1,symbol
Rapsn,Rapsn,symbol
Psmc3,Psmc3,symbol
Slc39a13,Slc39a13,symbol
ENSRNOG00000065800,,ensembl
Spi1,Spi1,symbol
Mybpc3,Mybpc3,symbol
Madd,Madd,symbol
Nr1h3,Nr1h3,symbol
LOC120101973,LOC120101973,symbol
Acp2,Acp2,symbol
Ddb2,Ddb2,symbol
Pacsin3,Pacsin3,symbol
Arfgap2,Arfgap2,symbol
Cstpp1,Cstpp1,symbol
LOC120102116,LOC120102116,symbol
Lrp4,Lrp4,symbol
Ckap5,Ckap5,symbol
Snord67,Snord67,symbol
F2,F2,symbol
ENSRNOG00000070459,Znf408,ensembl
Arhgap1,Arhgap1,symbol
Atg13,Atg13,symbol
Harbi1,Harbi1,symbol
ENSRNOG00000068479,,ensembl
Ambra1,Ambra1,symbol
Chrm4,Chrm4,symbol
Mdk,Mdk,symbol
Dgkz,Dgkz,symbol
Creb3l1,Creb3l1,symbol
Phf21a,Phf21a,symbol
LOC120102016,LOC120102016,symbol
Large2,Large2,symbol
Pex16,Pex16,symbol
Frey1,Frey1,symbol
Mapk8ip1,Mapk8ip1,symbol
Cry2,Cry2,symbol
Slc35c1,Slc35c1,symbol
ENSRNOG00000070295,,ensembl
ENSRNOG00000064363,,ensembl
ENSRNOG00000064963,,ensembl
ENSRNOG00000070955,,ensembl
Chst1,Chst1,symbol
Syt13,Syt13,symbol
Prdm11,Prdm11,symbol
ENSRNOG00000068495,,ensembl
Tp53i11,Tp53i11,symbol
Tspan18,Tspan18,symbol
ENSRNOG00000063662,LOC120101602,ensembl
Cd82,Cd82,symbol
Alx4,Alx4,symbol
Ext2,Ext2,symbol
Accs,Accs,symbol
Accsl,Accsl,symbol
RGD1564664,RGD1564664,symbol
Alkbh3,Alkbh3,symbol
Hsd17b12,Hsd17b12,symbol
Timm23-ps8,Timm23-ps8,symbol
Mir129-2,Mir129-2,symbol
Ttc17,Ttc17,symbol
Api5,Api5,symbol
LOC120102043,LOC120102043,symbol
LOC120102004,LOC120102004,symbol
Rnu6-841,Rnu6-841,symbol
ENSRNOG00000070379,,ensembl
ENSRNOG00000066316,,ensembl
Lrrc4c,Lrrc4c,symbol
LOC120101993,LOC120101993,symbol
LOC120102127,LOC120102127,symbol
AABR07053065.1,AABR07053065.1,symbol
LOC499843,LOC499843,symbol
ENSRNOG00000069367,,ensembl
Iftap,Iftap,symbol
Rag2,Rag2,symbol
Rag1,Rag1,symbol
Traf6,Traf6,symbol
ENSRNOG00000064955,,ensembl
Prr5l,Prr5l,symbol
Commd9,Commd9,symbol
Ldlrad3,Ldlrad3,symbol
Rpl21,Rpl21,symbol
Trim44,Trim44,symbol
LOC120101996,LOC120101996,symbol
Fjx1,Fjx1,symbol
Pamr1,Pamr1,symbol
Slc1a2,Slc1a2,symbol
ENSRNOG00000062419,,ensembl
Cd44,Cd44,symbol
Pdhx,Pdhx,symbol
Apip,Apip,symbol
Rnu6-434,Rnu6-434,symbol
Ehf,Ehf,symbol
Elf5,Elf5,symbol
Cat,Cat,symbol
Abtb2,Abtb2,symbol
Nat10,Nat10,symbol
Caprin1,Caprin1,symbol
ENSRNOG00000063191,,ensembl
Lmo2,Lmo2,symbol
ENSRNOG00000063085,,ensembl
Fbxo3,Fbxo3,symbol
LOC120102093,LOC120102093,symbol
ENSRNOG00000063705,,ensembl
Cd59,Cd59,symbol
ENSRNOG00000065584,,ensembl
RGD1563222,RGD1563222,symbol
LOC100362814,LOC100362814,symbol
Hipk3,Hipk3,symbol
LOC120102051,LOC120102051,symbol
Cstf3,Cstf3,symbol
Tcp11l1,Tcp11l1,symbol
Depdc7,Depdc7,symbol
Qser1,Qser1,symbol
Prrg4,Prrg4,symbol
RGD1560017,RGD1560017,symbol
Ccdc73,Ccdc73,symbol
Eif3m,Eif3m,symbol
ENSRNOG00000067112,,ensembl
ENSRNOG00000062501,,ensembl
Wt1,Wt1,symbol
LOC691083,LOC691083,symbol
ENSRNOG00000065354,,ensembl
Rcn1,Rcn1,symbol
ENSRNOG00000062759,,ensembl
Pax6,Pax6,symbol
AABR07053185.1,AABR07053185.1,symbol
LOC108350427,LOC108350427,symbol
Immp1l,Immp1l,symbol
LOC120102106,LOC120102106,symbol
Dnajc24,Dnajc24,symbol
LOC108350428,LOC108350428,symbol
Dcdc1-ps1,Dcdc1-ps1,symbol
Mpped2,Mpped2,symbol
Arl14ep,Arl14ep,symbol
Fshb,Fshb,symbol
RNaseP_nuc,RNaseP_nuc,symbol
Kcna4,Kcna4,symbol
LOC120102061,LOC120102061,symbol
LOC120102064,LOC120102064,symbol
LOC120102045,LOC120102045,symbol
LOC120102025,LOC120102025,symbol
ENSRNOG00000066298,,ensembl
Mettl15,Mettl15,symbol
Kif18a,Kif18a,symbol
Bdnf,Bdnf,symbol
Lin7c,Lin7c,symbol
AC135294.1,AC135294.1,symbol
Lgr4,Lgr4,symbol
Ccdc34,Ccdc34,symbol
Slc25a5-ps9,Slc25a5-ps9,symbol
Bbox1,Bbox1,symbol
Fibin,Fibin,symbol
Slc5a12,Slc5a12,symbol
Ano3,Ano3,symbol
Muc15,Muc15,symbol
Potefam1,Potefam1,symbol
Or4f52,Or4f52,symbol
Or4f53,Or4f53,symbol
Or4f53b,Or4f53b,symbol
Or4k35,Or4k35,symbol
Or4f54,Or4f54,symbol
Or4g16,Or4g16,symbol
Or4k36,Or4k36,symbol
Or4k37,Or4k37,symbol
ENSRNOG00000067506,,ensembl
Or4k77,Or4k77,symbol
Or4g17,Or4g17,symbol
Or4g7,Or4g7,symbol
Or4k42b,Or4k42b,symbol
ENSRNOG00000070174,,ensembl
Olr765,Olr765,symbol
Or4k42-ps1,Or4k42-ps1,symbol
Or4f4b,Or4f4b,symbol
Or4k44,Or4k44,symbol
Or4k45,Or4k45,symbol
Or4k46,Or4k46,symbol
ENSRNOG00000067536,,ensembl
Or4k49,Or4k49,symbol
Or4k50,Or4k50,symbol
Olfr1301,Olfr1301,symbol
Or4k52,Or4k52,symbol
ENSRNOG00000065048,,ensembl
Or4f7b,Or4f7b,symbol
Or4k48b,Or4k48b,symbol
Or4f7c,Or4f7c,symbol
LOC120102069,LOC120102069,symbol
Or4f7,Or4f7,symbol
LOC120102063,LOC120102063,symbol
Or4f56,Or4f56,symbol
Or4f14,Or4f14,symbol
Or4f14f,Or4f14f,symbol
Or4f57,Or4f57,symbol
Or4f15,Or4f15,symbol
LOC100363452,LOC100363452,symbol
Or4f6,Or4f6,symbol
Or4f58,Or4f58,symbol
ENSRNOG00000063222,,ensembl
Or4f59,Or4f59,symbol
Or4f60b,Or4f60b,symbol
ENSRNOG00000065075,,ensembl
Or4f14e,Or4f14e,symbol
Or4f61d,Or4f61d,symbol
ENSRNOG00000064512,,ensembl
Or4f47,Or4f47,symbol
Or4f62,Or4f62,symbol
Or4f6b,Or4f6b,symbol
Or4f60,Or4f60,symbol
Lpcat4,Lpcat4,symbol
Nutm1,Nutm1,symbol
Nop10,Nop10,symbol
Slc12a6,Slc12a6,symbol
Emc4,Emc4,symbol
ENSRNOG00000070081,,ensembl
Katnbl1,Katnbl1,symbol
Emc7,Emc7,symbol
Chrm5,Chrm5,symbol
Aven,Aven,symbol
LOC120102095,LOC120102095,symbol
Ryr3,Ryr3,symbol
LOC120101913,LOC120101913,symbol
ENSRNOG00000067970,,ensembl
LOC120102033,LOC120102033,symbol
AABR07053402.1,AABR07053402.1,symbol
Tmco5b,Tmco5b,symbol
Fmn1,Fmn1,symbol
Grem1,Grem1,symbol
Scg5,Scg5,symbol
Arhgap11a,Arhgap11a,symbol
Gjd2,Gjd2,symbol
ENSRNOG00000067277,,ensembl
Actc1,Actc1,symbol
Aqr,Aqr,symbol
Zfp770,Zfp770,symbol
Dph6,Dph6,symbol
LOC120102042,LOC120102042,symbol
Cdin1,Cdin1,symbol
Meis2,Meis2,symbol
LOC120102030,LOC120102030,symbol
Tmco5a,Tmco5a,symbol
LOC120102099,LOC120102099,symbol
Spred1,Spred1,symbol
ENSRNOG00000063357,,ensembl
Mir674,Mir674,symbol
Fam98b,Fam98b,symbol
Rasgrp1,Rasgrp1,symbol
ENSRNOG00000068851,,ensembl
ENSRNOG00000069642,,ensembl
LOC120102023,LOC120102023,symbol
LOC120101636,LOC120101636,symbol
Thbs1,Thbs1,symbol
Fsip1,Fsip1,symbol
LOC120102132,LOC120102132,symbol
Gpr176,Gpr176,symbol
Eif2ak4,Eif2ak4,symbol
Srp14,Srp14,symbol
Bmf,Bmf,symbol
Bub1b,Bub1b,symbol
Pak6,Pak6,symbol
Ankrd63,Ankrd63,symbol
Plcb2,Plcb2,symbol
LOC102548045,LOC102548045,symbol
ENSRNOG00000069049,,ensembl
ENSRNOG00000066025,Inafm2,ensembl
Ccdc9b,Ccdc9b,symbol
AABR07053500.2,AABR07053500.2,symbol
Disp2,Disp2,symbol
Knstrn,Knstrn,symbol
ENSRNOG00000069437,,ensembl
Ivd,Ivd,symbol
Bahd1,Bahd1,symbol
Chst14,Chst14,symbol
Ccdc32,Ccdc32,symbol
Rpusd2,Rpusd2,symbol
Knl1,Knl1,symbol
LOC120102037,LOC120102037,symbol
Rad51,Rad51,symbol
Rmdn3,Rmdn3,symbol
LOC691418,LOC691418,symbol
Gchfr,Gchfr,symbol
Dnajc17,Dnajc17,symbol
Zfyve19,Zfyve19,symbol
Ppp1r14d,Ppp1r14d,symbol
Spint1,Spint1,symbol
Rhov,Rhov,symbol
Rnu6-603,Rnu6-603,symbol
Vps18,Vps18,symbol
ENSRNOG00000070640,,ensembl
Dll4,Dll4,symbol
Chac1,Chac1,symbol
Ino80,Ino80,symbol
Exd1,Exd1,symbol
Chp1,Chp1,symbol
Oip5,Oip5,symbol
Nusap1,Nusap1,symbol
Ndufaf1,Ndufaf1,symbol
Rpap1,Rpap1,symbol
Rtf1,Rtf1,symbol
Itpka,Itpka,symbol
Ltk,Ltk,symbol
Tyro3,Tyro3,symbol
Mga,Mga,symbol
Mapkbp1,Mapkbp1,symbol
AABR07053509.1,AABR07053509.1,symbol
Jmjd7,Jmjd7,symbol
Pla2g4b,Pla2g4b,symbol
Sptbn5,Sptbn5,symbol
Ehd4,Ehd4,symbol
ENSRNOG00000070962,,ensembl
Pla2g4e,Pla2g4e,symbol
Pla2g4d,Pla2g4d,symbol
Pla2g4f,Pla2g4f,symbol
Vps39,Vps39,symbol
Tmem87a,Tmem87a,symbol
Ganc,Ganc,symbol
Capn3,Capn3,symbol
LOC120102010,LOC120102010,symbol
Zfp106,Zfp106,symbol
ENSRNOG00000067626,,ensembl
Snap23,Snap23,symbol
Lrrc57,Lrrc57,symbol
Haus2,Haus2,symbol
ENSRNOG00000064734,,ensembl
Stard9,Stard9,symbol
Cdan1,Cdan1,symbol
ENSRNOG00000070503,,ensembl
Ttbk2,Ttbk2,symbol
Ubr1,Ubr1,symbol
Tmem62,Tmem62,symbol
Ccndbp1,Ccndbp1,symbol
Epb42,Epb42,symbol
Tgm5,Tgm5,symbol
Tgm7,Tgm7,symbol
Adal,Adal,symbol
Lcmt2,Lcmt2,symbol
Adal,Adal,symbol
ENSRNOG00000066055,,ensembl
Zscan29,Zscan29,symbol
Tubgcp4,Tubgcp4,symbol
Tp53bp1,Tp53bp1,symbol
Map1a,Map1a,symbol
Ppip5k1,Ppip5k1,symbol
Ckmt1,Ckmt1,symbol
Strc,Strc,symbol
Catsper2,Catsper2,symbol
Pdia3,Pdia3,symbol
Rnu105c,Rnu105c,symbol
LOC120101948,LOC120101948,symbol
Ell3,Ell3,symbol
Serf2,Serf2,symbol
Gm22953,Gm22953,symbol
Serinc4,Serinc4,symbol
Hypk,Hypk,symbol
Mfap1a,Mfap1a,symbol
Wdr76,Wdr76,symbol
Frmd5,Frmd5,symbol
Golm2,Golm2,symbol
Ctdspl2,Ctdspl2,symbol
Eif3j,Eif3j,symbol
Spg11,Spg11,symbol
Patl2,Patl2,symbol
B2m,B2m,symbol
Trim69,Trim69,symbol
Terb2,Terb2,symbol
Sord,Sord,symbol
AC112350.1,AC112350.1,symbol
Duox2,Duox2,symbol
Duoxa2,Duoxa2,symbol
Duoxa1,Duoxa1,symbol
Duox1,Duox1,symbol
Shf,Shf,symbol
ENSRNOG00000068179,,ensembl
Slc28a2,Slc28a2,symbol
LOC120102128,LOC120102128,symbol
LOC120101643,LOC120101643,symbol
LOC120101644,LOC120101644,symbol
Tra2b-ps3,Tra2b-ps3,symbol
Gatm,Gatm,symbol
Spata5l1,Spata5l1,symbol
MGC105649,MGC105649,symbol
MGC105649,MGC105649,symbol
Mir147,Mir147,symbol
Slc30a4,Slc30a4,symbol
Bloc1s6,Bloc1s6,symbol
ENSRNOG00000069505,,ensembl
Sqor,Sqor,symbol
ENSRNOG00000064484,,ensembl
ENSRNOG00000064610,,ensembl
ENSRNOG00000062726,,ensembl
ENSRNOG00000065609,,ensembl
LOC120102028,LOC120102028,symbol
ENSRNOG00000063280,,ensembl
Sema6d,Sema6d,symbol
Slc24a5,Slc24a5,symbol
Myef2,Myef2,symbol
Ctxn2,Ctxn2,symbol
Slc12a1,Slc12a1,symbol
Rpl32-ps1,Rpl32-ps1,symbol
Dut,Dut,symbol
Fbn1,Fbn1,symbol
Cep152,Cep152,symbol
Cep152,Cep152,symbol
LOC120101650,LOC120101650,symbol
Shc4,Shc4,symbol
Eid1,Eid1,symbol
Secisbp2l,Secisbp2l,symbol
Cops2,Cops2,symbol
Galk2,Galk2,symbol
Fam227b,Fam227b,symbol
Fgf7,Fgf7,symbol
Dtwd1,Dtwd1,symbol
Atp8b4,Atp8b4,symbol
LOC120101972,LOC120101972,symbol
Slc27a2,Slc27a2,symbol
Hdc,Hdc,symbol
Gabpb1,Gabpb1,symbol
LOC120102036,LOC120102036,symbol
Usp8,Usp8,symbol
Usp50,Usp50,symbol
Trpm7,Trpm7,symbol
ENSRNOG00000033429,,ensembl
Sppl2a,Sppl2a,symbol
Ap4e1,Ap4e1,symbol
Blvra,Blvra,symbol
Ncaph,Ncaph,symbol
Itpripl1,Itpripl1,symbol
Snrnp200,Snrnp200,symbol
Ciao1,Ciao1,symbol
Tmem127,Tmem127,symbol
Stard7,Stard7,symbol
ENSRNOG00000064265,,ensembl
Dusp2,Dusp2,symbol
Astl,Astl,symbol
Adra2b,Adra2b,symbol
Gpat2,Gpat2,symbol
Fahd2a,Fahd2a,symbol
Kcnip3,Kcnip3,symbol
Prom2,Prom2,symbol
LOC100909998,LOC100909998,symbol
LOC100909998,LOC100909998,symbol
Mrps5,Mrps5,symbol
Mal,Mal,symbol
Mall,Mall,symbol
Nphp1,Nphp1,symbol
Mtln,Mtln,symbol
Bub1,Bub1,symbol
Acoxl,Acoxl,symbol
Bcl2l11,Bcl2l11,symbol
ENSRNOG00000067465,,ensembl
LOC102555576,LOC102555576,symbol
ENSRNOG00000065452,,ensembl
ENSRNOG00000064821,,ensembl
ENSRNOG00000064568,,ensembl
Spdye4c,Spdye4c,symbol
Anapc1,Anapc1,symbol
Mertk,Mertk,symbol
Tmem87b,Tmem87b,symbol
LOC120102056,LOC120102056,symbol
Fbln7,Fbln7,symbol
Zc3h8,Zc3h8,symbol
ENSRNOG00000062653,,ensembl
Zc3h6,Zc3h6,symbol
RGD1561442,RGD1561442,symbol
Ttl,Ttl,symbol
Polr1b,Polr1b,symbol
Chchd5,Chchd5,symbol
LOC102549592,LOC102549592,symbol
Slc20a1,Slc20a1,symbol
Ckap2l,Ckap2l,symbol
Il1a,Il1a,symbol
Il1b,Il1b,symbol
Sirpb3,Sirpb3,symbol
Sirpa,Sirpa,symbol
Pdyn,Pdyn,symbol
AABR07053716.1,AABR07053716.1,symbol
Stk35,Stk35,symbol
Tgm3,Tgm3,symbol
LOC120102055,LOC120102055,symbol
Tgm6,Tgm6,symbol
Snrpb,Snrpb,symbol
Tmc2,Tmc2,symbol
LOC120102118,LOC120102118,symbol
Nop56,Nop56,symbol
Snord110,Snord110,symbol
Snora51,Snora51,symbol
Snord86,Snord86,symbol
Snord56,Snord56,symbol
Snord57,Snord57,symbol
Idh3b,Idh3b,symbol
AABR07053734.1,AABR07053734.1,symbol
Rps12l3,Rps12l3,symbol
Ebf4,Ebf4,symbol
Cpxm1,Cpxm1,symbol
ENSRNOG00000066318,,ensembl
Tmem239,Tmem239,symbol
Pced1a,Pced1a,symbol
Vps16,Vps16,symbol
Ptpra,Ptpra,symbol
Mrps26,Mrps26,symbol
Oxt,Oxt,symbol
Avp,Avp,symbol
ENSRNOG00000065212,,ensembl
ENSRNOG00000068360,,ensembl
Ubox5,Ubox5,symbol
Fastkd5,Fastkd5,symbol
Lzts3,Lzts3,symbol
Ddrgk1,Ddrgk1,symbol
Itpa,Itpa,symbol
Slc4a11,Slc4a11,symbol
Rnu6-45,Rnu6-45,symbol
Dnaaf9,Dnaaf9,symbol
LOC120101934,LOC120101934,symbol
ENSRNOG00000069867,,ensembl
ENSRNOG00000069383,,ensembl
LOC102547276,LOC102547276,symbol
Atrn,Atrn,symbol
Gfra4,Gfra4,symbol
Adam33,Adam33,symbol
Siglec1,Siglec1,symbol
LOC120102129,LOC120102129,symbol
Hspa12b,Hspa12b,symbol
RGD1311739,RGD1311739,symbol
Cenpb,Cenpb,symbol
Spef1,Spef1,symbol
ENSRNOG00000070304,,ensembl
Cdc25b,Cdc25b,symbol
Ap5s1,Ap5s1,symbol
ENSRNOG00000069580,,ensembl
Mavs,Mavs,symbol
ENSRNOG00000070087,,ensembl
Pank2,Pank2,symbol
Mir103a2,Mir103a2,symbol
Rnf24,Rnf24,symbol
RNaseP_nuc,RNaseP_nuc,symbol
ENSRNOG00000069165,,ensembl
AABR07053749.1,AABR07053749.1,symbol
ENSRNOG00000070122,,ensembl
LOC108350566,LOC108350566,symbol
Smox,Smox,symbol
Adra1d,Adra1d,symbol
Ervv-2,Ervv-2,symbol
Prnp,Prnp,symbol
ENSRNOG00000070982,,ensembl
Prnd,Prnd,symbol
Rassf2,Rassf2,symbol
Slc23a2,Slc23a2,symbol
Tmem230,Tmem230,symbol
Pcna,Pcna,symbol
Cds2,Cds2,symbol
ENSRNOG00000067542,,ensembl
LOC120102115,LOC120102115,symbol
Prokr2,Prokr2,symbol
Gpcpd1,Gpcpd1,symbol
Shld1,Shld1,symbol
LOC120101966,LOC120101966,symbol
Chgb,Chgb,symbol
Trmt6,Trmt6,symbol
Mcm8,Mcm8,symbol
Crls1,Crls1,symbol
Lrrn4,Lrrn4,symbol
Fermt1,Fermt1,symbol
Bmp2,Bmp2,symbol
Rnu6-897,Rnu6-897,symbol
Hao1,Hao1,symbol
Tmx4,Tmx4,symbol
Plcb1,Plcb1,symbol
Plcb4,Plcb4,symbol
LOC120101970,LOC120101970,symbol
Lamp5,Lamp5,symbol
Pak5,Pak5,symbol
LOC120102018,LOC120102018,symbol
AABR07053830.1,AABR07053830.1,symbol
Ankef1,Ankef1,symbol
Snap25,Snap25,symbol
AABR07053837.1,AABR07053837.1,symbol
Mkks,Mkks,symbol
Gm56451,Gm56451,symbol
Slx4ip,Slx4ip,symbol
Jag1,Jag1,symbol
Btbd3,Btbd3,symbol
AABR07053866.1,AABR07053866.1,symbol
ENSRNOG00000067830,,ensembl
ENSRNOG00000066288,,ensembl
AABR07053884.1,AABR07053884.1,symbol
Sptlc3,Sptlc3,symbol
Ism1,Ism1,symbol
ENSRNOG00000068011,,ensembl
Tasp1,Tasp1,symbol
Esf1,Esf1,symbol
Ndufaf5,Ndufaf5,symbol
Sel1l2,Sel1l2,symbol
Macrod2,Macrod2,symbol
LOC120101941,LOC120101941,symbol
Flrt3,Flrt3,symbol
ENSRNOG00000062960,,ensembl
ENSRNOG00000063431,,ensembl
Kif16b,Kif16b,symbol
LOC120102071,LOC120102071,symbol
LOC120102060,LOC120102060,symbol
Snrpb2,Snrpb2,symbol
Otor,Otor,symbol
Pcsk2,Pcsk2,symbol
Wbp4-ps1,Wbp4-ps1,symbol
Bfsp1,Bfsp1,symbol
Dstn,Dstn,symbol
Rrbp1,Rrbp1,symbol
Banf2,Banf2,symbol
Snx5,Snx5,symbol
Snord17,Snord17,symbol
Mgme1,Mgme1,symbol
Ovol2,Ovol2,symbol
LOC120102008,LOC120102008,symbol
Kat14,Kat14,symbol
Zfp133,Zfp133,symbol
Dzank1,Dzank1,symbol
Polr3f,Polr3f,symbol
Rbbp9,Rbbp9,symbol
ENSRNOG00000067833,,ensembl
Sec23b,Sec23b,symbol
Smim26,Smim26,symbol
Dtd1,Dtd1,symbol
Scp2d1,Scp2d1,symbol
Slc24a3,Slc24a3,symbol
LOC120102073,LOC120102073,symbol
Rin2,Rin2,symbol
LOC120102122,LOC120102122,symbol
Naa20,Naa20,symbol
Crnkl1,Crnkl1,symbol
AABR07054096.1,AABR07054096.1,symbol
Insm1,Insm1,symbol
Ralgapa2,Ralgapa2,symbol
LOC120101950,LOC120101950,symbol
ENSRNOG00000070752,,ensembl
Kiz,Kiz,symbol
Xrn2,Xrn2,symbol
Nkx2-4,Nkx2-4,symbol
ENSRNOG00000070310,,ensembl
Nkx2-2,Nkx2-2,symbol
Pax1,Pax1,symbol
LOC120101936,LOC120101936,symbol
Foxa2,Foxa2,symbol
LOC120102104,LOC120102104,symbol
Sstr4,Sstr4,symbol
Thbd,Thbd,symbol
Cd93,Cd93,symbol
LOC120102047,LOC120102047,symbol
Nxt1,Nxt1,symbol
Gzf1,Gzf1,symbol
Napb,Napb,symbol
Cstl1,Cstl1,symbol
Cst11,Cst11,symbol
LOC257643,LOC257643,symbol
Cst12,Cst12,symbol
Cst8,Cst8,symbol
Rnu1-39,Rnu1-39,symbol
Cst13,Cst13,symbol
LOC120102029,LOC120102029,symbol
Cst9l,Cst9l,symbol
Cstdc2,Cstdc2,symbol
Cst3,Cst3,symbol
AABR07054186.1,AABR07054186.1,symbol
Andpro,Andpro,symbol
Fth1-ps5,Fth1-ps5,symbol
LOC678760,LOC678760,symbol
ENSRNOG00000067192,Dpp3l1,ensembl
P22k15,P22k15,symbol
LOC689220,LOC689220,symbol
Cyss,Cyss,symbol
AABR07054232.1,AABR07054232.1,symbol
Cyssl1,Cyssl1,symbol
Cst5,Cst5,symbol
Syndig1,Syndig1,symbol
ENSRNOG00000069506,,ensembl
AABR07027267.1,AABR07027267.1,symbol
AC107446.3,AC107446.3,symbol
ENSRNOG00000070080,,ensembl
LOC100911984,LOC100911984,symbol
ENSRNOG00000062319,,ensembl
LOC100362296,LOC100362296,symbol
LOC102555578,LOC102555578,symbol
LOC102555217,LOC102555217,symbol
Rnaset2-ps1,Rnaset2-ps1,symbol
LOC102555033,LOC102555033,symbol
LOC102554315,LOC102554315,symbol
AABR07054262.1,AABR07054262.1,symbol
LOC102549291,LOC102549291,symbol
ENSRNOG00000070867,,ensembl
ENSRNOG00000064151,,ensembl
ENSRNOG00000069954,,ensembl
LOC103690174,LOC103690174,symbol
RGD1565143,RGD1565143,symbol
Cst7,Cst7,symbol
Apmap,Apmap,symbol
Acss1,Acss1,symbol
ENSRNOG00000070276,,ensembl
Vsx1,Vsx1,symbol
LOC120101949,LOC120101949,symbol
Entpd6,Entpd6,symbol
Pygb,Pygb,symbol
Abhd12,Abhd12,symbol
Gins1,Gins1,symbol
Rnu6-722,Rnu6-722,symbol
Ninl,Ninl,symbol
Nanp,Nanp,symbol
LOC120102054,LOC120102054,symbol
LOC102548446,LOC102548446,symbol
Nsfl1c,Nsfl1c,symbol
Fkbp1a,Fkbp1a,symbol
Sdcbp2,Sdcbp2,symbol
Snph,Snph,symbol
Rad21l1,Rad21l1,symbol
ENSRNOG00000064629,Tmem74bos,ensembl
ENSRNOG00000071014,,ensembl
Tmem74b,Tmem74b,symbol
Psmf1,Psmf1,symbol
Rspo4,Rspo4,symbol
Angpt4,Angpt4,symbol
Fam110a,Fam110a,symbol
ENSRNOG00000064961,,ensembl
ENSRNOG00000064726,,ensembl
Slc52a3,Slc52a3,symbol
Scrt2,Scrt2,symbol
Srxn1,Srxn1,symbol
Tcf15,Tcf15,symbol
Csnk2a1,Csnk2a1,symbol
ENSRNOG00000063194,,ensembl
Tbc1d20,Tbc1d20,symbol
Rbck1,Rbck1,symbol
Trib3,Trib3,symbol
Nrsn2,Nrsn2,symbol
Sox12,Sox12,symbol
Zcchc3,Zcchc3,symbol
LOC502684,LOC502684,symbol
Defb23,Defb23,symbol
Defb20,Defb20,symbol
Defb22,Defb22,symbol
Defb26,Defb26,symbol
Defb28,Defb28,symbol
Defb29,Defb29,symbol
ENSRNOG00000070322,,ensembl
AC111428.1,AC111428.1,symbol
Defb21,Defb21,symbol
Defb24,Defb24,symbol
Defb27,Defb27,symbol
Defb36,Defb36,symbol
Defb25,Defb25,symbol
Rem1,Rem1,symbol
Hm13,Hm13,symbol
Id1,Id1,symbol
Cox4i2,Cox4i2,symbol
Bcl2l1,Bcl2l1,symbol
LOC108350502,LOC108350502,symbol
ENSRNOG00000068358,,ensembl
Tpx2,Tpx2,symbol
LOC120102102,LOC120102102,symbol
LOC102553350,LOC102553350,symbol
Mylk2,Mylk2,symbol
Foxs1,Foxs1,symbol
Dusp15,Dusp15,symbol
Ttll9,Ttll9,symbol
Pdrg1,Pdrg1,symbol
Pdrg1,Pdrg1,symbol
Xkr7,Xkr7,symbol
Ccm2l,Ccm2l,symbol
Hck,Hck,symbol
LOC120101963,LOC120101963,symbol
Tm9sf4,Tm9sf4,symbol
Tspy26,Tspy26,symbol
Plagl2,Plagl2,symbol
Pofut1,Pofut1,symbol
LOC690246,LOC690246,symbol
Kif3b,Kif3b,symbol
Asxl1,Asxl1,symbol
Nol4l,Nol4l,symbol
4930404H24Rik,4930404H24Rik,symbol
AABR07054341.2,AABR07054341.2,symbol
LOC103691935,LOC103691935,symbol
LOC120101758,LOC120101758,symbol
Commd7,Commd7,symbol
Dnmt3b,Dnmt3b,symbol
Dnmt3c,Dnmt3c,symbol
Mapre1,Mapre1,symbol
Efcab8,Efcab8,symbol
Sun5,Sun5,symbol
Bpifb2,Bpifb2,symbol
Bpifb6,Bpifb6,symbol
Bpifb3,Bpifb3,symbol
Bpifa6,Bpifa6,symbol
Bpifa2,Bpifa2,symbol
Bpifa2f,Bpifa2f,symbol
LOC120102098,LOC120102098,symbol
Bpifa3,Bpifa3,symbol
Bpifa1,Bpifa1,symbol
Bpifa5,Bpifa5,symbol
Bpifb1,Bpifb1,symbol
Cdk5rap1,Cdk5rap1,symbol
Bpifb5,Bpifb5,symbol
LOC690507,LOC690507,symbol
ENSRNOG00000064935,,ensembl
Snta1,Snta1,symbol
Cbfa2t2,Cbfa2t2,symbol
Sms-ps2,Sms-ps2,symbol
AABR07054362.1,AABR07054362.1,symbol
E2f1,E2f1,symbol
RGD1561517,RGD1561517,symbol
Actl10,Actl10,symbol
Pxmp4,Pxmp4,symbol
Zfp341,Zfp341,symbol
ENSRNOG00000063087,,ensembl
AABR07054368.1,AABR07054368.1,symbol
Chmp4b,Chmp4b,symbol
LOC690597,LOC690597,symbol
Raly,Raly,symbol
Eif2s2,Eif2s2,symbol
LOC120102011,LOC120102011,symbol
Asip,Asip,symbol
Ahcy,Ahcy,symbol
ENSRNOG00000063989,,ensembl
LOC102549926,LOC102549926,symbol
Itch,Itch,symbol
Dynlrb1,Dynlrb1,symbol
LOC120102109,LOC120102109,symbol
Map1lc3a,Map1lc3a,symbol
Pigu,Pigu,symbol
Rnu6-524,Rnu6-524,symbol
Tp53inp2,Tp53inp2,symbol
Mir6334,Mir6334,symbol
Ncoa6,Ncoa6,symbol
LOC103691943,LOC103691943,symbol
LOC120102001,LOC120102001,symbol
Ggt7,Ggt7,symbol
Acss2,Acss2,symbol
LOC120102019,LOC120102019,symbol
Gss,Gss,symbol
Myh7b,Myh7b,symbol
Mir499a,Mir499a,symbol
Trpc4ap,Trpc4ap,symbol
Edem2,Edem2,symbol
Procr,Procr,symbol
ENSRNOG00000069090,,ensembl
Mmp24,Mmp24,symbol
Eif6,Eif6,symbol
Fam83c,Fam83c,symbol
Uqcc1,Uqcc1,symbol
Gdf5,Gdf5,symbol
ENSRNOG00000065177,,ensembl
Cep250,Cep250,symbol
LOC102550306,LOC102550306,symbol
Ergic3,Ergic3,symbol
Fer1l4,Fer1l4,symbol
Spag4,Spag4,symbol
ENSRNOG00000064539,,ensembl
Rbm12,Rbm12,symbol
Cpne1,Cpne1,symbol
Nfs1,Nfs1,symbol
Romo1,Romo1,symbol
ENSRNOG00000068949,,ensembl
Rbm39,Rbm39,symbol
Phf20,Phf20,symbol
ENSRNOG00000067187,,ensembl
Scand1,Scand1,symbol
Cnbd2,Cnbd2,symbol
LOC120102024,LOC120102024,symbol
Epb41l1,Epb41l1,symbol
Aar2,Aar2,symbol
Dlgap4,Dlgap4,symbol
Myl9,Myl9,symbol
Tgif2,Tgif2,symbol
Rab5if,Rab5if,symbol
Sla2,Sla2,symbol
LOC120101769,LOC120101769,symbol
LOC102554288,LOC102554288,symbol
LOC679863,LOC679863,symbol
Dsn1,Dsn1,symbol
ENSRNOG00000063901,,ensembl
ENSRNOG00000063496,,ensembl
Soga1,Soga1,symbol
Tldc2,Tldc2,symbol
Samhd1,Samhd1,symbol
Rbl1,Rbl1,symbol
LOC120101995,LOC120101995,symbol
Mroh8,Mroh8,symbol
Rpn2,Rpn2,symbol
Ghrh,Ghrh,symbol
Manbal,Manbal,symbol
Src,Src,symbol
ENSRNOG00000069366,,ensembl
Blcap,Blcap,symbol
Nnat,Nnat,symbol
Ctnnbl1,Ctnnbl1,symbol
Mpc1l-ps3,Mpc1l-ps3,symbol
Vstm2l,Vstm2l,symbol
Tti1,Tti1,symbol
Rprd1b,Rprd1b,symbol
Tgm2,Tgm2,symbol
Kiaa1755,Kiaa1755,symbol
Bpi,Bpi,symbol
Lbp,Lbp,symbol
ENSRNOG00000065727,,ensembl
LOC120101987,LOC120101987,symbol
Snora71a,Snora71a,symbol
Snora71c,Snora71c,symbol
ENSRNOG00000069588,,ensembl
Snora71e,Snora71e,symbol
Snora60,Snora60,symbol
Ralgapb,Ralgapb,symbol
Adig,Adig,symbol
Arhgap40,Arhgap40,symbol
LOC120102121,LOC120102121,symbol
Slc32a1,Slc32a1,symbol
Actr5,Actr5,symbol
Ppp1r16b,Ppp1r16b,symbol
LOC120101775,LOC120101775,symbol
Fam83d,Fam83d,symbol
Dhx35,Dhx35,symbol
LOC120102066,LOC120102066,symbol
LOC120102133,LOC120102133,symbol
Mafb,Mafb,symbol
ENSRNOG00000066616,LOC102549747,ensembl
LOC102550999,LOC102550999,symbol
Top1,Top1,symbol
Plcg1,Plcg1,symbol
Zhx3,Zhx3,symbol
Lpin3,Lpin3,symbol
Emilin3,Emilin3,symbol
Chd6,Chd6,symbol
LOC120102052,LOC120102052,symbol
Ptprt,Ptprt,symbol
LOC120102062,LOC120102062,symbol
LOC120102078,LOC120102078,symbol
Srsf6,Srsf6,symbol
ENSRNOG00000063689,,ensembl
L3mbtl1,L3mbtl1,symbol
Sgk2,Sgk2,symbol
Ift52,Ift52,symbol
Mybl2,Mybl2,symbol
LOC120101931,LOC120101931,symbol
Gtsf1l,Gtsf1l,symbol
Tox2,Tox2,symbol
Jph2,Jph2,symbol
Oser1,Oser1,symbol
ENSRNOG00000065658,,ensembl
Gdap1l1,Gdap1l1,symbol
Fitm2,Fitm2,symbol
R3hdml,R3hdml,symbol
Hnf4a,Hnf4a,symbol
Ttpal,Ttpal,symbol
Serinc3,Serinc3,symbol
Pkig,Pkig,symbol
Ada,Ada,symbol
Ccn5,Ccn5,symbol
Kcnk15,Kcnk15,symbol
Rims4,Rims4,symbol
LOC120102044,LOC120102044,symbol
Ywhab,Ywhab,symbol
Pabpc1l,Pabpc1l,symbol
Tomm34,Tomm34,symbol
Stk4,Stk4,symbol
Kcns1,Kcns1,symbol
Wfdc5,Wfdc5,symbol
Wfdc12,Wfdc12,symbol
Wfdc15a,Wfdc15a,symbol
Wfdc15b,Wfdc15b,symbol
Semg1,Semg1,symbol
Svs3b,Svs3b,symbol
Svs4,Svs4,symbol
Svs3a,Svs3a,symbol
Svs6,Svs6,symbol
Svs5,Svs5,symbol
LOC103690289,LOC103690289,symbol
Slpil2,Slpil2,symbol
Slpil3,Slpil3,symbol
Slpil2,Slpil2,symbol
Slpi,Slpi,symbol
Matn4,Matn4,symbol
Rbpjl,Rbpjl,symbol
Sdc4,Sdc4,symbol
Sys1,Sys1,symbol
Tp53tg5,Tp53tg5,symbol
Pigt,Pigt,symbol
ENSRNOG00000062366,,ensembl
Wfdc2,Wfdc2,symbol
Spint3,Spint3,symbol
Wfdc6a,Wfdc6a,symbol
Eppin,Eppin,symbol
Wfdc8,Wfdc8,symbol
Wfdc6b,Wfdc6b,symbol
LOC120102050,LOC120102050,symbol
Wfdc16,Wfdc16,symbol
Wfdc9,Wfdc9,symbol
Wfdc10a,Wfdc10a,symbol
ENSRNOG00000065546,Wfdc11,ensembl
Wfdc13,Wfdc13,symbol
ENSRNOG00000064296,,ensembl
Spint4,Spint4,symbol
Spint5p,Spint5p,symbol
ENSRNOG00000063397,,ensembl
Wfdc3,Wfdc3,symbol
Dnttip1,Dnttip1,symbol
Ube2c,Ube2c,symbol
Tnnc2,Tnnc2,symbol
Snx21,Snx21,symbol
Acot8,Acot8,symbol
Zswim3,Zswim3,symbol
Zswim1,Zswim1,symbol
Spata25,Spata25,symbol
Neurl2,Neurl2,symbol
Ctsa,Ctsa,symbol
Pltp,Pltp,symbol
Pcif1,Pcif1,symbol
Zfp335,Zfp335,symbol
Mmp9,Mmp9,symbol
Slc12a5,Slc12a5,symbol
Ncoa5,Ncoa5,symbol
Cd40,Cd40,symbol
ENSRNOG00000063950,,ensembl
Cdh22,Cdh22,symbol
Slc35c2,Slc35c2,symbol
Elmo2,Elmo2,symbol
Zfp663,Zfp663,symbol
AABR07053304.1,AABR07053304.1,symbol
Zfp334,Zfp334,symbol
Ocstamp,Ocstamp,symbol
Slc13a3,Slc13a3,symbol
Trp53rka,Trp53rka,symbol
Slc2a10,Slc2a10,symbol
Eya2,Eya2,symbol
Zmynd8,Zmynd8,symbol
Ncoa3,Ncoa3,symbol
Sulf2,Sulf2,symbol
AABR07054608.1,AABR07054608.1,symbol
Prex1,Prex1,symbol
ENSRNOG00000064408,,ensembl
Rnu6-760,Rnu6-760,symbol
Trp53rkb,Trp53rkb,symbol
Arfgef2,Arfgef2,symbol
Cse1l,Cse1l,symbol
Stau1,Stau1,symbol
LOC108350624,LOC108350624,symbol
Ddx27,Ddx27,symbol
Znfx1,Znfx1,symbol
Snord12c,Snord12c,symbol
Snord12b,Snord12b,symbol
Snord12,Snord12,symbol
Kcnb1,Kcnb1,symbol
AABR07054614.1,AABR07054614.1,symbol
Rpl38-ps9,Rpl38-ps9,symbol
B4galt5,B4galt5,symbol
LOC120101999,LOC120101999,symbol
Slc9a8,Slc9a8,symbol
Spata2,Spata2,symbol
Rnf114,Rnf114,symbol
Snai1,Snai1,symbol
LOC679539,LOC679539,symbol
Peds1,Peds1,symbol
ENSRNOG00000067023,,ensembl
ENSRNOG00000065376,,ensembl
Cebpb,Cebpb,symbol
Ptpn1,Ptpn1,symbol
Ripor3,Ripor3,symbol
Pard6b,Pard6b,symbol
Adnp,Adnp,symbol
Dpm1,Dpm1,symbol
Mocs3,Mocs3,symbol
Kcng1,Kcng1,symbol
LOC102554533,LOC102554533,symbol
Nfatc2,Nfatc2,symbol
Atp9a,Atp9a,symbol
Sall4,Sall4,symbol
LOC120102059,LOC120102059,symbol
Zfp93,Zfp93,symbol
ENSRNOG00000067568,,ensembl
Tshz2,Tshz2,symbol
ENSRNOG00000064332,,ensembl
Zfp217,Zfp217,symbol
LOC120102108,LOC120102108,symbol
Bcas1,Bcas1,symbol
ENSRNOG00000063885,,ensembl
ENSRNOG00000064257,,ensembl
Cyp24a1,Cyp24a1,symbol
Pfdn4,Pfdn4,symbol
Dok5,Dok5,symbol
ENSRNOG00000065655,,ensembl
Cbln4,Cbln4,symbol
Mc3r,Mc3r,symbol
LOC102550081,LOC102550081,symbol
Fam210b,Fam210b,symbol
Aurka,Aurka,symbol
Cstf1,Cstf1,symbol
Cass4,Cass4,symbol
Rtfdc1,Rtfdc1,symbol
Gcnt7,Gcnt7,symbol
ENSRNOG00000066007,,ensembl
Fam209,Fam209,symbol
LOC120102103,LOC120102103,symbol
Tfap2c,Tfap2c,symbol
Bmp7,Bmp7,symbol
Spo11,Spo11,symbol
Rae1,Rae1,symbol
Rbm38,Rbm38,symbol
Uchl3,Uchl3,symbol
Ctcfl,Ctcfl,symbol
Pck1,Pck1,symbol
Zbp1,Zbp1,symbol
Pmepa1,Pmepa1,symbol
Rnu6-1162,Rnu6-1162,symbol
C3h20orf85,C3h20orf85,symbol
Ankrd60,Ankrd60,symbol
ENSRNOG00000068825,,ensembl
ENSRNOG00000065334,,ensembl
ENSRNOG00000069700,,ensembl
Rab22a,Rab22a,symbol
ENSRNOG00000069922,,ensembl
Vapb,Vapb,symbol
Apcdd1l,Apcdd1l,symbol
Stx16,Stx16,symbol
Npepl1,Npepl1,symbol
Mir296,Mir296,symbol
Mir298,Mir298,symbol
Gnas,Gnas,symbol
Gnas,Gnas,symbol
ENSRNOG00000062644,,ensembl
Nelfcd,Nelfcd,symbol
Ctsz,Ctsz,symbol
Tubb1,Tubb1,symbol
Atp5f1e,Atp5f1e,symbol
Prelid3b,Prelid3b,symbol
Zfp831,Zfp831,symbol
Edn3,Edn3,symbol
ENSRNOG00000067347,,ensembl
ENSRNOG00000067752,,ensembl
ENSRNOG00000068131,,ensembl
LOC103690425,LOC103690425,symbol
ENSRNOG00000063189,,ensembl
LOC120101822,LOC120101822,symbol
ENSRNOG00000069989,,ensembl
ENSRNOG00000070526,,ensembl
LOC102550520,LOC102550520,symbol
LOC689816,LOC689816,symbol
LOC100912009,LOC100912009,symbol
ENSRNOG00000069241,,ensembl
LOC102554315,LOC102554315,symbol
ENSRNOG00000070181,,ensembl
ENSRNOG00000068538,,ensembl
ENSRNOG00000063761,LOC134486511,ensembl
ENSRNOG00000066179,,ensembl
LOC108350578,LOC108350578,symbol
ENSRNOG00000062563,,ensembl
ENSRNOG00000066687,,ensembl
ENSRNOG00000066844,,ensembl
ENSRNOG00000070854,,ensembl
ENSRNOG00000063156,,ensembl
ENSRNOG00000067266,,ensembl
Phactr3,Phactr3,symbol
LOC120101827,LOC120101827,symbol
Sycp2,Sycp2,symbol
AC127963.2,AC127963.2,symbol
Fam217b,Fam217b,symbol
Ppp1r3d,Ppp1r3d,symbol
Cdh26,Cdh26,symbol
Cdh4,Cdh4,symbol
Taf4,Taf4,symbol
LOC120102111,LOC120102111,symbol
Lsm14b,Lsm14b,symbol
Psma7,Psma7,symbol
Ss18l1,Ss18l1,symbol
Mtg2,Mtg2,symbol
LOC120102057,LOC120102057,symbol
Hrh3,Hrh3,symbol
Osbpl2,Osbpl2,symbol
ENSRNOG00000068542,,ensembl
Adrm1,Adrm1,symbol
Lama5,Lama5,symbol
Rps21,Rps21,symbol
Cables2,Cables2,symbol
Rbbp8nl,Rbbp8nl,symbol
Gata5,Gata5,symbol
AC115322.1,AC115322.1,symbol
Mir1b,Mir1b,symbol
Mir133a-2,Mir133a-2,symbol
Slco4a1,Slco4a1,symbol
ENSRNOG00000064180,,ensembl
Ntsr1,Ntsr1,symbol
Mrgbp,Mrgbp,symbol
Ogfr,Ogfr,symbol
Col9a3,Col9a3,symbol
Tcfl5,Tcfl5,symbol
Dido1,Dido1,symbol
Gid8,Gid8,symbol
Slc17a9,Slc17a9,symbol
Bhlhe23,Bhlhe23,symbol
Mir124-3,Mir124-3,symbol
Ythdf1,Ythdf1,symbol
Birc7,Birc7,symbol
Nkain4,Nkain4,symbol
Col20a1,Col20a1,symbol
Arfgap1,Arfgap1,symbol
Chrna4,Chrna4,symbol
Eef1a2,Eef1a2,symbol
Ppdpf,Ppdpf,symbol
Ptk6,Ptk6,symbol
Srms,Srms,symbol
ENSRNOG00000067544,,ensembl
Fndc11,Fndc11,symbol
Helz2,Helz2,symbol
Gmeb2,Gmeb2,symbol
Stmn3,Stmn3,symbol
Rtel1,Rtel1,symbol
Arfrp1,Arfrp1,symbol
Zgpat,Zgpat,symbol
Lime1,Lime1,symbol
Zbtb46,Zbtb46,symbol
Rnu6-663,Rnu6-663,symbol
Tpd52l2,Tpd52l2,symbol
Dnajc5,Dnajc5,symbol
Uckl1,Uckl1,symbol
Zfp512b,Zfp512b,symbol
Samd10,Samd10,symbol
Prpf6,Prpf6,symbol
Rnu6-181,Rnu6-181,symbol
Sox18,Sox18,symbol
Tcea2,Tcea2,symbol
Rgs19,Rgs19,symbol
Lkaaear1,Lkaaear1,symbol
Oprl1,Oprl1,symbol
Myt1,Myt1,symbol
Pcmtd2,Pcmtd2,symbol
Polr3k,Polr3k,symbol
Ube2n-ps1,Ube2n-ps1,symbol
LOC120102591,LOC120102591,symbol
LOC120102761,LOC120102761,symbol
LOC120102569,LOC120102569,symbol
LOC120102613,LOC120102613,symbol
LOC120102624,LOC120102624,symbol
LOC120102646,LOC120102646,symbol
ENSRNOG00000067309,,ensembl
ENSRNOG00000063013,,ensembl
LOC120102635,LOC120102635,symbol
LOC120102580,LOC120102580,symbol
LOC120102772,LOC120102772,symbol
LOC120102558,LOC120102558,symbol
LOC120102556,LOC120102556,symbol
LOC120102602,LOC120102602,symbol
ENSRNOG00000063157,,ensembl
Il6,Il6,symbol
ENSRNOG00000062577,,ensembl
Dnajb6,Dnajb6,symbol
ENSRNOG00000068828,,ensembl
ENSRNOG00000067428,,ensembl
Ube3c,Ube3c,symbol
LOC681193,LOC681193,symbol
Mnx1,Mnx1,symbol
ENSRNOG00000066929,,ensembl
ENSRNOG00000062437,,ensembl
Nom1,Nom1,symbol
Lmbr1,Lmbr1,symbol
Rnf32,Rnf32,symbol
ENSRNOG00000067713,,ensembl
AABR07059002.1,AABR07059002.1,symbol
Shh,Shh,symbol
Rbm33,Rbm33,symbol
Cnpy1,Cnpy1,symbol
En2,En2,symbol
Insig1,Insig1,symbol
Htr5a,Htr5a,symbol
LOC120102658,LOC120102658,symbol
Paxip1,Paxip1,symbol
Dpp6,Dpp6,symbol
LOC120102576,LOC120102576,symbol
Actr3b,Actr3b,symbol
Xrcc2,Xrcc2,symbol
AABR07059161.1,AABR07059161.1,symbol
Rpl10a-ps9,Rpl10a-ps9,symbol
Cct8l2,Cct8l2,symbol
Kmt2c,Kmt2c,symbol
Galnt11,Galnt11,symbol
AABR07059168.1,AABR07059168.1,symbol
Galntl5,Galntl5,symbol
LOC120102456,LOC120102456,symbol
Prkag2,Prkag2,symbol
Rheb,Rheb,symbol
LOC120102594,LOC120102594,symbol
Crygn,Crygn,symbol
Wdr86,Wdr86,symbol
Nub1,Nub1,symbol
AC099360.1,AC099360.1,symbol
Smarcd3,Smarcd3,symbol
Chpf2,Chpf2,symbol
Mir671,Mir671,symbol
Abcf2,Abcf2,symbol
Iqca1l,Iqca1l,symbol
Asb10,Asb10,symbol
Gbx1,Gbx1,symbol
Agap3,Agap3,symbol
Tmub1,Tmub1,symbol
Fastk,Fastk,symbol
Slc4a2,Slc4a2,symbol
Cdk5,Cdk5,symbol
Asic3,Asic3,symbol
Abcb8,Abcb8,symbol
Atg9b,Atg9b,symbol
Nos3,Nos3,symbol
Kcnh2,Kcnh2,symbol
Nup42,Nup42,symbol
Klhl7,Klhl7,symbol
Hycc1,Hycc1,symbol
ENSRNOG00000064534,,ensembl
Snord93,Snord93,symbol
Tomm7,Tomm7,symbol
Rint1,Rint1,symbol
Pus7,Pus7,symbol
ENSRNOG00000069504,,ensembl
ENSRNOG00000069797,,ensembl
LOC120102743,LOC120102743,symbol
Srpk2,Srpk2,symbol
Kmt2e,Kmt2e,symbol
ENSRNOG00000070695,,ensembl
ENSRNOG00000069010,,ensembl
ENSRNOG00000066676,,ensembl
LOC120102618,LOC120102618,symbol
LOC103692025,LOC103692025,symbol
ENSRNOG00000069140,,ensembl
Rnu2-12,Rnu2-12,symbol
AABR07059215.1,AABR07059215.1,symbol
LOC120102619,LOC120102619,symbol
LOC120102614,LOC120102614,symbol
Orc5,Orc5,symbol
LOC120102692,LOC120102692,symbol
Reln,Reln,symbol
ENSRNOG00000064707,,ensembl
Cryzl1-ps1,Cryzl1-ps1,symbol
Slc26a5,Slc26a5,symbol
Psmc2,Psmc2,symbol
Dnajc2,Dnajc2,symbol
LOC120102645,LOC120102645,symbol
Pmpcb,Pmpcb,symbol
ENSRNOG00000063798,,ensembl
Napepld,Napepld,symbol
Armc10,Armc10,symbol
Fbxl13,Fbxl13,symbol
LOC120102659,LOC120102659,symbol
Lrrc17,Lrrc17,symbol
LOC120102739,LOC120102739,symbol
Fam185a,Fam185a,symbol
Ccdc146,Ccdc146,symbol
Fgl2,Fgl2,symbol
Gsap,Gsap,symbol
LOC120102737,LOC120102737,symbol
Ptpn12,Ptpn12,symbol
LOC120102213,LOC120102213,symbol
Rsbn1l,Rsbn1l,symbol
Tmem60,Tmem60,symbol
Phtf2,Phtf2,symbol
Magi2,Magi2,symbol
LOC120102678,LOC120102678,symbol
Rnu6-543,Rnu6-543,symbol
Rnu1-55,Rnu1-55,symbol
LOC120102698,LOC120102698,symbol
Gnai1,Gnai1,symbol
Gnat3,Gnat3,symbol
ENSRNOG00000062345,,ensembl
ENSRNOG00000069235,,ensembl
RGD1565355,RGD1565355,symbol
Sema3c,Sema3c,symbol
LOC120102685,LOC120102685,symbol
LOC102551166,LOC102551166,symbol
Hgf,Hgf,symbol
Cacna2d1,Cacna2d1,symbol
LOC120102654,LOC120102654,symbol
Pclo,Pclo,symbol
ENSRNOG00000063451,,ensembl
Sema3e,Sema3e,symbol
LOC120102552,LOC120102552,symbol
ENSRNOG00000067011,,ensembl
ENSRNOG00000062723,,ensembl
ENSRNOG00000062434,,ensembl
ENSRNOG00000068450,,ensembl
ENSRNOG00000068926,,ensembl
ENSRNOG00000066762,,ensembl
ENSRNOG00000069795,,ensembl
Sema3a,Sema3a,symbol
ENSRNOG00000068722,,ensembl
ENSRNOG00000068426,,ensembl
Sema3d,Sema3d,symbol
LOC120102571,LOC120102571,symbol
LOC120102627,LOC120102627,symbol
LOC287992,LOC287992,symbol
AABR07059478.1,AABR07059478.1,symbol
Grm3,Grm3,symbol
Elapor2,Elapor2,symbol
Mir879,Mir879,symbol
Dmtf1,Dmtf1,symbol
Tmem243,Tmem243,symbol
LOC120102603,LOC120102603,symbol
ENSRNOG00000066271,,ensembl
Crot,Crot,symbol
Abcb4,Abcb4,symbol
Abcb1a,Abcb1a,symbol
Abcb1b,Abcb1b,symbol
Rundc3b,Rundc3b,symbol
ENSRNOG00000067999,,ensembl
Slc25a40,Slc25a40,symbol
Dbf4,Dbf4,symbol
Adam22,Adam22,symbol
Sri,Sri,symbol
Steap4,Steap4,symbol
ENSRNOG00000064842,,ensembl
LOC120102760,LOC120102760,symbol
Tex47,Tex47,symbol
Zfp804b,Zfp804b,symbol
Rnu2-34,Rnu2-34,symbol
LOC120102775,LOC120102775,symbol
ENSRNOG00000066396,,ensembl
ENSRNOG00000066438,,ensembl
LOC120102745,LOC120102745,symbol
Steap1,Steap1,symbol
Steap2,Steap2,symbol
Cfap69,Cfap69,symbol
AC111647.1,AC111647.1,symbol
Gtpbp10,Gtpbp10,symbol
Cldn12,Cldn12,symbol
Pttg1ip2,Pttg1ip2,symbol
ENSRNOG00000069590,,ensembl
Cdk14,Cdk14,symbol
LOC102549548,LOC102549548,symbol
LOC120102734,LOC120102734,symbol
Fzd1,Fzd1,symbol
LOC120102572,LOC120102572,symbol
ENSRNOG00000070496,,ensembl
ENSRNOG00000065843,,ensembl
ENSRNOG00000069222,,ensembl
Cyp51,Cyp51,symbol
Akap9,Akap9,symbol
Mterf1,Mterf1,symbol
Lrrd1,Lrrd1,symbol
Krit1,Krit1,symbol
Ankib1,Ankib1,symbol
Tmbim7,Tmbim7,symbol
Gatad1,Gatad1,symbol
Pex1,Pex1,symbol
Rbm48,Rbm48,symbol
LOC500007,LOC500007,symbol
Fam133b,Fam133b,symbol
ENSRNOG00000063932,,ensembl
Cdk6,Cdk6,symbol
ENSRNOG00000069815,,ensembl
ENSRNOG00000070481,,ensembl
Golga3-ps1,Golga3-ps1,symbol
ENSRNOG00000063850,,ensembl
ENSRNOG00000063158,,ensembl
Samd9,Samd9,symbol
ENSRNOG00000069681,,ensembl
AABR07059663.1,AABR07059663.1,symbol
LOC120102230,LOC120102230,symbol
Samd9l,Samd9l,symbol
Hepacam2,Hepacam2,symbol
Vps50,Vps50,symbol
Calcr,Calcr,symbol
Mir653,Mir653,symbol
Mir489,Mir489,symbol
Tfpi2,Tfpi2,symbol
Gngt1,Gngt1,symbol
Gng11,Gng11,symbol
LOC108350669,LOC108350669,symbol
Bet1,Bet1,symbol
Col1a2,Col1a2,symbol
ENSRNOG00000070863,,ensembl
Casd1,Casd1,symbol
Sgce,Sgce,symbol
Peg10,Peg10,symbol
LOC120102559,LOC120102559,symbol
Ppp1r9a,Ppp1r9a,symbol
Pon1,Pon1,symbol
Pon3,Pon3,symbol
Pon2,Pon2,symbol
Asb4,Asb4,symbol
ENSRNOG00000063686,,ensembl
ENSRNOG00000069335,,ensembl
Pdk4,Pdk4,symbol
AC095825.1,AC095825.1,symbol
Dync1i1,Dync1i1,symbol
Slc25a13,Slc25a13,symbol
LOC120102562,LOC120102562,symbol
LOC108350671,LOC108350671,symbol
Sem1,Sem1,symbol
LOC120102776,LOC120102776,symbol
Dlx6,Dlx6,symbol
ENSRNOG00000068262,,ensembl
Dlx5,Dlx5,symbol
Sdhaf3,Sdhaf3,symbol
Tac1,Tac1,symbol
Asns,Asns,symbol
Polr1d-ps1,Polr1d-ps1,symbol
C1galt1,C1galt1,symbol
ENSRNOG00000067149,,ensembl
LOC120102629,LOC120102629,symbol
Col28a1,Col28a1,symbol
Mios,Mios,symbol
Rpa3,Rpa3,symbol
Glcci1,Glcci1,symbol
Ica1,Ica1,symbol
Nxph1,Nxph1,symbol
LOC120102653,LOC120102653,symbol
Rps4x-ps9,Rps4x-ps9,symbol
RNaseP_nuc,RNaseP_nuc,symbol
LOC500028,LOC500028,symbol
ENSRNOG00000065391,,ensembl
LOC680964,LOC680964,symbol
ENSRNOG00000066267,,ensembl
LOC120102694,LOC120102694,symbol
Ndufa4,Ndufa4,symbol
Phf14,Phf14,symbol
LOC120102687,LOC120102687,symbol
Thsd7a,Thsd7a,symbol
ENSRNOG00000068666,,ensembl
ENSRNOG00000069963,,ensembl
Tmem106b,Tmem106b,symbol
Vwde,Vwde,symbol
AABR07059877.1,AABR07059877.1,symbol
Tas2r7l,Tas2r7l,symbol
ENSRNOG00000064825,,ensembl
LOC100911252,LOC100911252,symbol
Tmem168,Tmem168,symbol
LOC120102634,LOC120102634,symbol
Bmt2,Bmt2,symbol
ENSRNOG00000031207,,ensembl
Gpr85,Gpr85,symbol
ENSRNOG00000064240,,ensembl
LOC120102706,LOC120102706,symbol
Rnu6-210,Rnu6-210,symbol
Ppp1r3a,Ppp1r3a,symbol
Foxp2,Foxp2,symbol
Rbmxl1b,Rbmxl1b,symbol
Mdfic,Mdfic,symbol
LOC120102753,LOC120102753,symbol
RGD1562178,RGD1562178,symbol
Tfec,Tfec,symbol
Tes,Tes,symbol
LOC102550644,LOC102550644,symbol
Cav2,Cav2,symbol
Cav1,Cav1,symbol
Met,Met,symbol
Capza2,Capza2,symbol
ST7,ST7,symbol
AC123138.1,AC123138.1,symbol
Wnt2,Wnt2,symbol
Asz1,Asz1,symbol
ENSRNOG00000067965,,ensembl
Cftr,Cftr,symbol
LOC120102563,LOC120102563,symbol
Cttnbp2,Cttnbp2,symbol
ENSRNOG00000064937,,ensembl
Lsm8,Lsm8,symbol
Ankrd7,Ankrd7,symbol
LOC685171,LOC685171,symbol
LOC120102623,LOC120102623,symbol
Kcnd2,Kcnd2,symbol
Tspan12,Tspan12,symbol
ENSRNOG00000064820,,ensembl
Ing3,Ing3,symbol
Cped1,Cped1,symbol
Wnt16,Wnt16,symbol
Fam3c,Fam3c,symbol
ENSRNOG00000063098,,ensembl
Ptprz1,Ptprz1,symbol
Aass,Aass,symbol
AABR07025928.1,AABR07025928.1,symbol
ENSRNOG00000068406,,ensembl
Fezf1,Fezf1,symbol
Cadps2,Cadps2,symbol
Rnf133,Rnf133,symbol
Tas2r118,Tas2r118,symbol
Slc13a1,Slc13a1,symbol
Iqub,Iqub,symbol
Ndufa5,Ndufa5,symbol
Asb15,Asb15,symbol
Lmod2,Lmod2,symbol
Wasl,Wasl,symbol
ENSRNOG00000067771,,ensembl
Hyal6,Hyal6,symbol
Hyal4,Hyal4,symbol
Spam1,Spam1,symbol
Hyal5,Hyal5,symbol
LOC120102673,LOC120102673,symbol
Tmem229a,Tmem229a,symbol
LOC120102560,LOC120102560,symbol
LOC120102770,LOC120102770,symbol
LOC120102695,LOC120102695,symbol
Gpr37,Gpr37,symbol
Pot1,Pot1,symbol
LOC120102621,LOC120102621,symbol
LOC120102612,LOC120102612,symbol
Rnu6-321,Rnu6-321,symbol
ENSRNOG00000063353,,ensembl
LOC120102705,LOC120102705,symbol
LOC120102749,LOC120102749,symbol
LOC120102756,LOC120102756,symbol
Grm8,Grm8,symbol
LOC120102608,LOC120102608,symbol
ENSRNOG00000064958,,ensembl
LOC120102759,LOC120102759,symbol
Mir592,Mir592,symbol
Zfp800,Zfp800,symbol
LOC120102657,LOC120102657,symbol
Gcc1,Gcc1,symbol
Arf5,Arf5,symbol
Fscn3,Fscn3,symbol
Pax4,Pax4,symbol
Snd1,Snd1,symbol
Lrrc4,Lrrc4,symbol
Mir129-1,Mir129-1,symbol
Lep,Lep,symbol
Rbm28,Rbm28,symbol
Prrt4,Prrt4,symbol
Impdh1,Impdh1,symbol
LOC120102707,LOC120102707,symbol
Hilpda,Hilpda,symbol
Garin1a,Garin1a,symbol
Garin1b,Garin1b,symbol
Calu,Calu,symbol
Opn1sw,Opn1sw,symbol
Ccdc136,Ccdc136,symbol
Flnc,Flnc,symbol
Atp6v1fnb,Atp6v1fnb,symbol
ENSRNOG00000065235,,ensembl
Kcp,Kcp,symbol
ENSRNOG00000063863,,ensembl
Irf5,Irf5,symbol
Tnpo3,Tnpo3,symbol
Tspan33,Tspan33,symbol
Smo,Smo,symbol
Ahcyl2,Ahcyl2,symbol
Strip2,Strip2,symbol
Smkr1,Smkr1,symbol
Nrf1,Nrf1,symbol
Mir182,Mir182,symbol
Mir96,Mir96,symbol
Mir3553,Mir3553,symbol
Ube2h,Ube2h,symbol
LOC120102640,LOC120102640,symbol
Zc3hc1,Zc3hc1,symbol
Klhdc10,Klhdc10,symbol
ENSRNOG00000062453,,ensembl
ENSRNOG00000069030,,ensembl
Tmem209,Tmem209,symbol
Ssmem1,Ssmem1,symbol
Cpa2,Cpa2,symbol
Cpa4,Cpa4,symbol
ENSRNOG00000062391,,ensembl
Cpa5,Cpa5,symbol
Cpa1,Cpa1,symbol
Cep41,Cep41,symbol
Mest,Mest,symbol
rno-mir-335,rno-mir-335,symbol
Copg2,Copg2,symbol
Tsga13,Tsga13,symbol
ENSRNOG00000068074,,ensembl
Klf14,Klf14,symbol
Mir3556a,Mir3556a,symbol
Mir29b1,Mir29b1,symbol
ENSRNOG00000066951,,ensembl
LOC120102485,LOC120102485,symbol
ENSRNOG00000068238,,ensembl
ENSRNOG00000070388,,ensembl
LOC120102487,LOC120102487,symbol
ENSRNOG00000070520,,ensembl
LOC120102486,LOC120102486,symbol
Mkln1,Mkln1,symbol
Podxl,Podxl,symbol
AABR07060145.1,AABR07060145.1,symbol
LOC689042,LOC689042,symbol
Plxna4,Plxna4,symbol
Chchd3,Chchd3,symbol
Exoc4,Exoc4,symbol
ENSRNOG00000062583,,ensembl
ENSRNOG00000066392,,ensembl
Lrguk,Lrguk,symbol
ENSRNOG00000066650,,ensembl
Slc35b4,Slc35b4,symbol
ENSRNOG00000070521,,ensembl
Akr1b1,Akr1b1,symbol
Akr1b10,Akr1b10,symbol
Akr1b8,Akr1b8,symbol
Akr1b7,Akr1b7,symbol
Bpgm,Bpgm,symbol
Cald1,Cald1,symbol
Agbl3,Agbl3,symbol
Tmem140,Tmem140,symbol
Cyren,Cyren,symbol
Wdr91,Wdr91,symbol
Stra8,Stra8,symbol
RGD1565367,RGD1565367,symbol
Cnot4,Cnot4,symbol
Nup205,Nup205,symbol
ENSRNOG00000067332,Stmp1,ensembl
ENSRNOG00000067063,,ensembl
Slc13a4,Slc13a4,symbol
Fam180a,Fam180a,symbol
ENSRNOG00000069559,,ensembl
Mtpn,Mtpn,symbol
LOC120102764,LOC120102764,symbol
LOC120102671,LOC120102671,symbol
LOC120102763,LOC120102763,symbol
Chrm2,Chrm2,symbol
Mir490,Mir490,symbol
Ptn,Ptn,symbol
ENSRNOG00000064988,,ensembl
Dgki,Dgki,symbol
Creb3l2,Creb3l2,symbol
Akr1d1,Akr1d1,symbol
Trim24,Trim24,symbol
Svopl,Svopl,symbol
Atp6v0a4,Atp6v0a4,symbol
RGD1306271,RGD1306271,symbol
Zc3hav1l,Zc3hav1l,symbol
Zc3hav1,Zc3hav1,symbol
Ttc26,Ttc26,symbol
Ubn2,Ubn2,symbol
Fmc1,Fmc1,symbol
Luc7l2,Luc7l2,symbol
LOC120102490,LOC120102490,symbol
Klrg2,Klrg2,symbol
Clec2l,Clec2l,symbol
ENSRNOG00000066162,,ensembl
Hipk2,Hipk2,symbol
Tbxas1,Tbxas1,symbol
LOC120102680,LOC120102680,symbol
Parp12,Parp12,symbol
Kdm7a,Kdm7a,symbol
ENSRNOG00000070651,,ensembl
Rnu6-604,Rnu6-604,symbol
Chmp4bl1,Chmp4bl1,symbol
Slc37a3,Slc37a3,symbol
Rab19,Rab19,symbol
Mkrn1,Mkrn1,symbol
LOC120102609,LOC120102609,symbol
Dennd2a,Dennd2a,symbol
Ndufb2,Ndufb2,symbol
Braf,Braf,symbol
ENSRNOG00000062962,,ensembl
Mrps33,Mrps33,symbol
LOC103692103,LOC103692103,symbol
Tmem178b,Tmem178b,symbol
Agk,Agk,symbol
Dennd11,Dennd11,symbol
Wee2,Wee2,symbol
Ssbp1,Ssbp1,symbol
Tas2r137,Tas2r137,symbol
Tas2r108,Tas2r108,symbol
Prss37,Prss37,symbol
Or9a7-ps1,Or9a7-ps1,symbol
Or9a4,Or9a4,symbol
Clec5a,Clec5a,symbol
Tas2r138,Tas2r138,symbol
Mgam,Mgam,symbol
Mgam2,Mgam2,symbol
Moxd2,Moxd2,symbol
Trbv1,Trbv1,symbol
Prss58,Prss58,symbol
Prss59,Prss59,symbol
ENSRNOG00000064409,,ensembl
LOC312273,LOC312273,symbol
LOC286960,LOC286960,symbol
Prss3b,Prss3b,symbol
ENSRNOG00000068912,,ensembl
ENSRNOG00000064685,,ensembl
ENSRNOG00000065521,,ensembl
ENSRNOG00000067769,,ensembl
ENSRNOG00000063691,,ensembl
ENSRNOG00000070606,,ensembl
ENSRNOG00000068200,,ensembl
ENSRNOG00000065908,,ensembl
Trbv16,Trbv16,symbol
ENSRNOG00000067295,,ensembl
AABR07060353.2,AABR07060353.2,symbol
ENSRNOG00000064192,,ensembl
ENSRNOG00000069261,,ensembl
ENSRNOG00000065167,,ensembl
AC142181.1,AC142181.1,symbol
Prss3,Prss3,symbol
ENSRNOG00000066330,,ensembl
Try5,Try5,symbol
Try10,Try10,symbol
Prss2,Prss2,symbol
ENSRNOG00000067591,,ensembl
LOC102554637,LOC102554637,symbol
LOC683849,LOC683849,symbol
Prss1,Prss1,symbol
ENSRNOG00000070909,,ensembl
AC109737.1,AC109737.1,symbol
ENSRNOG00000067154,,ensembl
LOC120102568,LOC120102568,symbol
Ephb6,Ephb6,symbol
Trpv6,Trpv6,symbol
Trpv5,Trpv5,symbol
Llcfc1,Llcfc1,symbol
Kel,Kel,symbol
Or9a2,Or9a2,symbol
Pip,Pip,symbol
Sval2,Sval2,symbol
Sval1,Sval1,symbol
ENSRNOG00000071214,,ensembl
Tas2r139,Tas2r139,symbol
Tas2r144,Tas2r144,symbol
Gstk1,Gstk1,symbol
Tmem139,Tmem139,symbol
Casp2,Casp2,symbol
LOC120102741,LOC120102741,symbol
Clcn1,Clcn1,symbol
Fam131b,Fam131b,symbol
Zyx,Zyx,symbol
Epha1,Epha1,symbol
Tas2r143,Tas2r143,symbol
Tas2r135,Tas2r135,symbol
Tas2r126,Tas2r126,symbol
Or2r11,Or2r11,symbol
Or2r3,Or2r3,symbol
Or2r3b,Or2r3b,symbol
Or10ac1,Or10ac1,symbol
Fam115e,Fam115e,symbol
Tcaf2c,Tcaf2c,symbol
Tcaf1,Tcaf1,symbol
Or2f1,Or2f1,symbol
Or2f1b,Or2f1b,symbol
Or2f2,Or2f2,symbol
LOC120102713,LOC120102713,symbol
ENSRNOG00000066715,,ensembl
Or2q1,Or2q1,symbol
LOC120102605,LOC120102605,symbol
Or6b1,Or6b1,symbol
Or2a5,Or2a5,symbol
Or2a25,Or2a25,symbol
ENSRNOG00000067819,Or2a12-ps1,ensembl
Or2a14,Or2a14,symbol
Or2a52,Or2a52,symbol
Or2a7,Or2a7,symbol
Or2a51,Or2a51,symbol
Or2a20,Or2a20,symbol
Or2a57,Or2a57,symbol
Arhgef5,Arhgef5,symbol
Nobox,Nobox,symbol
Tpk1,Tpk1,symbol
LOC120102665,LOC120102665,symbol
Cntnap2,Cntnap2,symbol
LOC120102681,LOC120102681,symbol
Cul1,Cul1,symbol
Ezh2,Ezh2,symbol
Y_RNA,Y_RNA,symbol
Y_RNA,Y_RNA,symbol
Y_RNA,Y_RNA,symbol
Pdia4,Pdia4,symbol
Zfp786,Zfp786,symbol
Zfp398,Zfp398,symbol
Zfp282,Zfp282,symbol
Zfp212,Zfp212,symbol
ENSRNOG00000064339,,ensembl
Zfp956,Zfp956,symbol
Zfp777,Zfp777,symbol
Zfp746,Zfp746,symbol
LOC108350703,LOC108350703,symbol
ENSRNOG00000066572,,ensembl
ENSRNOG00000065619,,ensembl
Krba1,Krba1,symbol
Zfp467,Zfp467,symbol
Sspo,Sspo,symbol
Zfp862,Zfp862,symbol
Atp6v0e2,Atp6v0e2,symbol
Lrrc61,Lrrc61,symbol
Rarres2,Rarres2,symbol
ENSRNOG00000069416,,ensembl
Zfp775,Zfp775,symbol
Repin1,Repin1,symbol
RGD1559747,RGD1559747,symbol
Gimap8,Gimap8,symbol
Gimap9,Gimap9,symbol
Gimap4,Gimap4,symbol
Gimap6,Gimap6,symbol
Gimap7,Gimap7,symbol
Gimap1,Gimap1,symbol
Gimap5,Gimap5,symbol
Tmem176b,Tmem176b,symbol
Tmem176a,Tmem176a,symbol
Aoc1,Aoc1,symbol
Doxl1,Doxl1,symbol
LOC120102699,LOC120102699,symbol
Doxl2,Doxl2,symbol
Svs1,Svs1,symbol
Gpnmb,Gpnmb,symbol
Malsu1,Malsu1,symbol
Igf2bp3,Igf2bp3,symbol
Tra2a,Tra2a,symbol
Gemin7l1,Gemin7l1,symbol
ENSRNOG00000071185,,ensembl
Ccdc126,Ccdc126,symbol
LOC100910678,LOC100910678,symbol
Fam221a,Fam221a,symbol
RGD1563352,RGD1563352,symbol
Stk31,Stk31,symbol
ENSRNOG00000065775,,ensembl
RGD1564712,RGD1564712,symbol
Npy,Npy,symbol
Pals2,Pals2,symbol
Gsdme,Gsdme,symbol
Osbpl3,Osbpl3,symbol
LOC120102268,LOC120102268,symbol
LOC120102676,LOC120102676,symbol
AC113910.1,AC113910.1,symbol
Cycs-ps9,Cycs-ps9,symbol
ENSRNOG00000065663,,ensembl
LOC500124,LOC500124,symbol
Npvf,Npvf,symbol
ENSRNOG00000062862,,ensembl
Cux1-ps1,Cux1-ps1,symbol
Mir148a,Mir148a,symbol
Nfe2l3,Nfe2l3,symbol
Hnrnpa2b1,Hnrnpa2b1,symbol
Cbx3,Cbx3,symbol
AABR07060577.1,AABR07060577.1,symbol
Snx10,Snx10,symbol
ENSRNOG00000064847,,ensembl
ENSRNOG00000069445,,ensembl
Skap2,Skap2,symbol
ENSRNOG00000063346,,ensembl
Hoxa1,Hoxa1,symbol
Hoxa2,Hoxa2,symbol
Hoxa3,Hoxa3,symbol
Hoxa4,Hoxa4,symbol
LOC103692127,LOC103692127,symbol
LOC100911511,LOC100911511,symbol
Hoxa7,Hoxa7,symbol
Hoxa9,Hoxa9,symbol
Mir196b,Mir196b,symbol
LOC100911668,LOC100911668,symbol
Hoxa11,Hoxa11,symbol
Hoxa11-as,Hoxa11-as,symbol
Hoxa13,Hoxa13,symbol
Evx1,Evx1,symbol
ENSRNOG00000068365,,ensembl
Hibadh,Hibadh,symbol
ENSRNOG00000033407,,ensembl
ENSRNOG00000043170,,ensembl
AABR07060591.1,AABR07060591.1,symbol
Tax1bp1,Tax1bp1,symbol
Jazf1,Jazf1,symbol
ENSRNOG00000068681,,ensembl
AABR07060593.1,AABR07060593.1,symbol
LOC120102651,LOC120102651,symbol
Creb5,Creb5,symbol
Tril,Tril,symbol
LOC120102667,LOC120102667,symbol
Cpvl,Cpvl,symbol
Chn2,Chn2,symbol
Prr15,Prr15,symbol
Wipf3,Wipf3,symbol
Scrn1,Scrn1,symbol
Fkbp14,Fkbp14,symbol
Plekha8,Plekha8,symbol
Mturn,Mturn,symbol
ENSRNOG00000067229,,ensembl
Znrf2,Znrf2,symbol
Nod1,Nod1,symbol
LOC120102675,LOC120102675,symbol
Ggct,Ggct,symbol
AABR07060610.1,AABR07060610.1,symbol
Gars1,Gars1,symbol
Crhr2,Crhr2,symbol
Inmt,Inmt,symbol
Mindy4,Mindy4,symbol
Aqp1,Aqp1,symbol
Ghrhr,Ghrhr,symbol
Adcyap1r1,Adcyap1r1,symbol
Neurod6,Neurod6,symbol
Itprid1,Itprid1,symbol
Ppp1r17,Ppp1r17,symbol
Pde1c,Pde1c,symbol
LOC120102661,LOC120102661,symbol
LOC120102688,LOC120102688,symbol
ENSRNOG00000069707,,ensembl
Lsm5,Lsm5,symbol
Avl9,Avl9,symbol
Kbtbd2,Kbtbd2,symbol
Fkbp9,Fkbp9,symbol
Nt5c3a,Nt5c3a,symbol
AABR07060628.1,AABR07060628.1,symbol
ENSRNOG00000068050,,ensembl
Vom1r65,Vom1r65,symbol
Vom1r67,Vom1r67,symbol
Vom1r66,Vom1r66,symbol
Vom1r-ps69,Vom1r-ps69,symbol
ENSRNOG00000067683,,ensembl
Vom1r68,Vom1r68,symbol
Vom1r69,Vom1r69,symbol
Vom1r70,Vom1r70,symbol
Vom1r71,Vom1r71,symbol
Vom1r72,Vom1r72,symbol
Vom1r73,Vom1r73,symbol
Vom1r74,Vom1r74,symbol
Vom1r75,Vom1r75,symbol
Vom1r76,Vom1r76,symbol
Vom1r77,Vom1r77,symbol
ENSRNOG00000069268,,ensembl
Vom1r78,Vom1r78,symbol
Vom1r80,Vom1r80,symbol
Vom1r81,Vom1r81,symbol
Vom1r79,Vom1r79,symbol
Vom1r84,Vom1r84,symbol
Vom1r85,Vom1r85,symbol
Vom1r86,Vom1r86,symbol
Vom1r-ps74,Vom1r-ps74,symbol
Vom1r87,Vom1r87,symbol
Vom1r88,Vom1r88,symbol
Vopp1,Vopp1,symbol
Lancl2,Lancl2,symbol
Pyurf,Pyurf,symbol
Herc6,Herc6,symbol
Rps7-ps20,Rps7-ps20,symbol
Ppm1k,Ppm1k,symbol
ENSRNOG00000065807,,ensembl
Abcg2,Abcg2,symbol
LOC120102567,LOC120102567,symbol
ENSRNOG00000071104,,ensembl
Herc3,Herc3,symbol
Nap1l5,Nap1l5,symbol
Fam13a,Fam13a,symbol
LOC120102697,LOC120102697,symbol
Tigd2,Tigd2,symbol
Gprin3,Gprin3,symbol
ENSRNOG00000062430,,ensembl
ENSRNOG00000062993,,ensembl
ENSRNOG00000069908,,ensembl
AABR07060694.1,AABR07060694.1,symbol
AABR07060700.1,AABR07060700.1,symbol
ENSRNOG00000066882,,ensembl
ENSRNOG00000068395,,ensembl
ENSRNOG00000066361,,ensembl
Snca,Snca,symbol
Mmrn1,Mmrn1,symbol
ENSRNOG00000063537,,ensembl
LOC120102751,LOC120102751,symbol
Ccser1,Ccser1,symbol
LOC120102620,LOC120102620,symbol
AABR07060778.1,AABR07060778.1,symbol
ENSRNOG00000066686,,ensembl
Grid2,Grid2,symbol
LOC120102600,LOC120102600,symbol
Atoh1,Atoh1,symbol
LOC120102615,LOC120102615,symbol
LOC120102616,LOC120102616,symbol
LOC120102647,LOC120102647,symbol
Smarcad1,Smarcad1,symbol
Hpgds,Hpgds,symbol
Qrfprl,Qrfprl,symbol
Tnip3,Tnip3,symbol
Ndnf,Ndnf,symbol
LOC120102726,LOC120102726,symbol
Prdm5,Prdm5,symbol
RSA-14-44,RSA-14-44,symbol
LOC120102581,LOC120102581,symbol
ENSRNOG00000069727,,ensembl
LOC120102650,LOC120102650,symbol
Mad2l1,Mad2l1,symbol
Vom1r89,Vom1r89,symbol
Gng12,Gng12,symbol
LOC120102712,LOC120102712,symbol
Gadd45a,Gadd45a,symbol
Serbp1,Serbp1,symbol
Il12rb2,Il12rb2,symbol
Il23r,Il23r,symbol
Tacstd2,Tacstd2,symbol
ENSRNOG00000064041,,ensembl
ENSRNOG00000068649,,ensembl
LOC120102728,LOC120102728,symbol
ENSRNOG00000063859,,ensembl
ENSRNOG00000071049,,ensembl
LOC120102682,LOC120102682,symbol
ENSRNOG00000062475,,ensembl
LOC120102727,LOC120102727,symbol
ENSRNOG00000066643,,ensembl
ENSRNOG00000068441,,ensembl
LOC120102691,LOC120102691,symbol
ENSRNOG00000070169,,ensembl
LOC120102702,LOC120102702,symbol
ENSRNOG00000068221,,ensembl
ENSRNOG00000070192,,ensembl
LOC120102700,LOC120102700,symbol
ENSRNOG00000068648,,ensembl
LOC120102696,LOC120102696,symbol
LOC120102732,LOC120102732,symbol
LOC120102736,LOC120102736,symbol
ENSRNOG00000070412,,ensembl
LOC120102704,LOC120102704,symbol
ENSRNOG00000068610,,ensembl
ENSRNOG00000069828,,ensembl
AABR07060971.1,AABR07060971.1,symbol
ENSRNOG00000067883,,ensembl
LOC120102731,LOC120102731,symbol
ENSRNOG00000070247,,ensembl
ENSRNOG00000068499,,ensembl
ENSRNOG00000067721,,ensembl
LOC120102716,LOC120102716,symbol
AABR07060980.1,AABR07060980.1,symbol
ENSRNOG00000066785,,ensembl
ENSRNOG00000070812,,ensembl
ENSRNOG00000066812,,ensembl
ENSRNOG00000069205,,ensembl
ENSRNOG00000067273,,ensembl
LOC100363522,LOC100363522,symbol
AABR07060996.1,AABR07060996.1,symbol
AABR07061001.1,AABR07061001.1,symbol
LOC102551948,LOC102551948,symbol
ENSRNOG00000063550,,ensembl
LOC120102715,LOC120102715,symbol
LOC100911032,LOC100911032,symbol
LOC120102729,LOC120102729,symbol
ENSRNOG00000066406,,ensembl
ENSRNOG00000064582,,ensembl
ENSRNOG00000066203,,ensembl
RGD1561722,RGD1561722,symbol
LOC120102721,LOC120102721,symbol
ENSRNOG00000070244,,ensembl
ENSRNOG00000063340,,ensembl
ENSRNOG00000068847,,ensembl
LOC120102733,LOC120102733,symbol
ENSRNOG00000064061,,ensembl
LOC120102722,LOC120102722,symbol
ENSRNOG00000068055,,ensembl
ENSRNOG00000070159,,ensembl
ENSRNOG00000065855,,ensembl
ENSRNOG00000063876,,ensembl
ENSRNOG00000064040,,ensembl
ENSRNOG00000066922,,ensembl
ENSRNOG00000067233,,ensembl
LOC120102717,LOC120102717,symbol
ENSRNOG00000063572,,ensembl
ENSRNOG00000065629,,ensembl
LOC120102725,LOC120102725,symbol
ENSRNOG00000063329,,ensembl
AABR07061136.1,AABR07061136.1,symbol
ENSRNOG00000070091,,ensembl
ENSRNOG00000066072,,ensembl
ENSRNOG00000065237,,ensembl
ENSRNOG00000062853,,ensembl
ENSRNOG00000069193,,ensembl
ENSRNOG00000064657,,ensembl
ENSRNOG00000070810,,ensembl
ENSRNOG00000069766,,ensembl
ENSRNOG00000063422,,ensembl
Igkvl-ps6,Igkvl-ps6,symbol
ENSRNOG00000068688,,ensembl
ENSRNOG00000065675,,ensembl
ENSRNOG00000066904,,ensembl
ENSRNOG00000070208,,ensembl
LOC120102585,LOC120102585,symbol
ENSRNOG00000068865,,ensembl
LOC120102592,LOC120102592,symbol
ENSRNOG00000065931,,ensembl
Rnu6-936,Rnu6-936,symbol
ENSRNOG00000064930,,ensembl
LOC120102598,LOC120102598,symbol
LOC120102579,LOC120102579,symbol
ENSRNOG00000063659,,ensembl
LOC120102583,LOC120102583,symbol
LOC120102589,LOC120102589,symbol
ENSRNOG00000063193,,ensembl
LOC120102595,LOC120102595,symbol
ENSRNOG00000064832,,ensembl
LOC120102590,LOC120102590,symbol
ENSRNOG00000066082,,ensembl
ENSRNOG00000068921,,ensembl
ENSRNOG00000068013,,ensembl
ENSRNOG00000069405,,ensembl
ENSRNOG00000064662,,ensembl
ENSRNOG00000069427,,ensembl
ENSRNOG00000064085,,ensembl
ENSRNOG00000068381,,ensembl
ENSRNOG00000067025,,ensembl
ENSRNOG00000065160,,ensembl
ENSRNOG00000070189,,ensembl
ENSRNOG00000069491,,ensembl
ENSRNOG00000064389,,ensembl
ENSRNOG00000067934,,ensembl
ENSRNOG00000063035,,ensembl
AABR07051678.1,AABR07051678.1,symbol
ENSRNOG00000068056,,ensembl
ENSRNOG00000065905,,ensembl
ENSRNOG00000068118,,ensembl
ENSRNOG00000069088,,ensembl
ENSRNOG00000067056,,ensembl
ENSRNOG00000062392,,ensembl
ENSRNOG00000066470,,ensembl
ENSRNOG00000068347,,ensembl
LOC100361705,LOC100361705,symbol
LOC500180,LOC500180,symbol
ENSRNOG00000067079,,ensembl
ENSRNOG00000066019,,ensembl
ENSRNOG00000063615,,ensembl
ENSRNOG00000070183,,ensembl
ENSRNOG00000071189,,ensembl
Igkvl-ps19,Igkvl-ps19,symbol
Igkvl-ps2,Igkvl-ps2,symbol
ENSRNOG00000063256,,ensembl
ENSRNOG00000070109,,ensembl
ENSRNOG00000064789,,ensembl
ENSRNOG00000068268,,ensembl
ENSRNOG00000064670,,ensembl
ENSRNOG00000067679,,ensembl
ENSRNOG00000064940,,ensembl
ENSRNOG00000071163,,ensembl
ENSRNOG00000065564,,ensembl
ENSRNOG00000063419,,ensembl
ENSRNOG00000062633,,ensembl
ENSRNOG00000066814,,ensembl
LOC120102564,LOC120102564,symbol
ENSRNOG00000062608,,ensembl
ENSRNOG00000064086,,ensembl
ENSRNOG00000070721,,ensembl
ENSRNOG00000062344,,ensembl
LOC100365500,LOC100365500,symbol
ENSRNOG00000069100,,ensembl
ENSRNOG00000066010,,ensembl
LOC100365438,LOC100365438,symbol
ENSRNOG00000066431,,ensembl
ENSRNOG00000069901,,ensembl
LOC103691800,LOC103691800,symbol
ENSRNOG00000070662,,ensembl
AABR07051565.1,AABR07051565.1,symbol
RGD1564696,RGD1564696,symbol
ENSRNOG00000067894,,ensembl
ENSRNOG00000070182,,ensembl
RGD1563231,RGD1563231,symbol
ENSRNOG00000066577,,ensembl
LOC100360848,LOC100360848,symbol
ENSRNOG00000071106,,ensembl
ENSRNOG00000064697,,ensembl
AABR07060872.1,AABR07060872.1,symbol
LOC100361052,LOC100361052,symbol
ENSRNOG00000063277,,ensembl
ENSRNOG00000070134,,ensembl
LOC120102656,LOC120102656,symbol
ENSRNOG00000071026,,ensembl
LOC120102652,LOC120102652,symbol
ENSRNOG00000063803,,ensembl
Rpia,Rpia,symbol
LOC120102574,LOC120102574,symbol
Eif2ak3,Eif2ak3,symbol
ENSRNOG00000068334,,ensembl
Tex37,Tex37,symbol
Foxi3,Foxi3,symbol
LOC120102648,LOC120102648,symbol
LOC120102679,LOC120102679,symbol
Thnsl2,Thnsl2,symbol
Fabp1,Fabp1,symbol
Smyd1,Smyd1,symbol
Krcc1,Krcc1,symbol
LOC102552663,LOC102552663,symbol
Cd8b,Cd8b,symbol
Cd8a,Cd8a,symbol
ENSRNOG00000065409,Rmnd5a,ensembl
Rmnd5a,Rmnd5a,symbol
Rnf103,Rnf103,symbol
Chmp3,Chmp3,symbol
Kdm3a,Kdm3a,symbol
Reep1,Reep1,symbol
Mrpl35,Mrpl35,symbol
Immt,Immt,symbol
Ptcd3,Ptcd3,symbol
Snord94,Snord94,symbol
Polr1a,Polr1a,symbol
St3gal5,St3gal5,symbol
LOC120102561,LOC120102561,symbol
ENSRNOG00000065207,,ensembl
Atoh8,Atoh8,symbol
Sftpb,Sftpb,symbol
Usp39,Usp39,symbol
LOC691113,LOC691113,symbol
Tmem150a,Tmem150a,symbol
Rnf181,Rnf181,symbol
Vamp5,Vamp5,symbol
Vamp8,Vamp8,symbol
Ggcx,Ggcx,symbol
Mat2a,Mat2a,symbol
Sh2d6,Sh2d6,symbol
Capg,Capg,symbol
Elmod3,Elmod3,symbol
Retsat,Retsat,symbol
Tgoln2,Tgoln2,symbol
ENSRNOG00000066385,,ensembl
Tcf7l1,Tcf7l1,symbol
Metazoa_SRP,Metazoa_SRP,symbol
Kcmf1,Kcmf1,symbol
LOC120102632,LOC120102632,symbol
ENSRNOG00000067030,Tmsb10,ensembl
Tmsb10,Tmsb10,symbol
LOC120102777,LOC120102777,symbol
Dnah6,Dnah6,symbol
LOC120102554,LOC120102554,symbol
ENSRNOG00000068552,,ensembl
Suclg1,Suclg1,symbol
Jkampl,Jkampl,symbol
Ptbp1-ps3,Ptbp1-ps3,symbol
ENSRNOG00000068356,,ensembl
LOC120102663,LOC120102663,symbol
ENSRNOG00000071146,,ensembl
LOC120102720,LOC120102720,symbol
AABR07061152.1,AABR07061152.1,symbol
LOC120102701,LOC120102701,symbol
ENSRNOG00000067281,,ensembl
ENSRNOG00000066158,,ensembl
LOC120102565,LOC120102565,symbol
Ctnna2,Ctnna2,symbol
LRRTM1,LRRTM1,symbol
LOC120102644,LOC120102644,symbol
Reg3b,Reg3b,symbol
AC115202.1,AC115202.1,symbol
Reg3a,Reg3a,symbol
Reg1a,Reg1a,symbol
Reg3g,Reg3g,symbol
LOC120102668,LOC120102668,symbol
LOC120102643,LOC120102643,symbol
LOC120102709,LOC120102709,symbol
Lrrtm4,Lrrtm4,symbol
ENSRNOG00000064641,,ensembl
AABR07061254.1,AABR07061254.1,symbol
LOC120102677,LOC120102677,symbol
Gcfc2,Gcfc2,symbol
Mrpl19,Mrpl19,symbol
Eva1a,Eva1a,symbol
ENSRNOG00000063971,,ensembl
Tacr1,Tacr1,symbol
Pole4,Pole4,symbol
ENSRNOG00000064378,,ensembl
ENSRNOG00000064013,,ensembl
Hk2,Hk2,symbol
ENSRNOG00000067696,,ensembl
Sema4f,Sema4f,symbol
M1ap,M1ap,symbol
Dok1,Dok1,symbol
Loxl3,Loxl3,symbol
Htra2,Htra2,symbol
Aup1,Aup1,symbol
Dqx1,Dqx1,symbol
Tlx2,Tlx2,symbol
Pcgf1,Pcgf1,symbol
Lbx2,Lbx2,symbol
Ccdc142,Ccdc142,symbol
Mogs,Mogs,symbol
Wbp1,Wbp1,symbol
Ino80b,Ino80b,symbol
ENSRNOG00000063527,,ensembl
Rtkn,Rtkn,symbol
Wdr54,Wdr54,symbol
C4h2orf81,C4h2orf81,symbol
Slc4a5,Slc4a5,symbol
Mthfd2,Mthfd2,symbol
Mob1a,Mob1a,symbol
Bola3,Bola3,symbol
Tet3,Tet3,symbol
Dguok,Dguok,symbol
Actg2,Actg2,symbol
Stambp,Stambp,symbol
AC095078.1,AC095078.1,symbol
ENSRNOG00000071037,,ensembl
AABR07048253.1,AABR07048253.1,symbol
Clec4f,Clec4f,symbol
Cd207,Cd207,symbol
Vax2,Vax2,symbol
Atp6v1b1,Atp6v1b1,symbol
Tex261,Tex261,symbol
Ankrd53,Ankrd53,symbol
ENSRNOG00000063884,,ensembl
ENSRNOG00000069567,,ensembl
Nagk,Nagk,symbol
Paip2b,Paip2b,symbol
Zfp638,Zfp638,symbol
LOC120102555,LOC120102555,symbol
LOC120102633,LOC120102633,symbol
Dysf,Dysf,symbol
Cyp26b1,Cyp26b1,symbol
Exoc6b,Exoc6b,symbol
LOC120102746,LOC120102746,symbol
LOC120102669,LOC120102669,symbol
LOC120102708,LOC120102708,symbol
Spr,Spr,symbol
ENSRNOG00000068340,,ensembl
LOC120102711,LOC120102711,symbol
Spr-ps1,Spr-ps1,symbol
Emx1,Emx1,symbol
ENSRNOG00000066402,,ensembl
Sfxn5,Sfxn5,symbol
Rab11fip5,Rab11fip5,symbol
Noto,Noto,symbol
Smyd5,Smyd5,symbol
Pradc1,Pradc1,symbol
Cct7,Cct7,symbol
Fbxo41,Fbxo41,symbol
Egr4,Egr4,symbol
Alms1,Alms1,symbol
Nat8f3,Nat8f3,symbol
Nat8f5,Nat8f5,symbol
Nat8,Nat8,symbol
Nat8f2,Nat8f2,symbol
Nat8f4,Nat8f4,symbol
Nat8f1,Nat8f1,symbol
Tprkb,Tprkb,symbol
Nat8b,Nat8b,symbol
Dusp11,Dusp11,symbol
LOC102549328,LOC102549328,symbol
Figla,Figla,symbol
Add2,Add2,symbol
Tgfa,Tgfa,symbol
ENSRNOG00000070829,,ensembl
Fam136a,Fam136a,symbol
LOC687679,LOC687679,symbol
LOC120102639,LOC120102639,symbol
Pcyox1,Pcyox1,symbol
Tia1,Tia1,symbol
RGD1306746,RGD1306746,symbol
ENSRNOG00000063037,,ensembl
ENSRNOG00000069850,,ensembl
LOC102554318,LOC102554318,symbol
Pcbp1,Pcbp1,symbol
AC139642.2,AC139642.2,symbol
LOC102554372,LOC102554372,symbol
Asprv1,Asprv1,symbol
Mxd1,Mxd1,symbol
Snrnp27,Snrnp27,symbol
Snrnp27,Snrnp27,symbol
Anxa4,Anxa4,symbol
LOC120102638,LOC120102638,symbol
Aak1,Aak1,symbol
Rpl22,Rpl22,symbol
Nfu1,Nfu1,symbol
Gfpt1,Gfpt1,symbol
Antxr1,Antxr1,symbol
Gkn1,Gkn1,symbol
Gkn2,Gkn2,symbol
Gkn3,Gkn3,symbol
ENSRNOG00000069964,,ensembl
Bmp10,Bmp10,symbol
Arhgap25,Arhgap25,symbol
Prokr1,Prokr1,symbol
Aplf,Aplf,symbol
Cfap92,Cfap92,symbol
Efcc1,Efcc1,symbol
Gp9,Gp9,symbol
Rab43,Rab43,symbol
Isy1,Isy1,symbol
Cnbp,Cnbp,symbol
Hmces,Hmces,symbol
H1f10,H1f10,symbol
Rab7a,Rab7a,symbol
Rpn1,Rpn1,symbol
ENSRNOG00000070501,,ensembl
LOC120102333,LOC120102333,symbol
Gata2,Gata2,symbol
Dnajb8,Dnajb8,symbol
Eefsec,Eefsec,symbol
LOC120102642,LOC120102642,symbol
Ruvbl1,Ruvbl1,symbol
LOC685085,LOC685085,symbol
Sec61a1,Sec61a1,symbol
Kbtbd12,Kbtbd12,symbol
Mgll,Mgll,symbol
Abtb1,Abtb1,symbol
Podxl2,Podxl2,symbol
Mcm2,Mcm2,symbol
Tpra1,Tpra1,symbol
Prr20e,Prr20e,symbol
AABR07061385.2,AABR07061385.2,symbol
Plxna1,Plxna1,symbol
Chchd6,Chchd6,symbol
LOC120102655,LOC120102655,symbol
Txnrd3,Txnrd3,symbol
Vom1r90,Vom1r90,symbol
ENSRNOG00000069959,,ensembl
ENSRNOG00000071085,,ensembl
Vom1r92,Vom1r92,symbol
Vom1r93,Vom1r93,symbol
Vom1r94,Vom1r94,symbol
Vom1r96,Vom1r96,symbol
Vom1r97,Vom1r97,symbol
Vom1r98,Vom1r98,symbol
ENSRNOG00000069763,,ensembl
ENSRNOG00000062877,,ensembl
Vom1r100,Vom1r100,symbol
ENSRNOG00000065051,Vom1r101,ensembl
Vom1r100,Vom1r100,symbol
ENSRNOG00000069224,,ensembl
ENSRNOG00000067480,,ensembl
AABR07062390.2,AABR07062390.2,symbol
Vom1r-ps84,Vom1r-ps84,symbol
LOC120102341,LOC120102341,symbol
Vom1r-ps86,Vom1r-ps86,symbol
Vom1r103,Vom1r103,symbol
Vom1r102,Vom1r102,symbol
LOC685964,LOC685964,symbol
Chst13,Chst13,symbol
Uroc1,Uroc1,symbol
Zxdc,Zxdc,symbol
Cfap100,Cfap100,symbol
Klf15,Klf15,symbol
Aldh1l1,Aldh1l1,symbol
Slc41a3,Slc41a3,symbol
Iqsec1,Iqsec1,symbol
LOC120102710,LOC120102710,symbol
Nup210,Nup210,symbol
Hdac11,Hdac11,symbol
Fbln2,Fbln2,symbol
Wnt7a,Wnt7a,symbol
Chchd4-ps1,Chchd4-ps1,symbol
Tmem43,Tmem43,symbol
Xpc,Xpc,symbol
Lsm3,Lsm3,symbol
Slc6a6,Slc6a6,symbol
Grip2,Grip2,symbol
Ccdc174,Ccdc174,symbol
C4h3orf20,C4h3orf20,symbol
Fgd5,Fgd5,symbol
Nr2c2,Nr2c2,symbol
Mrps25,Mrps25,symbol
ENSRNOG00000065102,,ensembl
Rbsn,Rbsn,symbol
ENSRNOG00000066379,,ensembl
Trh,Trh,symbol
Prickle2,Prickle2,symbol
Adamts9,Adamts9,symbol
ENSRNOG00000066172,,ensembl
Gm15737,Gm15737,symbol
ENSRNOG00000064824,,ensembl
ENSRNOG00000069297,,ensembl
ENSRNOG00000070845,,ensembl
ENSRNOG00000070814,,ensembl
LOC120102670,LOC120102670,symbol
LOC120102703,LOC120102703,symbol
Magi1,Magi1,symbol
Snora44,Snora44,symbol
LOC100361920,LOC100361920,symbol
ENSRNOG00000071067,,ensembl
Slc25a26,Slc25a26,symbol
Lrig1,Lrig1,symbol
LOC687056,LOC687056,symbol
AABR07031972.1,AABR07031972.1,symbol
Kbtbd8,Kbtbd8,symbol
ENSRNOG00000068469,,ensembl
Suclg2,Suclg2,symbol
ENSRNOG00000065171,,ensembl
ENSRNOG00000066753,,ensembl
ENSRNOG00000063239,,ensembl
LOC108353456,LOC108353456,symbol
Nup50-ps1,Nup50-ps1,symbol
Rnu6-131,Rnu6-131,symbol
Tafa4,Tafa4,symbol
Eogt,Eogt,symbol
Tmf1,Tmf1,symbol
LOC120102630,LOC120102630,symbol
Uba3,Uba3,symbol
Arl6ip5,Arl6ip5,symbol
Lmod3,Lmod3,symbol
Frmd4b,Frmd4b,symbol
ENSRNOG00000063394,,ensembl
ENSRNOG00000070566,,ensembl
ENSRNOG00000067400,,ensembl
ENSRNOG00000070017,,ensembl
ENSRNOG00000067625,,ensembl
LOC120102724,LOC120102724,symbol
Mitf,Mitf,symbol
Mdfic2,Mdfic2,symbol
Rnu6-433,Rnu6-433,symbol
ENSRNOG00000068110,,ensembl
Foxp1,Foxp1,symbol
LOC120102771,LOC120102771,symbol
LOC102555037,LOC102555037,symbol
Eif4e3,Eif4e3,symbol
Gpr27,Gpr27,symbol
Ier3ip1-ps1,Ier3ip1-ps1,symbol
Prok2,Prok2,symbol
LOC120102174,LOC120102174,symbol
LOC120102351,LOC120102351,symbol
LOC120102666,LOC120102666,symbol
Shq1,Shq1,symbol
Actg1-ps9,Actg1-ps9,symbol
Gxylt2,Gxylt2,symbol
Ppp4r2,Ppp4r2,symbol
LOC108350739,LOC108350739,symbol
LOC120102356,LOC120102356,symbol
Pdzrn3,Pdzrn3,symbol
Cntn3,Cntn3,symbol
LOC120102755,LOC120102755,symbol
LOC120102641,LOC120102641,symbol
LOC120102607,LOC120102607,symbol
Chl1,Chl1,symbol
LOC120102611,LOC120102611,symbol
ENSRNOG00000065903,,ensembl
AABR07061614.1,AABR07061614.1,symbol
LOC120102718,LOC120102718,symbol
ENSRNOG00000062416,,ensembl
AABR07061614.3,AABR07061614.3,symbol
Cntn6,Cntn6,symbol
LOC120102503,LOC120102503,symbol
Cntn4,Cntn4,symbol
Il5ra,Il5ra,symbol
Trnt1,Trnt1,symbol
LOC120102573,LOC120102573,symbol
Crbn,Crbn,symbol
ENSRNOG00000063045,,ensembl
Lrrn1,Lrrn1,symbol
LOC120102689,LOC120102689,symbol
Setmar,Setmar,symbol
Sumf1,Sumf1,symbol
Itpr1,Itpr1,symbol
AABR07061707.1,AABR07061707.1,symbol
ENSRNOG00000070003,,ensembl
Bhlhe40,Bhlhe40,symbol
Arl8b,Arl8b,symbol
Edem1,Edem1,symbol
LOC120102762,LOC120102762,symbol
LOC120102553,LOC120102553,symbol
Grm7,Grm7,symbol
LOC120102601,LOC120102601,symbol
LOC120102505,LOC120102505,symbol
ENSRNOG00000064122,,ensembl
LOC120102593,LOC120102593,symbol
Lmcd1,Lmcd1,symbol
Ssuh2,Ssuh2,symbol
Cav3,Cav3,symbol
Oxtr,Oxtr,symbol
Rad18,Rad18,symbol
ENSRNOG00000063868,,ensembl
Srgap3,Srgap3,symbol
LOC120102769,LOC120102769,symbol
Thumpd3,Thumpd3,symbol
LOC120102586,LOC120102586,symbol
Setd5,Setd5,symbol
ENSRNOG00000066335,,ensembl
Lhfpl4,Lhfpl4,symbol
Mtmr14,Mtmr14,symbol
Cpne9,Cpne9,symbol
Brpf1,Brpf1,symbol
Ogg1,Ogg1,symbol
Camk1,Camk1,symbol
Tada3,Tada3,symbol
LOC120102750,LOC120102750,symbol
Arpc4,Arpc4,symbol
Ttll3,Ttll3,symbol
Rpusd3,Rpusd3,symbol
Cidec,Cidec,symbol
Jagn1,Jagn1,symbol
LOC120102752,LOC120102752,symbol
Il17re,Il17re,symbol
Il17rc,Il17rc,symbol
Creld1,Creld1,symbol
Prrt3,Prrt3,symbol
Emc3,Emc3,symbol
Fancd2,Fancd2,symbol
Fancd2os,Fancd2os,symbol
Brk1,Brk1,symbol
Vhl,Vhl,symbol
Irak2,Irak2,symbol
Tatdn2,Tatdn2,symbol
Ghrl,Ghrl,symbol
Sec13,Sec13,symbol
Atp2b2,Atp2b2,symbol
Slc6a11,Slc6a11,symbol
Slc6a1,Slc6a1,symbol
LOC120102366,LOC120102366,symbol
Hrh1,Hrh1,symbol
LOC120102367,LOC120102367,symbol
ENSRNOG00000069624,,ensembl
Atg7,Atg7,symbol
Vgll4,Vgll4,symbol
Tamm41,Tamm41,symbol
ENSRNOG00000068748,,ensembl
ENSRNOG00000069247,,ensembl
Syn2,Syn2,symbol
ENSRNOG00000067395,,ensembl
AC128901.1,AC128901.1,symbol
ENSRNOG00000069227,,ensembl
Timp4,Timp4,symbol
LOC120102740,LOC120102740,symbol
Pparg,Pparg,symbol
Tsen2,Tsen2,symbol
Mkrn2os,Mkrn2os,symbol
Mkrn2,Mkrn2,symbol
Raf1,Raf1,symbol
LOC120102730,LOC120102730,symbol
Tmem40,Tmem40,symbol
Cand2,Cand2,symbol
Rpl32,Rpl32,symbol
LOC120102637,LOC120102637,symbol
Efcab12,Efcab12,symbol
Mbd4,Mbd4,symbol
Ift122,Ift122,symbol
Rho,Rho,symbol
H1f8,H1f8,symbol
Plxnd1,Plxnd1,symbol
AABR07061825.2,AABR07061825.2,symbol
Tmcc1,Tmcc1,symbol
LOC680385,LOC680385,symbol
Washc2c,Washc2c,symbol
Zfand4,Zfand4,symbol
ENSRNOG00000066609,,ensembl
Marchf8,Marchf8,symbol
LOC680441,LOC680441,symbol
ENSRNOG00000064887,,ensembl
Alox5,Alox5,symbol
Or13a1,Or13a1,symbol
Or6d12,Or6d12,symbol
Or6d13b,Or6d13b,symbol
Or6d12b,Or6d12b,symbol
ENSRNOG00000064443,,ensembl
Or6d13c,Or6d13c,symbol
Or6d12c,Or6d12c,symbol
Or6d14,Or6d14,symbol
Or6d15,Or6d15,symbol
Or6d15b,Or6d15b,symbol
Zfp422,Zfp422,symbol
Rassf4,Rassf4,symbol
Depp1,Depp1,symbol
Tmem72,Tmem72,symbol
LOC120102672,LOC120102672,symbol
LOC120102768,LOC120102768,symbol
Akr1b1-ps2,Akr1b1-ps2,symbol
ENSRNOG00000066685,,ensembl
Cxcl12,Cxcl12,symbol
LOC120102649,LOC120102649,symbol
Eno1-ps20,Eno1-ps20,symbol
Zfp637,Zfp637,symbol
Zfp239,Zfp239,symbol
ENSRNOG00000062780,,ensembl
ENSRNOG00000069346,,ensembl
ENSRNOG00000067260,,ensembl
Hnrnpf,Hnrnpf,symbol
Fxyd4,Fxyd4,symbol
LOC685069,LOC685069,symbol
ENSRNOG00000069862,LOC134486839,ensembl
Rasgef1a,Rasgef1a,symbol
Csgalnact2,Csgalnact2,symbol
LOC120102660,LOC120102660,symbol
Ret,Ret,symbol
Bms1,Bms1,symbol
Zfp248,Zfp248,symbol
Zfp9,Zfp9,symbol
LOC120102774,LOC120102774,symbol
Ankrd26,Ankrd26,symbol
Cacna1c,Cacna1c,symbol
Dcp1b,Dcp1b,symbol
Cacna2d4,Cacna2d4,symbol
Lrtm2,Lrtm2,symbol
Adipor2,Adipor2,symbol
LOC120102588,LOC120102588,symbol
LOC120102757,LOC120102757,symbol
Wnt5b,Wnt5b,symbol
Fbxl14,Fbxl14,symbol
Erc1,Erc1,symbol
LOC120102377,LOC120102377,symbol
Rad52,Rad52,symbol
Wnk1,Wnk1,symbol
LOC103692210,LOC103692210,symbol
Ninj2,Ninj2,symbol
B4galnt3,B4galnt3,symbol
ENSRNOG00000066817,,ensembl
Ccdc77,Ccdc77,symbol
Kdm5a,Kdm5a,symbol
Il17ra,Il17ra,symbol
Tmem121b,Tmem121b,symbol
Hdhd5,Hdhd5,symbol
Cecr2,Cecr2,symbol
Slc25a18,Slc25a18,symbol
Atp6v1e1,Atp6v1e1,symbol
Bcl2l13,Bcl2l13,symbol
Bid,Bid,symbol
Mical3,Mical3,symbol
ENSRNOG00000068855,,ensembl
Pex26,Pex26,symbol
ENSRNOG00000066550,,ensembl
Tuba8,Tuba8,symbol
Usp18,Usp18,symbol
Slc6a13,Slc6a13,symbol
Slc6a12,Slc6a12,symbol
Iqsec3,Iqsec3,symbol
A2m,A2m,symbol
LOC297568,LOC297568,symbol
Mug1,Mug1,symbol
Mug2,Mug2,symbol
Cpamd8,Cpamd8,symbol
Klrg1,Klrg1,symbol
M6pr,M6pr,symbol
Phc1,Phc1,symbol
AABR07061964.1,AABR07061964.1,symbol
Rimklb,Rimklb,symbol
Mfap5,Mfap5,symbol
LOC120102557,LOC120102557,symbol
Aicda,Aicda,symbol
Apobec1,Apobec1,symbol
Dppa3,Dppa3,symbol
Gdf3,Gdf3,symbol
ENSRNOG00000065131,,ensembl
ENSRNOG00000064705,,ensembl
Nanog,Nanog,symbol
Slc2a3,Slc2a3,symbol
ENSRNOG00000062509,,ensembl
Foxj2,Foxj2,symbol
C3ar1,C3ar1,symbol
RGD1563551,RGD1563551,symbol
Necap1,Necap1,symbol
ENSRNOG00000030870,,ensembl
Clec4a1,Clec4a1,symbol
Clec4a3,Clec4a3,symbol
Clec4a2,Clec4a2,symbol
Clec4a,Clec4a,symbol
Clec4b2,Clec4b2,symbol
Clec6a-ps1,Clec6a-ps1,symbol
Clec4d,Clec4d,symbol
Clec4e,Clec4e,symbol
Vom2r48,Vom2r48,symbol
Vom2r50,Vom2r50,symbol
LOC120102735,LOC120102735,symbol
Vom2r51,Vom2r51,symbol
LOC120102683,LOC120102683,symbol
Vom2r52,Vom2r52,symbol
AABR07062026.1,AABR07062026.1,symbol
ENSRNOG00000063857,,ensembl
LOC120102684,LOC120102684,symbol
Cd163,Cd163,symbol
RGD1307916,RGD1307916,symbol
AC128967.3,AC128967.3,symbol
Pex5,Pex5,symbol
Clstn3,Clstn3,symbol
Zfp42l,Zfp42l,symbol
ENSRNOG00000062979,,ensembl
C1rl,C1rl,symbol
C1r,C1r,symbol
C1s,C1s,symbol
Lpcat3,Lpcat3,symbol
Emg1,Emg1,symbol
Phb2,Phb2,symbol
LOC120102747,LOC120102747,symbol
Mir141,Mir141,symbol
Mir3575,Mir3575,symbol
Ptpn6,Ptpn6,symbol
Atn1,Atn1,symbol
LOC120102610,LOC120102610,symbol
Eno2,Eno2,symbol
Lrrc23,Lrrc23,symbol
Spsb2,Spsb2,symbol
Tpi1,Tpi1,symbol
Usp5,Usp5,symbol
Cdca3,Cdca3,symbol
Gnb3,Gnb3,symbol
P3h3,P3h3,symbol
Gpr162,Gpr162,symbol
ENSRNOG00000071219,Cd4,ensembl
Lag3,Lag3,symbol
Ptms,Ptms,symbol
AC115420.4,AC115420.4,symbol
Mlf2,Mlf2,symbol
Cops7a,Cops7a,symbol
LOC120102584,LOC120102584,symbol
ENSRNOG00000062716,,ensembl
Pianp,Pianp,symbol
Zfp384,Zfp384,symbol
ENSRNOG00000066393,,ensembl
Acrbp,Acrbp,symbol
Ing4,Ing4,symbol
Lpar5,Lpar5,symbol
Chd4,Chd4,symbol
LOC120102738,LOC120102738,symbol
Nop2,Nop2,symbol
Iffo1,Iffo1,symbol
LOC108351137,LOC108351137,symbol
Ncapd2,Ncapd2,symbol
Scarna10,Scarna10,symbol
Mrpl51,Mrpl51,symbol
Vamp1,Vamp1,symbol
Cd27,Cd27,symbol
LOC120102626,LOC120102626,symbol
Tuba3b,Tuba3b,symbol
Ltbr,Ltbr,symbol
Scnn1a,Scnn1a,symbol
Tnfrsf1a,Tnfrsf1a,symbol
Plekhg6,Plekhg6,symbol
Rnu6-212,Rnu6-212,symbol
ENSRNOG00000064217,,ensembl
Cd9,Cd9,symbol
Vwf,Vwf,symbol
Ano2,Ano2,symbol
LOC120102587,LOC120102587,symbol
Ntf3,Ntf3,symbol
ENSRNOG00000065414,,ensembl
Kcna5,Kcna5,symbol
ENSRNOG00000063160,,ensembl
Kcna1,Kcna1,symbol
LOC108350764,LOC108350764,symbol
LOC120102765,LOC120102765,symbol
Kcna6,Kcna6,symbol
ENSRNOG00000068329,,ensembl
Ndufa9,Ndufa9,symbol
ENSRNOG00000066998,,ensembl
Akap3,Akap3,symbol
Dyrk4,Dyrk4,symbol
Rad51ap1,Rad51ap1,symbol
RGD1311164,RGD1311164,symbol
ENSRNOG00000066751,,ensembl
Fgf6,Fgf6,symbol
Fgf23,Fgf23,symbol
Tigar,Tigar,symbol
Ccnd2,Ccnd2,symbol
Parp11,Parp11,symbol
Cracr2a,Cracr2a,symbol
Prmt8,Prmt8,symbol
Tspan11,Tspan11,symbol
Tspan9,Tspan9,symbol
LOC102556609,LOC102556609,symbol
Senp18,Senp18,symbol
Senp17,Senp17,symbol
ENSRNOG00000062584,,ensembl
Senp2-ps1,Senp2-ps1,symbol
LOC120102396,LOC120102396,symbol
ENSRNOG00000069039,,ensembl
LOC120102398,LOC120102398,symbol
ENSRNOG00000067701,,ensembl
ENSRNOG00000067026,,ensembl
ENSRNOG00000070785,,ensembl
ENSRNOG00000066305,,ensembl
ENSRNOG00000065786,,ensembl
Tead4,Tead4,symbol
Tulp3,Tulp3,symbol
Rhno1,Rhno1,symbol
Foxm1,Foxm1,symbol
Tex52,Tex52,symbol
Nrip2,Nrip2,symbol
Itfg2,Itfg2,symbol
Fkbp4,Fkbp4,symbol
LOC102554670,LOC102554670,symbol
ENSRNOG00000064923,,ensembl
Pzp,Pzp,symbol
A2ml1,A2ml1,symbol
ENSRNOG00000071208,,ensembl
ENSRNOG00000064414,,ensembl
Klrb1b,Klrb1b,symbol
ENSRNOG00000069655,,ensembl
LOC500331,LOC500331,symbol
Clec2d2,Clec2d2,symbol
LOC689757,LOC689757,symbol
LOC689770,LOC689770,symbol
Clec2d,Clec2d,symbol
ENSRNOG00000069899,,ensembl
ENSRNOG00000070827,,ensembl
Clec2dl1,Clec2dl1,symbol
AABR07062136.1,AABR07062136.1,symbol
LOC689800,LOC689800,symbol
AABR07062138.1,AABR07062138.1,symbol
Klrb1c,Klrb1c,symbol
Klrb1,Klrb1,symbol
Clec2h,Clec2h,symbol
AABR07062154.1,AABR07062154.1,symbol
Clec2e,Clec2e,symbol
LOC100362418,LOC100362418,symbol
LOC120102617,LOC120102617,symbol
Clec2g,Clec2g,symbol
LOC100909928,LOC100909928,symbol
ENSRNOG00000064556,,ensembl
ENSRNOG00000067104,,ensembl
ENSRNOG00000066615,,ensembl
Cd69,Cd69,symbol
RGD1564770,RGD1564770,symbol
Clec12a,Clec12a,symbol
Chtopl1,Chtopl1,symbol
Clec12b,Clec12b,symbol
Clec1b,Clec1b,symbol
Clec9a,Clec9a,symbol
Clec1a,Clec1a,symbol
Clec7a,Clec7a,symbol
Olr1,Olr1,symbol
Tmem52b,Tmem52b,symbol
ENSRNOG00000063870,,ensembl
ENSRNOG00000070261,,ensembl
Gabarapl1,Gabarapl1,symbol
Klre1,Klre1,symbol
Klrd1,Klrd1,symbol
Klrk1,Klrk1,symbol
Klrc3,Klrc3,symbol
Klrc2,Klrc2,symbol
Klrc1,Klrc1,symbol
ENSRNOG00000064643,,ensembl
Klri1,Klri1,symbol
Klri2,Klri2,symbol
Klrh1,Klrh1,symbol
Klra4,Klra4,symbol
Ly49si4,Ly49si4,symbol
Ly49si3,Ly49si3,symbol
Ly49si2,Ly49si2,symbol
LOC120093104,LOC120093104,symbol
LOC497796,LOC497796,symbol
Ly49s6,Ly49s6,symbol
Ly49s6,Ly49s6,symbol
Ly49s5,Ly49s5,symbol
Ly49i5,Ly49i5,symbol
Klra22,Klra22,symbol
Ly49s4,Ly49s4,symbol
Ly49i4,Ly49i4,symbol
ENSRNOG00000062693,,ensembl
Ly49i3,Ly49i3,symbol
Ly49i2,Ly49i2,symbol
Klra1,Klra1,symbol
Ly49s8,Ly49s8,symbol
Ly49s7,Ly49s7,symbol
Klra5,Klra5,symbol
Ly49i7,Ly49i7,symbol
Klra2,Klra2,symbol
LOC120102664,LOC120102664,symbol
Magohb,Magohb,symbol
Styk1,Styk1,symbol
Ybx3,Ybx3,symbol
LOC120102625,LOC120102625,symbol
Lpal2,Lpal2,symbol
Tas2r130,Tas2r130,symbol
Tas2r107,Tas2r107,symbol
Tas2r106,Tas2r106,symbol
Tas2r104,Tas2r104,symbol
Tas2r105,Tas2r105,symbol
Tas2r114,Tas2r114,symbol
Nudc-ps1,Nudc-ps1,symbol
Prb1,Prb1,symbol
Prpmp5,Prpmp5,symbol
Prb3,Prb3,symbol
AABR07062238.1,AABR07062238.1,symbol
Prp15,Prp15,symbol
Prp15,Prp15,symbol
RGD1306750,RGD1306750,symbol
Tas2r120,Tas2r120,symbol
Tas2r122l-ps1,Tas2r122l-ps1,symbol
Tas2r124,Tas2r124,symbol
Tas2r102,Tas2r102,symbol
Tas2r13,Tas2r13,symbol
Tas2r136,Tas2r136,symbol
ENSRNOG00000064333,,ensembl
Tas2r109,Tas2r109,symbol
Tas2r145,Tas2r145,symbol
Tas2r129,Tas2r129,symbol
LOC100360076,LOC100360076,symbol
Tas2r125,Tas2r125,symbol
Tas2r113,Tas2r113,symbol
Tas2r110,Tas2r110,symbol
Tas2r116,Tas2r116,symbol
Tas2r140,Tas2r140,symbol
Smim10l1,Smim10l1,symbol
Smim10l1,Smim10l1,symbol
Prr4,Prr4,symbol
Kap,Kap,symbol
AABR07062298.1,AABR07062298.1,symbol
ENSRNOG00000066539,,ensembl
Etv6,Etv6,symbol
ENSRNOG00000068396,,ensembl
ENSRNOG00000064991,Etv6,ensembl
LOC120102686,LOC120102686,symbol
Bcl2l14,Bcl2l14,symbol
ENSRNOG00000065147,,ensembl
Lrp6,Lrp6,symbol
Mansc1,Mansc1,symbol
Borcs5,Borcs5,symbol
Dusp16,Dusp16,symbol
ENSRNOG00000064288,,ensembl
LOC102551557,LOC102551557,symbol
ENSRNOG00000067342,,ensembl
Crebl2,Crebl2,symbol
Gpr19,Gpr19,symbol
Cdkn1b,Cdkn1b,symbol
Apold1,Apold1,symbol
Ddx47,Ddx47,symbol
Gprc5a,Gprc5a,symbol
Gprc5d,Gprc5d,symbol
Hebp1,Hebp1,symbol
LOC120102674,LOC120102674,symbol
Fam234b,Fam234b,symbol
Gsg1,Gsg1,symbol
Pbp2,Pbp2,symbol
Emp1,Emp1,symbol
LOC120102631,LOC120102631,symbol
Grin2b,Grin2b,symbol
Rnu2-63,Rnu2-63,symbol
ENSRNOG00000030158,,ensembl
AABR07062350.1,AABR07062350.1,symbol
Atf7ip,Atf7ip,symbol
Plbd1,Plbd1,symbol
Gucy2c,Gucy2c,symbol
Hist1h4m,Hist1h4m,symbol
H2aj,H2aj,symbol
Wbp11l1,Wbp11l1,symbol
LOC100912259,LOC100912259,symbol
LOC500354,LOC500354,symbol
Smco3,Smco3,symbol
Art4,Art4,symbol
Mgp,Mgp,symbol
Erp27,Erp27,symbol
Arhgdib,Arhgdib,symbol
Pde6h,Pde6h,symbol
LOC103695230,LOC103695230,symbol
ENSRNOG00000069672,,ensembl
LOC120102622,LOC120102622,symbol
ENSRNOG00000067985,,ensembl
Rerg,Rerg,symbol
Ptpro,Ptpro,symbol
Eps8,Eps8,symbol
ENSRNOG00000063230,,ensembl
Strap,Strap,symbol
Dera,Dera,symbol
Slc15a5,Slc15a5,symbol
Mgst1,Mgst1,symbol
Lmo3,Lmo3,symbol
Igbp1b,Igbp1b,symbol
Rergl,Rergl,symbol
Pik3c2g,Pik3c2g,symbol
Plcz1,Plcz1,symbol
Capza3,Capza3,symbol
Plekha5,Plekha5,symbol
Aebp2,Aebp2,symbol
Pde3a,Pde3a,symbol
Slco1c1,Slco1c1,symbol
Slco1b2,Slco1b2,symbol
Slco1a4,Slco1a4,symbol
LOC120102773,LOC120102773,symbol
Slco1a1,Slco1a1,symbol
LOC120102719,LOC120102719,symbol
Slco1a3,Slco1a3,symbol
Slco1a6,Slco1a6,symbol
Iapp,Iapp,symbol
Pyroxd1,Pyroxd1,symbol
Recql,Recql,symbol
Golt1b,Golt1b,symbol
Spx,Spx,symbol
Gys2,Gys2,symbol
Ldhb,Ldhb,symbol
Kcnj8,Kcnj8,symbol
Abcc9,Abcc9,symbol
Cmas,Cmas,symbol
Sult6b2,Sult6b2,symbol
St8sia1,St8sia1,symbol
C2cd5,C2cd5,symbol
Etnk1,Etnk1,symbol
ENSRNOG00000063999,,ensembl
LOC120102662,LOC120102662,symbol
Rnu6-840,Rnu6-840,symbol
Sox5,Sox5,symbol
AABR07062466.1,AABR07062466.1,symbol
LOC120102693,LOC120102693,symbol
Bcat1,Bcat1,symbol
Irag2,Irag2,symbol
Dnai7,Dnai7,symbol
Etfrf1,Etfrf1,symbol
ENSRNOG00000069406,,ensembl
Lmntd1,Lmntd1,symbol
LOC120102714,LOC120102714,symbol
Tuba3a,Tuba3a,symbol
Rassf8,Rassf8,symbol
Bhlhe41,Bhlhe41,symbol
Sspn,Sspn,symbol
Itpr2,Itpr2,symbol
AABR07062513.1,AABR07062513.1,symbol
ENSRNOG00000065270,,ensembl
Ints13,Ints13,symbol
Fgfr1op2,Fgfr1op2,symbol
Tm7sf3,Tm7sf3,symbol
Med21,Med21,symbol
Stk38l,Stk38l,symbol
Bmal2,Bmal2,symbol
Smco2,Smco2,symbol
Ppfibp1,Ppfibp1,symbol
C4h12orf71,C4h12orf71,symbol
Rep15,Rep15,symbol
Mrps35,Mrps35,symbol
Mansc4,Mansc4,symbol
Klhl42,Klhl42,symbol
ENSRNOG00000067947,,ensembl
AABR07062539.1,AABR07062539.1,symbol
Pthlh,Pthlh,symbol
Ccdc91,Ccdc91,symbol
ENSRNOG00000064845,,ensembl
Far2,Far2,symbol
Ergic2,Ergic2,symbol
Rnu1-73,Rnu1-73,symbol
Tmtc1,Tmtc1,symbol
Rps4y2,Rps4y2,symbol
Ipo8,Ipo8,symbol
Rnu2-45,Rnu2-45,symbol
Caprin2,Caprin2,symbol
ENSRNOG00000070076,,ensembl
Sinhcaf,Sinhcaf,symbol
ENSRNOG00000068167,,ensembl
LOC120102628,LOC120102628,symbol
Dennd5b,Dennd5b,symbol
LOC120102599,LOC120102599,symbol
LOC120102575,LOC120102575,symbol
Etfbkmt,Etfbkmt,symbol
Amn1,Amn1,symbol
Resf1,Resf1,symbol
ENSRNOG00000069103,,ensembl
ENSRNOG00000069174,,ensembl
Bicd1,Bicd1,symbol
LOC100362344,LOC100362344,symbol
ENSRNOG00000067095,,ensembl
LOC102547920,LOC102547920,symbol
ENSRNOG00000071172,,ensembl
LOC120103191,LOC120103191,symbol
LOC100912172,LOC100912172,symbol
Cct6a-ps3,Cct6a-ps3,symbol
ENSRNOG00000065369,,ensembl
Crispld1,Crispld1,symbol
Pi15,Pi15,symbol
AABR07046657.1,AABR07046657.1,symbol
Gdap1,Gdap1,symbol
Jph1,Jph1,symbol
LOC120103323,LOC120103323,symbol
Ly96,Ly96,symbol
ENSRNOG00000068376,,ensembl
Tmem70,Tmem70,symbol
Eloc,Eloc,symbol
Ube2w,Ube2w,symbol
AABR07046707.1,AABR07046707.1,symbol
ENSRNOG00000069669,,ensembl
LOC102555040,LOC102555040,symbol
Rdh10,Rdh10,symbol
LOC100912291,LOC100912291,symbol
LOC297756,LOC297756,symbol
Sbspon,Sbspon,symbol
Terf1,Terf1,symbol
LOC120103307,LOC120103307,symbol
AC125757.1,AC125757.1,symbol
AABR07047316.1,AABR07047316.1,symbol
LOC120103364,LOC120103364,symbol
ENSRNOG00000067608,,ensembl
Nufip2-ps1,Nufip2-ps1,symbol
LOC120103310,LOC120103310,symbol
ENSRNOG00000064858,,ensembl
ENSRNOG00000071116,,ensembl
Trpa1,Trpa1,symbol
Msc,Msc,symbol
ENSRNOG00000068683,,ensembl
ENSRNOG00000070716,,ensembl
ENSRNOG00000068170,,ensembl
Eya1,Eya1,symbol
Rbpjl2,Rbpjl2,symbol
Xkr9,Xkr9,symbol
Lactb2,Lactb2,symbol
Tram1,Tram1,symbol
LOC120103350,LOC120103350,symbol
Ncoa2,Ncoa2,symbol
Mir378b,Mir378b,symbol
AABR07046763.1,AABR07046763.1,symbol
Prdm14,Prdm14,symbol
Metazoa_SRP,Metazoa_SRP,symbol
LOC120103198,LOC120103198,symbol
Slco5a1,Slco5a1,symbol
Sulf1,Sulf1,symbol
LOC120103370,LOC120103370,symbol
LOC120103277,LOC120103277,symbol
RGD1564053,RGD1564053,symbol
LOC120103365,LOC120103365,symbol
Prex2,Prex2,symbol
Cpa6,Cpa6,symbol
ENSRNOG00000070502,,ensembl
Arfgef1,Arfgef1,symbol
Cspp1,Cspp1,symbol
Cops5,Cops5,symbol
Rnu6-1297,Rnu6-1297,symbol
Tcf24,Tcf24,symbol
Ppp1r42,Ppp1r42,symbol
Snord87,Snord87,symbol
Mcmdc2,Mcmdc2,symbol
Sgk3,Sgk3,symbol
ENSRNOG00000071155,,ensembl
Vcpip1,Vcpip1,symbol
Mybl1,Mybl1,symbol
Vxn,Vxn,symbol
Adhfe1,Adhfe1,symbol
Rrs1,Rrs1,symbol
Sntg1,Sntg1,symbol
LOC120103228,LOC120103228,symbol
ENSRNOG00000063845,,ensembl
ENSRNOG00000063427,,ensembl
ENSRNOG00000064844,,ensembl
Pcmtd1,Pcmtd1,symbol
AABR07046956.1,AABR07046956.1,symbol
St18,St18,symbol
ENSRNOG00000067292,,ensembl
Alkal1,Alkal1,symbol
Rb1cc1,Rb1cc1,symbol
LOC120103270,LOC120103270,symbol
Npbwr1,Npbwr1,symbol
Oprk1,Oprk1,symbol
Atp6v1h,Atp6v1h,symbol
Rgs20,Rgs20,symbol
Tcea1,Tcea1,symbol
Lypla1,Lypla1,symbol
Mrpl15,Mrpl15,symbol
ENSRNOG00000065105,,ensembl
Sox17,Sox17,symbol
Sumo4,Sumo4,symbol
ENSRNOG00000065942,,ensembl
Rp1,Rp1,symbol
Cyld-ps1,Cyld-ps1,symbol
LOC120103384,LOC120103384,symbol
Xkr4,Xkr4,symbol
ENSRNOG00000067678,,ensembl
Tmem68,Tmem68,symbol
Tgs1,Tgs1,symbol
Lyn,Lyn,symbol
Rps20-ps10,Rps20-ps10,symbol
Snord54,Snord54,symbol
LOC120103319,LOC120103319,symbol
Mos,Mos,symbol
LOC100364265,LOC100364265,symbol
ENSRNOG00000070783,,ensembl
Plag1,Plag1,symbol
ENSRNOG00000067855,,ensembl
Chchd7,Chchd7,symbol
ENSRNOG00000063712,,ensembl
Sdr16c5,Sdr16c5,symbol
Sdr16c6,Sdr16c6,symbol
Sdr16c6,Sdr16c6,symbol
Penk,Penk,symbol
RGD1563405,RGD1563405,symbol
LOC120103297,LOC120103297,symbol
Bpnt2,Bpnt2,symbol
ENSRNOG00000067636,,ensembl
ENSRNOG00000069204,,ensembl
LOC120103251,LOC120103251,symbol
Fam110b,Fam110b,symbol
LOC120103320,LOC120103320,symbol
ENSRNOG00000063053,,ensembl
Ubxn2b,Ubxn2b,symbol
ENSRNOG00000064562,Ubxn2b,ensembl
Cyp7a1,Cyp7a1,symbol
Sdcbp,Sdcbp,symbol
Nsmaf,Nsmaf,symbol
LOC120103295,LOC120103295,symbol
Tox,Tox,symbol
LOC120103345,LOC120103345,symbol
Gm5471,Gm5471,symbol
Car8,Car8,symbol
Rps16-ps4,Rps16-ps4,symbol
LOC120103375,LOC120103375,symbol
Rab2a,Rab2a,symbol
ENSRNOG00000066526,,ensembl
Chd7,Chd7,symbol
U3,U3,symbol
LOC120103214,LOC120103214,symbol
Clvs1,Clvs1,symbol
Asph,Asph,symbol
LOC120103224,LOC120103224,symbol
Gdf6,Gdf6,symbol
AABR07047191.1,AABR07047191.1,symbol
ENSRNOG00000069549,,ensembl
Cfap418,Cfap418,symbol
Plekhf2,Plekhf2,symbol
Ndufaf6,Ndufaf6,symbol
Tp53inp1,Tp53inp1,symbol
Ccne2,Ccne2,symbol
Ints8,Ints8,symbol
Dpy19l4,Dpy19l4,symbol
Esrp1,Esrp1,symbol
AABR07047219.1,AABR07047219.1,symbol
RGD1564278,RGD1564278,symbol
ENSRNOG00000071120,,ensembl
LOC103692302,LOC103692302,symbol
RGD1559441,RGD1559441,symbol
LOC103692301,LOC103692301,symbol
AABR07047237.1,AABR07047237.1,symbol
ENSRNOG00000070727,,ensembl
ENSRNOG00000062635,,ensembl
Virma,Virma,symbol
LOC120103356,LOC120103356,symbol
Fsbp,Fsbp,symbol
Gem,Gem,symbol
Cdh17,Cdh17,symbol
Pdp1,Pdp1,symbol
Tmem67,Tmem67,symbol
LOC120102832,LOC120102832,symbol
Rbm12b,Rbm12b,symbol
Cibar1,Cibar1,symbol
ENSRNOG00000064724,,ensembl
Triqk,Triqk,symbol
Runx1t1,Runx1t1,symbol
LOC120103328,LOC120103328,symbol
LOC120103334,LOC120103334,symbol
ENSRNOG00000063833,,ensembl
Slc26a7,Slc26a7,symbol
Lrrc69,Lrrc69,symbol
Otud6b,Otud6b,symbol
Pip4p2,Pip4p2,symbol
Necab1,Necab1,symbol
Necab1,Necab1,symbol
LOC120103363,LOC120103363,symbol
Tmem64,Tmem64,symbol
LOC120103271,LOC120103271,symbol
Calb1,Calb1,symbol
LOC120103326,LOC120103326,symbol
Decr1,Decr1,symbol
Nbn,Nbn,symbol
Osgin2,Osgin2,symbol
ENSRNOG00000067103,,ensembl
Ripk2,Ripk2,symbol
LOC120103219,LOC120103219,symbol
Mmp16,Mmp16,symbol
LOC120103244,LOC120103244,symbol
ENSRNOG00000067820,,ensembl
Cnbd1,Cnbd1,symbol
Cngb3,Cngb3,symbol
Cpne3,Cpne3,symbol
Rmdn1,Rmdn1,symbol
Wwp1,Wwp1,symbol
Slc7a13,Slc7a13,symbol
ENSRNOG00000063190,,ensembl
Atp6v0d2,Atp6v0d2,symbol
ENSRNOG00000068070,,ensembl
Ttpa,Ttpa,symbol
Ggh,Ggh,symbol
LOC120103374,LOC120103374,symbol
Nkain3,Nkain3,symbol
LOC120103316,LOC120103316,symbol
LOC120103292,LOC120103292,symbol
Prdm13,Prdm13,symbol
Ccnc,Ccnc,symbol
Tstd3,Tstd3,symbol
Usp45,Usp45,symbol
Pnisr,Pnisr,symbol
Coq3,Coq3,symbol
Faxc,Faxc,symbol
ENSRNOG00000071090,,ensembl
Fbxl4,Fbxl4,symbol
LOC120103329,LOC120103329,symbol
Pou3f2,Pou3f2,symbol
Mms22l,Mms22l,symbol
LOC120103351,LOC120103351,symbol
Klhl32,Klhl32,symbol
Ndufaf4,Ndufaf4,symbol
ENSRNOG00000069171,,ensembl
Gpr63,Gpr63,symbol
ENSRNOG00000064286,,ensembl
LOC120103248,LOC120103248,symbol
LOC120103335,LOC120103335,symbol
Fhl5,Fhl5,symbol
Ufl1,Ufl1,symbol
LOC120103222,LOC120103222,symbol
AABR07047293.1,AABR07047293.1,symbol
LOC120103304,LOC120103304,symbol
Fut9,Fut9,symbol
Manea,Manea,symbol
Slc25a36-ps1,Slc25a36-ps1,symbol
LOC120103388,LOC120103388,symbol
LOC120103311,LOC120103311,symbol
LOC120103330,LOC120103330,symbol
Epha7,Epha7,symbol
LOC120103208,LOC120103208,symbol
RGD1562265,RGD1562265,symbol
LOC120103355,LOC120103355,symbol
Map3k7,Map3k7,symbol
ENSRNOG00000065287,LOC134478955,ensembl
ENSRNOG00000065982,,ensembl
ENSRNOG00000067531,,ensembl
ENSRNOG00000068750,,ensembl
Bach2,Bach2,symbol
Gja10,Gja10,symbol
Casp8ap2,Casp8ap2,symbol
Mdn1,Mdn1,symbol
Lyrm2,Lyrm2,symbol
Ankrd6,Ankrd6,symbol
Ggact-ps3,Ggact-ps3,symbol
Rragd,Rragd,symbol
ENSRNOG00000065603,,ensembl
Ube2j1,Ube2j1,symbol
Gabrr2,Gabrr2,symbol
Gabrr1,Gabrr1,symbol
LOC120103194,LOC120103194,symbol
Pm20d2,Pm20d2,symbol
Srsf12,Srsf12,symbol
Pnrc1,Pnrc1,symbol
ENSRNOG00000064382,,ensembl
ENSRNOG00000066864,,ensembl
Rngtt,Rngtt,symbol
LOC120103294,LOC120103294,symbol
Cnr1,Cnr1,symbol
LOC120103344,LOC120103344,symbol
Spaca1,Spaca1,symbol
LOC120103226,LOC120103226,symbol
AABR07047835.1,AABR07047835.1,symbol
Akirin2,Akirin2,symbol
Orc3,Orc3,symbol
Rars2,Rars2,symbol
Slc35a1,Slc35a1,symbol
Cfap206,Cfap206,symbol
C5h6orf163,C5h6orf163,symbol
Smim8,Smim8,symbol
LOC120103296,LOC120103296,symbol
LOC120103367,LOC120103367,symbol
Zfp292,Zfp292,symbol
ENSRNOG00000067271,,ensembl
ENSRNOG00000063545,Sumo4,ensembl
Cga,Cga,symbol
Mob3b,Mob3b,symbol
Ifnk,Ifnk,symbol
LOC120103371,LOC120103371,symbol
RGD1359108,RGD1359108,symbol
Lingo2,Lingo2,symbol
LOC120103215,LOC120103215,symbol
Mir876,Mir876,symbol
Mir873,Mir873,symbol
ENSRNOG00000066186,,ensembl
RGD1306195,RGD1306195,symbol
Rnu6-48,Rnu6-48,symbol
Rnu7-97,Rnu7-97,symbol
Aco1,Aco1,symbol
Rig1,Rig1,symbol
Topors,Topors,symbol
Smim27,Smim27,symbol
Ndufb6,Ndufb6,symbol
LOC120103221,LOC120103221,symbol
ENSRNOG00000064831,,ensembl
Tmem215,Tmem215,symbol
ENSRNOG00000063142,,ensembl
ENSRNOG00000062709,,ensembl
Aptx,Aptx,symbol
Dnaja1,Dnaja1,symbol
Mir207,Mir207,symbol
Smu1,Smu1,symbol
B4galt1,B4galt1,symbol
Spink4,Spink4,symbol
Bag1,Bag1,symbol
Chmp5,Chmp5,symbol
Nfx1,Nfx1,symbol
Aqp7,Aqp7,symbol
LOC120103220,LOC120103220,symbol
Aqp3,Aqp3,symbol
Nol6,Nol6,symbol
Ube2r2,Ube2r2,symbol
Ubap2,Ubap2,symbol
Snord121b,Snord121b,symbol
Snord121a,Snord121a,symbol
LOC120103358,LOC120103358,symbol
LOC683961,LOC683961,symbol
Dcaf12,Dcaf12,symbol
ENSRNOG00000064153,LOC120103061,ensembl
Ubap1,Ubap1,symbol
Kif24,Kif24,symbol
Nudt2,Nudt2,symbol
Myorg,Myorg,symbol
RGD1561916,RGD1561916,symbol
Fam219a,Fam219a,symbol
Dnai1,Dnai1,symbol
Enho,Enho,symbol
Cntfr,Cntfr,symbol
Rpp25l,Rpp25l,symbol
Dctn3,Dctn3,symbol
Arid3c,Arid3c,symbol
Sigmar1,Sigmar1,symbol
Galt,Galt,symbol
Il11ra1,Il11ra1,symbol
Ccl27,Ccl27,symbol
Ccl19,Ccl19,symbol
LOC689481,LOC689481,symbol
Ccl21,Ccl21,symbol
ENSRNOG00000070146,,ensembl
ENSRNOG00000068351,,ensembl
ENSRNOG00000068697,,ensembl
Fam205a,Fam205a,symbol
Fam205c,Fam205c,symbol
Phf24,Phf24,symbol
Dnajb5,Dnajb5,symbol
LOC100360821,LOC100360821,symbol
Vcp,Vcp,symbol
Fancg,Fancg,symbol
Pigo,Pigo,symbol
Stoml2,Stoml2,symbol
Atosb,Atosb,symbol
ENSRNOG00000063873,,ensembl
Unc13b,Unc13b,symbol
ENSRNOG00000070326,,ensembl
AABR07029741.3,AABR07029741.3,symbol
LOC120103346,LOC120103346,symbol
Atp8b5p,Atp8b5p,symbol
Rusc2,Rusc2,symbol
Fam166b,Fam166b,symbol
Tesk1,Tesk1,symbol
Cd72,Cd72,symbol
RGD1560723,RGD1560723,symbol
Sit1,Sit1,symbol
RNase_MRP,RNase_MRP,symbol
Ccdc107,Ccdc107,symbol
Arhgef39,Arhgef39,symbol
Car9,Car9,symbol
Tpm2,Tpm2,symbol
Tln1,Tln1,symbol
Creb3,Creb3,symbol
Gba2,Gba2,symbol
Rgp1,Rgp1,symbol
Msmp,Msmp,symbol
RGD1562259,RGD1562259,symbol
Npr2,Npr2,symbol
Spag8,Spag8,symbol
Hint2,Hint2,symbol
Fam221b,Fam221b,symbol
Tmem8b,Tmem8b,symbol
Or13e8,Or13e8,symbol
Or13j1,Or13j1,symbol
Hrct1,Hrct1,symbol
LOC120103380,LOC120103380,symbol
ENSRNOG00000070391,Spaar,ensembl
Or13c7d,Or13c7d,symbol
Or13c7e,Or13c7e,symbol
Or13c7b,Or13c7b,symbol
Or13c7c,Or13c7c,symbol
Or13c7,Or13c7,symbol
Reck,Reck,symbol
ENSRNOG00000070166,,ensembl
Glipr2,Glipr2,symbol
Ccin,Ccin,symbol
Clta,Clta,symbol
Gne,Gne,symbol
Rnf38,Rnf38,symbol
Melk,Melk,symbol
LOC120103315,LOC120103315,symbol
LOC100359916,LOC100359916,symbol
Pax5,Pax5,symbol
Zcchc7,Zcchc7,symbol
Grhpr,Grhpr,symbol
Zbtb5,Zbtb5,symbol
Polr1e,Polr1e,symbol
Fbxo10,Fbxo10,symbol
Tomm5,Tomm5,symbol
LOC120103148,LOC120103148,symbol
Frmpd1,Frmpd1,symbol
Trmt10b,Trmt10b,symbol
Exosc3,Exosc3,symbol
Dcaf10,Dcaf10,symbol
Slc25a51,Slc25a51,symbol
Shb,Shb,symbol
Aldh1b1,Aldh1b1,symbol
Igfbpl1,Igfbpl1,symbol
Stra6l,Stra6l,symbol
Ccdc180,Ccdc180,symbol
Tdrd7,Tdrd7,symbol
ENSRNOG00000062835,,ensembl
Tmod1,Tmod1,symbol
Tstd2,Tstd2,symbol
Ncbp1,Ncbp1,symbol
Xpa,Xpa,symbol
ENSRNOG00000066697,,ensembl
ENSRNOG00000065941,,ensembl
Foxe1,Foxe1,symbol
Trmo,Trmo,symbol
Hemgn,Hemgn,symbol
ENSRNOG00000064882,Pfdn6-ps1,ensembl
Anp32b,Anp32b,symbol
Nans,Nans,symbol
Trim14,Trim14,symbol
Coro2a,Coro2a,symbol
ENSRNOG00000065329,,ensembl
Tbc1d2,Tbc1d2,symbol
Gabbr2,Gabbr2,symbol
Anks6,Anks6,symbol
Galnt12,Galnt12,symbol
Col15a1,Col15a1,symbol
Tgfbr1,Tgfbr1,symbol
Alg2,Alg2,symbol
Sec61b,Sec61b,symbol
LOC120103308,LOC120103308,symbol
Nr4a3,Nr4a3,symbol
Stx17,Stx17,symbol
Erp44,Erp44,symbol
Invs,Invs,symbol
Tex10,Tex10,symbol
Msantd3,Msantd3,symbol
Tmeff1,Tmeff1,symbol
Cavin4,Cavin4,symbol
LOC120103339,LOC120103339,symbol
Plppr1,Plppr1,symbol
LOC120103256,LOC120103256,symbol
ENSRNOG00000062605,,ensembl
Acnat2,Acnat2,symbol
Acnat1,Acnat1,symbol
Acnat1,Acnat1,symbol
Baat,Baat,symbol
ENSRNOG00000068816,Mrpl50,ensembl
Zfp189,Zfp189,symbol
Aldob,Aldob,symbol
Pgap4,Pgap4,symbol
Rnf20,Rnf20,symbol
Grin3a,Grin3a,symbol
Ppp3r2,Ppp3r2,symbol
LOC120103338,LOC120103338,symbol
Cylc2,Cylc2,symbol
LOC120103341,LOC120103341,symbol
RNaseP_nuc,RNaseP_nuc,symbol
Rps6,Rps6,symbol
Smc2,Smc2,symbol
LOC120103314,LOC120103314,symbol
Toporsl,Toporsl,symbol
LOC120103196,LOC120103196,symbol
Or13f5,Or13f5,symbol
LOC500460,LOC500460,symbol
Or13c3,Or13c3,symbol
Or13c3c,Or13c3c,symbol
Or13c3g,Or13c3g,symbol
Or13c3b,Or13c3b,symbol
Or13c3f,Or13c3f,symbol
LOC120103150,LOC120103150,symbol
Or13c3,Or13c3,symbol
Or13c25,Or13c25,symbol
Or13c9,Or13c9,symbol
Or13d1,Or13d1,symbol
LOC120103354,LOC120103354,symbol
Nipsnap3a,Nipsnap3a,symbol
AABR07048271.1,AABR07048271.1,symbol
Abca1,Abca1,symbol
Slc44a1,Slc44a1,symbol
Fsd1l,Fsd1l,symbol
LOC100360453,LOC100360453,symbol
Fktn,Fktn,symbol
Tal2,Tal2,symbol
Tmem38b,Tmem38b,symbol
LOC120103313,LOC120103313,symbol
RGD1564956,RGD1564956,symbol
LOC685311,LOC685311,symbol
LOC120103343,LOC120103343,symbol
Metazoa_SRP,Metazoa_SRP,symbol
LOC120103303,LOC120103303,symbol
ENSRNOG00000065525,,ensembl
LOC120103152,LOC120103152,symbol
Zfp462,Zfp462,symbol
ENSRNOG00000067901,,ensembl
ENSRNOG00000066746,,ensembl
ENSRNOG00000063835,,ensembl
Rad23b,Rad23b,symbol
ENSRNOG00000063551,,ensembl
LOC120103299,LOC120103299,symbol
Klf4,Klf4,symbol
LOC120103361,LOC120103361,symbol
LOC120103301,LOC120103301,symbol
AABR07048312.1,AABR07048312.1,symbol
LOC120103269,LOC120103269,symbol
ENSRNOG00000069958,,ensembl
Actl7b,Actl7b,symbol
ENSRNOG00000068147,,ensembl
Actl7a,Actl7a,symbol
Elp1,Elp1,symbol
Abitram,Abitram,symbol
Ctnnal1,Ctnnal1,symbol
Tmem245,Tmem245,symbol
Mir32,Mir32,symbol
Frrs1l,Frrs1l,symbol
Epb41l4b,Epb41l4b,symbol
Ptpn3,Ptpn3,symbol
ENSRNOG00000068519,,ensembl
Akap2,Akap2,symbol
LOC120103234,LOC120103234,symbol
Metazoa_SRP,Metazoa_SRP,symbol
C5h9orf152,C5h9orf152,symbol
Txn1,Txn1,symbol
Txndc8,Txndc8,symbol
Svep1,Svep1,symbol
Musk,Musk,symbol
Lpar1,Lpar1,symbol
Or2k2,Or2k2,symbol
Ecpas,Ecpas,symbol
Ndufa5-ps4,Ndufa5-ps4,symbol
Zfp483,Zfp483,symbol
Ptgr1,Ptgr1,symbol
Dnajc25,Dnajc25,symbol
LOC120103300,LOC120103300,symbol
Gng10,Gng10,symbol
Gng10,Gng10,symbol
Shoc1,Shoc1,symbol
Ugcg,Ugcg,symbol
ENSRNOG00000066924,LOC102551074,ensembl
Susd1,Susd1,symbol
Ptbp3,Ptbp3,symbol
LOC120103265,LOC120103265,symbol
ENSRNOG00000062493,,ensembl
Hsdl2,Hsdl2,symbol
LOC120103353,LOC120103353,symbol
LOC120103243,LOC120103243,symbol
RGD1310951,RGD1310951,symbol
ENSRNOG00000065088,,ensembl
Inip,Inip,symbol
Snx30,Snx30,symbol
Slc46a2,Slc46a2,symbol
Obp3,Obp3,symbol
LOC259244,LOC259244,symbol
Mup4,Mup4,symbol
Zfp37-ps1,Zfp37-ps1,symbol
Mup4-ps6,Mup4-ps6,symbol
LOC298116,LOC298116,symbol
Mup4-ps8,Mup4-ps8,symbol
ENSRNOG00000069991,,ensembl
Mup4-ps3,Mup4-ps3,symbol
Mup4-ps1,Mup4-ps1,symbol
AABR07048473.1,AABR07048473.1,symbol
Mup4-ps5,Mup4-ps5,symbol
Zfp37,Zfp37,symbol
Slc31a2,Slc31a2,symbol
Fkbp15,Fkbp15,symbol
Slc31a1,Slc31a1,symbol
Prpf4,Prpf4,symbol
Rnf183,Rnf183,symbol
ENSRNOG00000069758,,ensembl
Wdr31,Wdr31,symbol
Bspry,Bspry,symbol
Hdhd3,Hdhd3,symbol
Alad,Alad,symbol
LOC500475,LOC500475,symbol
Pole3,Pole3,symbol
LOC100910017,LOC100910017,symbol
Rgs3,Rgs3,symbol
ENSRNOG00000070918,,ensembl
Zfp618,Zfp618,symbol
Ambp,Ambp,symbol
Kif12,Kif12,symbol
Col27a1,Col27a1,symbol
Mir455,Mir455,symbol
Orm1,Orm1,symbol
Akna,Akna,symbol
Whrn,Whrn,symbol
Atp6v1g1,Atp6v1g1,symbol
Tmem268,Tmem268,symbol
ENSRNOG00000062403,,ensembl
Tex48,Tex48,symbol
LOC120103204,LOC120103204,symbol
Tnfsf15,Tnfsf15,symbol
Tnfsf8,Tnfsf8,symbol
Tnc,Tnc,symbol
LOC120103331,LOC120103331,symbol
Pappa,Pappa,symbol
ENSRNOG00000066444,,ensembl
ENSRNOG00000063319,,ensembl
Astn2,Astn2,symbol
Trim32,Trim32,symbol
Rnu6-1015,Rnu6-1015,symbol
Tlr4,Tlr4,symbol
LOC120103275,LOC120103275,symbol
LOC120103186,LOC120103186,symbol
ENSRNOG00000062447,,ensembl
RGD1561195,RGD1561195,symbol
Brinp1,Brinp1,symbol
ENSRNOG00000066993,,ensembl
ENSRNOG00000063954,,ensembl
LOC120103201,LOC120103201,symbol
Cdk5rap2,Cdk5rap2,symbol
LOC120103273,LOC120103273,symbol
LOC120102900,LOC120102900,symbol
ENSRNOG00000068991,,ensembl
Megf9,Megf9,symbol
AABR07048648.1,AABR07048648.1,symbol
Mir3084c,Mir3084c,symbol
LOC683573,LOC683573,symbol
ENSRNOG00000062502,LOC108351095,ensembl
LOC120103078,LOC120103078,symbol
LOC120103336,LOC120103336,symbol
Tle1,Tle1,symbol
LOC120103332,LOC120103332,symbol
LOC120103337,LOC120103337,symbol
LOC120103327,LOC120103327,symbol
Rasef,Rasef,symbol
LOC298139,LOC298139,symbol
Frmd3,Frmd3,symbol
AABR07048770.1,AABR07048770.1,symbol
Kdm4c,Kdm4c,symbol
LOC120103302,LOC120103302,symbol
Dmac1,Dmac1,symbol
ENSRNOG00000067611,,ensembl
Ptprd,Ptprd,symbol
LOC120103209,LOC120103209,symbol
LOC102555405,LOC102555405,symbol
Snurf-ps2,Snurf-ps2,symbol
RGD1563375,RGD1563375,symbol
ENSRNOG00000065765,,ensembl
LOC120103291,LOC120103291,symbol
Tyrp1,Tyrp1,symbol
Lurap1l,Lurap1l,symbol
RGD1565987,RGD1565987,symbol
LOC120102902,LOC120102902,symbol
Mpdz,Mpdz,symbol
LOC120103321,LOC120103321,symbol
LOC120103373,LOC120103373,symbol
Nfib,Nfib,symbol
Zdhhc21,Zdhhc21,symbol
Cer1,Cer1,symbol
Frem1,Frem1,symbol
LOC120103348,LOC120103348,symbol
Ttc39b,Ttc39b,symbol
AABR07049043.1,AABR07049043.1,symbol
ENSRNOG00000063510,,ensembl
Snapc3,Snapc3,symbol
Psip1,Psip1,symbol
AABR07049060.1,AABR07049060.1,symbol
ENSRNOG00000064241,,ensembl
LOC120102904,LOC120102904,symbol
LOC120103188,LOC120103188,symbol
Bnc2,Bnc2,symbol
LOC120103247,LOC120103247,symbol
Cntln,Cntln,symbol
Sh3gl2,Sh3gl2,symbol
Adamtsl1,Adamtsl1,symbol
Saxo1,Saxo1,symbol
Rraga,Rraga,symbol
Haus6,Haus6,symbol
LOC120103266,LOC120103266,symbol
Plin2,Plin2,symbol
Dennd4c,Dennd4c,symbol
Rps6,Rps6,symbol
Acer2,Acer2,symbol
Slc24a2,Slc24a2,symbol
Mllt3,Mllt3,symbol
LOC120103312,LOC120103312,symbol
Focad,Focad,symbol
Hacd4,Hacd4,symbol
Ifnb1,Ifnb1,symbol
Ifna4,Ifna4,symbol
Ifna1,Ifna1,symbol
ENSRNOG00000065969,,ensembl
LOC120103203,LOC120103203,symbol
ENSRNOG00000065554,,ensembl
ENSRNOG00000063501,,ensembl
AABR07049134.1,AABR07049134.1,symbol
AABR07049134.4,AABR07049134.4,symbol
LOC120103158,LOC120103158,symbol
LOC120103159,LOC120103159,symbol
LOC120103160,LOC120103160,symbol
LOC120103161,LOC120103161,symbol
LOC120103162,LOC120103162,symbol
RGD1560539,RGD1560539,symbol
LOC120103163,LOC120103163,symbol
LOC120103164,LOC120103164,symbol
LOC100911527,LOC100911527,symbol
LOC120103372,LOC120103372,symbol
Ifne,Ifne,symbol
Mir3554,Mir3554,symbol
LOC100362345,LOC100362345,symbol
Mtap,Mtap,symbol
ENSRNOG00000070364,,ensembl
LOC120103317,LOC120103317,symbol
Cdkn2a,Cdkn2a,symbol
ENSRNOG00000063594,,ensembl
Cdkn2b,Cdkn2b,symbol
Dmrta1,Dmrta1,symbol
RGD1560729,RGD1560729,symbol
Zfp352,Zfp352,symbol
Zfp353,Zfp353,symbol
AABR07049184.1,AABR07049184.1,symbol
Rnu6-698,Rnu6-698,symbol
LOC120103318,LOC120103318,symbol
Elavl2,Elavl2,symbol
LOC120103387,LOC120103387,symbol
LOC120102913,LOC120102913,symbol
Izumo3,Izumo3,symbol
ENSRNOG00000068735,,ensembl
ENSRNOG00000066642,,ensembl
AABR07049223.1,AABR07049223.1,symbol
AABR07049228.1,AABR07049228.1,symbol
ENSRNOG00000063569,,ensembl
LOC120103236,LOC120103236,symbol
Snu13-ps4,Snu13-ps4,symbol
Tusc1,Tusc1,symbol
ENSRNOG00000068879,,ensembl
ENSRNOG00000063580,,ensembl
ENSRNOG00000066671,,ensembl
ENSRNOG00000069281,,ensembl
Caap1,Caap1,symbol
Plaa,Plaa,symbol
Ift74,Ift74,symbol
Lrrc19,Lrrc19,symbol
Mir872,Mir872,symbol
Tek,Tek,symbol
Eqtn,Eqtn,symbol
Mysm1,Mysm1,symbol
LOC120103252,LOC120103252,symbol
ENSRNOG00000066255,,ensembl
LOC108351004,LOC108351004,symbol
ENSRNOG00000066634,,ensembl
Jun,Jun,symbol
ENSRNOG00000069893,,ensembl
LOC120102924,LOC120102924,symbol
LOC120102923,LOC120102923,symbol
LOC120103235,LOC120103235,symbol
Fggy,Fggy,symbol
ENSRNOG00000068740,,ensembl
AABR07049299.1,AABR07049299.1,symbol
Hook1,Hook1,symbol
ENSRNOG00000070878,,ensembl
Cyp2j10,Cyp2j10,symbol
Cyp2j16,Cyp2j16,symbol
Cyp2j3,Cyp2j3,symbol
C5h1orf87,C5h1orf87,symbol
LOC120103241,LOC120103241,symbol
LOC120103249,LOC120103249,symbol
LOC120103242,LOC120103242,symbol
ENSRNOG00000062975,,ensembl
ENSRNOG00000068880,,ensembl
LOC108351137,LOC108351137,symbol
LOC120103290,LOC120103290,symbol
ENSRNOG00000065127,,ensembl
Nfia,Nfia,symbol
Y_RNA,Y_RNA,symbol
LOC120103278,LOC120103278,symbol
AABR07049329.1,AABR07049329.1,symbol
Tm2d1,Tm2d1,symbol
Patj,Patj,symbol
L1td1,L1td1,symbol
Kank4,Kank4,symbol
AABR07049326.1,AABR07049326.1,symbol
ENSRNOG00000064066,,ensembl
ENSRNOG00000068456,,ensembl
Usp1,Usp1,symbol
Dock7,Dock7,symbol
Angptl3,Angptl3,symbol
Atg4c,Atg4c,symbol
AABR07049348.1,AABR07049348.1,symbol
ENSRNOG00000065403,,ensembl
AABR07049353.1,AABR07049353.1,symbol
ENSRNOG00000064901,,ensembl
Foxd3,Foxd3,symbol
Alg6,Alg6,symbol
Itgb3bp,Itgb3bp,symbol
Efcab7,Efcab7,symbol
Pgm1,Pgm1,symbol
Ror1,Ror1,symbol
Metazoa_SRP,Metazoa_SRP,symbol
Rnu6-233,Rnu6-233,symbol
ENSRNOG00000069665,,ensembl
LOC120103197,LOC120103197,symbol
Ube2u,Ube2u,symbol
Cachd1,Cachd1,symbol
Raver2,Raver2,symbol
Jak1,Jak1,symbol
LOC120103217,LOC120103217,symbol
LOC120103254,LOC120103254,symbol
Mir101a,Mir101a,symbol
Ak4,Ak4,symbol
Dnajc6,Dnajc6,symbol
Leprot,Leprot,symbol
Lepr,Lepr,symbol
ENSRNOG00000069037,,ensembl
ENSRNOG00000069853,,ensembl
Pramef12-ps1,Pramef12-ps1,symbol
ENSRNOG00000067146,,ensembl
LOC120096581,LOC120096581,symbol
Pde4b,Pde4b,symbol
LOC120103257,LOC120103257,symbol
AABR07049466.1,AABR07049466.1,symbol
Sgip1,Sgip1,symbol
Dynlt5,Dynlt5,symbol
ENSRNOG00000067831,LOC103692428,ensembl
Dnai4,Dnai4,symbol
Mier1,Mier1,symbol
Slc35d1,Slc35d1,symbol
C5h1orf141,C5h1orf141,symbol
Oma1,Oma1,symbol
LOC120103366,LOC120103366,symbol
ENSRNOG00000070508,,ensembl
ENSRNOG00000065940,,ensembl
AABR07049491.1,AABR07049491.1,symbol
LOC120103116,LOC120103116,symbol
ENSRNOG00000065324,,ensembl
Dab1,Dab1,symbol
C8b,C8b,symbol
C8a,C8a,symbol
Fyb2,Fyb2,symbol
Mt1m,Mt1m,symbol
ENSRNOG00000068829,,ensembl
Prkaa2,Prkaa2,symbol
Plpp3,Plpp3,symbol
LOC102549668,LOC102549668,symbol
LOC120103289,LOC120103289,symbol
AABR07049516.1,AABR07049516.1,symbol
LOC120103293,LOC120103293,symbol
ENSRNOG00000064331,,ensembl
Usp24,Usp24,symbol
Pcsk9,Pcsk9,symbol
Bsnd,Bsnd,symbol
Tmem61,Tmem61,symbol
Dhcr24,Dhcr24,symbol
Lexm,Lexm,symbol
Ttc22,Ttc22,symbol
Pars2,Pars2,symbol
Ttc4,Ttc4,symbol
Mroh7,Mroh7,symbol
Fam151a,Fam151a,symbol
Acot11,Acot11,symbol
Ssbp3,Ssbp3,symbol
Mrpl37,Mrpl37,symbol
Cyb5rl,Cyb5rl,symbol
ENSRNOG00000033165,,ensembl
Cdcp2,Cdcp2,symbol
Tceanc2,Tceanc2,symbol
Tmem59,Tmem59,symbol
Ldlrad1,Ldlrad1,symbol
Lrrc42,Lrrc42,symbol
Ift25,Ift25,symbol
Dio1,Dio1,symbol
Yipf1,Yipf1,symbol
Ndc1,Ndc1,symbol
Glis1,Glis1,symbol
Dmrtb1,Dmrtb1,symbol
LOC120103250,LOC120103250,symbol
Lrp8,Lrp8,symbol
Magoh,Magoh,symbol
Czib,Czib,symbol
Cpt2,Cpt2,symbol
ENSRNOG00000066956,,ensembl
LOC120103276,LOC120103276,symbol
Slc1a7,Slc1a7,symbol
Scp2,Scp2,symbol
LOC120103223,LOC120103223,symbol
Echdc2,Echdc2,symbol
Zyg11a,Zyg11a,symbol
Zyg11b,Zyg11b,symbol
Coa7,Coa7,symbol
Shisal2a,Shisal2a,symbol
Gpx7,Gpx7,symbol
Tut4,Tut4,symbol
LOC120103349,LOC120103349,symbol
Rnu6-67,Rnu6-67,symbol
Prpf38a,Prpf38a,symbol
Orc1,Orc1,symbol
Cc2d1b,Cc2d1b,symbol
Zfyve9,Zfyve9,symbol
AABR07049554.2,AABR07049554.2,symbol
ENSRNOG00000069541,,ensembl
Btf3l4,Btf3l4,symbol
Txndc12,Txndc12,symbol
Kti12,Kti12,symbol
Rab3b,Rab3b,symbol
Rnu6-304,Rnu6-304,symbol
Nrdc,Nrdc,symbol
Mir761,Mir761,symbol
Osbpl9,Osbpl9,symbol
Calr4,Calr4,symbol
Eps15,Eps15,symbol
Ttc39a,Ttc39a,symbol
Rnf11,Rnf11,symbol
ENSRNOG00000063258,,ensembl
Rnu4-2,Rnu4-2,symbol
LOC689589,LOC689589,symbol
LOC120103306,LOC120103306,symbol
Cdkn2c,Cdkn2c,symbol
Faf1,Faf1,symbol
ENSRNOG00000066220,,ensembl
Dmrta2,Dmrta2,symbol
Elavl4,Elavl4,symbol
Bend5,Bend5,symbol
Spata6,Spata6,symbol
Slc5a9,Slc5a9,symbol
Skint8,Skint8,symbol
Skint1,Skint1,symbol
Skint4,Skint4,symbol
ENSRNOG00000063827,,ensembl
ENSRNOG00000067562,,ensembl
ENSRNOG00000063781,,ensembl
ENSRNOG00000068199,,ensembl
LOC100911818,LOC100911818,symbol
Skint10,Skint10,symbol
Trabd2b,Trabd2b,symbol
ENSRNOG00000066184,,ensembl
ENSRNOG00000063439,,ensembl
Foxd2,Foxd2,symbol
Foxe3,Foxe3,symbol
Cmpk1,Cmpk1,symbol
Y_RNA,Y_RNA,symbol
Stil,Stil,symbol
Tal1,Tal1,symbol
Pdzk1ip1,Pdzk1ip1,symbol
Cyp4x1,Cyp4x1,symbol
Cyp4a8,Cyp4a8,symbol
LOC120102953,LOC120102953,symbol
Cyp4a2,Cyp4a2,symbol
Cyp4a3,Cyp4a3,symbol
Cyp4a1,Cyp4a1,symbol
Cyp4b1,Cyp4b1,symbol
ENSRNOG00000065071,,ensembl
Efcab14,Efcab14,symbol
Tex38,Tex38,symbol
Atpaf1,Atpaf1,symbol
Mob3c,Mob3c,symbol
Mknk1,Mknk1,symbol
Kncn,Kncn,symbol
Tmem275,Tmem275,symbol
Dmbx1,Dmbx1,symbol
ENSRNOG00000067062,,ensembl
Faah,Faah,symbol
Nsun4,Nsun4,symbol
Nsun4,Nsun4,symbol
Uqcrh,Uqcrh,symbol
Lrrc41,Lrrc41,symbol
Rad54l,Rad54l,symbol
Lurap1,Lurap1,symbol
Pomgnt1,Pomgnt1,symbol
Tspan1,Tspan1,symbol
ENSRNOG00000071125,,ensembl
P3r3urf,P3r3urf,symbol
Pik3r3,Pik3r3,symbol
Mast2,Mast2,symbol
LOC120103379,LOC120103379,symbol
LOC120103199,LOC120103199,symbol
Ipp,Ipp,symbol
Tmem69,Tmem69,symbol
Gpbp1l1,Gpbp1l1,symbol
Ccdc17,Ccdc17,symbol
Nasp,Nasp,symbol
Akr1a1,Akr1a1,symbol
LOC120103189,LOC120103189,symbol
ENSRNOG00000067032,,ensembl
Prdx1,Prdx1,symbol
Mmachc,Mmachc,symbol
Ccdc163,Ccdc163,symbol
Tesk2,Tesk2,symbol
LOC688948,LOC688948,symbol
Toe1,Toe1,symbol
Mutyh,Mutyh,symbol
Hpdl,Hpdl,symbol
ENSRNOG00000062968,,ensembl
LOC120103232,LOC120103232,symbol
Zswim5,Zswim5,symbol
Urod,Urod,symbol
Hectd3,Hectd3,symbol
Eif2b3,Eif2b3,symbol
Ptch2,Ptch2,symbol
ENSRNOG00000063856,,ensembl
Btbd19,Btbd19,symbol
Dynlt4,Dynlt4,symbol
Plk3,Plk3,symbol
Best4,Best4,symbol
Rps8,Rps8,symbol
Snord38b,Snord38b,symbol
Snord38a,Snord38a,symbol
Snord46,Snord46,symbol
Snord55,Snord55,symbol
Kif2c,Kif2c,symbol
LOC120103376,LOC120103376,symbol
LOC120103377,LOC120103377,symbol
LOC120103378,LOC120103378,symbol
Armh1,Armh1,symbol
Tmem53,Tmem53,symbol
Rnf220,Rnf220,symbol
Eri3,Eri3,symbol
Dmap1,Dmap1,symbol
ENSRNOG00000062715,,ensembl
LOC102553953,LOC102553953,symbol
AABR07049728.1,AABR07049728.1,symbol
ENSRNOG00000069266,,ensembl
Klf17,Klf17,symbol
Slc6a9,Slc6a9,symbol
Ccdc24,Ccdc24,symbol
B4galt2,B4galt2,symbol
Atp6v0b,Atp6v0b,symbol
Dph2,Dph2,symbol
Ipo13,Ipo13,symbol
ENSRNOG00000065404,,ensembl
Artn,Artn,symbol
St3gal3,St3gal3,symbol
Kdm4a,Kdm4a,symbol
Ptprf,Ptprf,symbol
ENSRNOG00000070659,,ensembl
Hyi,Hyi,symbol
Szt2,Szt2,symbol
Med8,Med8,symbol
ENSRNOG00000069843,,ensembl
Elovl1,Elovl1,symbol
Cdc20,Cdc20,symbol
Mpl,Mpl,symbol
LOC120103206,LOC120103206,symbol
Tie1,Tie1,symbol
RGD1305347,RGD1305347,symbol
Tmem125,Tmem125,symbol
Tmem125,Tmem125,symbol
Cfap57,Cfap57,symbol
Ebna1bp2,Ebna1bp2,symbol
Or13p10,Or13p10,symbol
Or13p9,Or13p9,symbol
Or13p4-ps1,Or13p4-ps1,symbol
Or13p3,Or13p3,symbol
Or13p8b,Or13p8b,symbol
Or13p5,Or13p5,symbol
Or10ak14b,Or10ak14b,symbol
LOC120093079,LOC120093079,symbol
ENSRNOG00000067651,,ensembl
Olfr1330-ps1,Olfr1330-ps1,symbol
Or10ak11,Or10ak11,symbol
Or10ak7b,Or10ak7b,symbol
Or10ak7f,Or10ak7f,symbol
Or10ak13,Or10ak13,symbol
ENSRNOG00000063399,,ensembl
Or10ak7,Or10ak7,symbol
Or10ak7d-ps1,Or10ak7d-ps1,symbol
Lao1,Lao1,symbol
LOC120103309,LOC120103309,symbol
Ubb-ps1,Ubb-ps1,symbol
Slc2a1,Slc2a1,symbol
Zfp691,Zfp691,symbol
Ermap,Ermap,symbol
Svbp,Svbp,symbol
Tmem269,Tmem269,symbol
RGD1564804,RGD1564804,symbol
P3h1,P3h1,symbol
Cldn19,Cldn19,symbol
Ybx1,Ybx1,symbol
Ppih,Ppih,symbol
AABR07073146.1,AABR07073146.1,symbol
Ccdc30,Ccdc30,symbol
Ppcs,Ppcs,symbol
Zmynd12,Zmynd12,symbol
ENSRNOG00000069006,,ensembl
Rimkla,Rimkla,symbol
Foxj3,Foxj3,symbol
Rps27a-ps1,Rps27a-ps1,symbol
Guca2a,Guca2a,symbol
Guca2b,Guca2b,symbol
ENSRNOG00000063257,,ensembl
ENSRNOG00000066491,,ensembl
ENSRNOG00000071094,,ensembl
Hivep3,Hivep3,symbol
Edn2,Edn2,symbol
Foxo6,Foxo6,symbol
Slfnl1,Slfnl1,symbol
Ctps1,Ctps1,symbol
ENSRNOG00000065971,LOC134486984,ensembl
ENSRNOG00000063071,,ensembl
Cited4,Cited4,symbol
Kcnq4,Kcnq4,symbol
Nfyc,Nfyc,symbol
Mir30c1,Mir30c1,symbol
Mir30e,Mir30e,symbol
Rims3,Rims3,symbol
LOC120103218,LOC120103218,symbol
Exo5,Exo5,symbol
Zfp69,Zfp69,symbol
Smap2,Smap2,symbol
LOC680700,LOC680700,symbol
Col9a2,Col9a2,symbol
Zmpste24,Zmpste24,symbol
Tmco2,Tmco2,symbol
Rlf,Rlf,symbol
AC124205.2,AC124205.2,symbol
Twf1-ps1,Twf1-ps1,symbol
Ppt1,Ppt1,symbol
Cap1,Cap1,symbol
Mfsd2a,Mfsd2a,symbol
Mycl,Mycl,symbol
Trit1,Trit1,symbol
Bmp8b,Bmp8b,symbol
Ppie,Ppie,symbol
Hpcal4,Hpcal4,symbol
Nt5c1a,Nt5c1a,symbol
Heyl,Heyl,symbol
Pabpc4,Pabpc4,symbol
LOC120103283,LOC120103283,symbol
LOC120103284,LOC120103284,symbol
Oxct2a,Oxct2a,symbol
Bmp8a,Bmp8a,symbol
Macf1,Macf1,symbol
LOC120103187,LOC120103187,symbol
Ndufs5,Ndufs5,symbol
Akirin1,Akirin1,symbol
Rhbdl2,Rhbdl2,symbol
ENSRNOG00000063463,,ensembl
ENSRNOG00000069690,LOC134479028,ensembl
Mycbp,Mycbp,symbol
Rragc,Rragc,symbol
Pou3f1,Pou3f1,symbol
Utp11,Utp11,symbol
LOC120103210,LOC120103210,symbol
Fhl3,Fhl3,symbol
Sf3a3,Sf3a3,symbol
Inpp5b,Inpp5b,symbol
ENSRNOG00000066500,,ensembl
Mtf1,Mtf1,symbol
C5h1orf122,C5h1orf122,symbol
Yrdc,Yrdc,symbol
Maneal,Maneal,symbol
Epha10,Epha10,symbol
LOC120103229,LOC120103229,symbol
Cdca8,Cdca8,symbol
C5h1orf109,C5h1orf109,symbol
Rspo1,Rspo1,symbol
Gnl2,Gnl2,symbol
Dnali1,Dnali1,symbol
Snip1,Snip1,symbol
Meaf6,Meaf6,symbol
Zc3h12a,Zc3h12a,symbol
LOC120103362,LOC120103362,symbol
Grik3,Grik3,symbol
ENSRNOG00000071192,,ensembl
Hsp90aa1-ps17,Hsp90aa1-ps17,symbol
LOC120103333,LOC120103333,symbol
ENSRNOG00000063670,,ensembl
Csf3r,Csf3r,symbol
Mrps15,Mrps15,symbol
Oscp1,Oscp1,symbol
Lsm10,Lsm10,symbol
Stk40,Stk40,symbol
Eva1b,Eva1b,symbol
Sh3d21,Sh3d21,symbol
Thrap3,Thrap3,symbol
ENSRNOG00000062662,,ensembl
Map7d1,Map7d1,symbol
Trappc3,Trappc3,symbol
Col8a2,Col8a2,symbol
Adprs,Adprs,symbol
Tekt2,Tekt2,symbol
Ago3,Ago3,symbol
Ago1,Ago1,symbol
Ago4,Ago4,symbol
Clspn,Clspn,symbol
RGD1563072,RGD1563072,symbol
Psmb2,Psmb2,symbol
Tfap2e,Tfap2e,symbol
Ncdn,Ncdn,symbol
LOC100294508,LOC100294508,symbol
LOC120103305,LOC120103305,symbol
LOC120103340,LOC120103340,symbol
Zmym4,Zmym4,symbol
AABR07049918.1,AABR07049918.1,symbol
ENSRNOG00000062954,,ensembl
Rpl37a-ps1,Rpl37a-ps1,symbol
Sfpq,Sfpq,symbol
Zmym1,Zmym1,symbol
Zmym6,Zmym6,symbol
Tmem35b,Tmem35b,symbol
Dlgap3,Dlgap3,symbol
Smim12,Smim12,symbol
Rnu6-260,Rnu6-260,symbol
Gja4,Gja4,symbol
ENSRNOG00000067866,,ensembl
Gjb3,Gjb3,symbol
Gjb4,Gjb4,symbol
Gjb5,Gjb5,symbol
LOC682102,LOC682102,symbol
Csmd2,Csmd2,symbol
Hmgb4,Hmgb4,symbol
Zscan20,Zscan20,symbol
Tlr12,Tlr12,symbol
Phc2,Phc2,symbol
A3galt2,A3galt2,symbol
Zfp362,Zfp362,symbol
Trim62,Trim62,symbol
Azin2,Azin2,symbol
ENSRNOG00000066371,,ensembl
Ak2,Ak2,symbol
ENSRNOG00000071088,,ensembl
Rnf19b,Rnf19b,symbol
Tmem54,Tmem54,symbol
Hpca,Hpca,symbol
Fndc5,Fndc5,symbol
S100pbp,S100pbp,symbol
LOC120103381,LOC120103381,symbol
Yars1,Yars1,symbol
RGD1561149,RGD1561149,symbol
Sync,Sync,symbol
Rbbp4,Rbbp4,symbol
Zbtb8os,Zbtb8os,symbol
Zbtb8a,Zbtb8a,symbol
LOC120103253,LOC120103253,symbol
LOC100360940,LOC100360940,symbol
Zbtb8b,Zbtb8b,symbol
Bsdc1,Bsdc1,symbol
Tssk3,Tssk3,symbol
Fam229a,Fam229a,symbol
Marcksl1,Marcksl1,symbol
Hdac1,Hdac1,symbol
Lck,Lck,symbol
Fam167b,Fam167b,symbol
Eif3i,Eif3i,symbol
Tmem234,Tmem234,symbol
Dcdc2b,Dcdc2b,symbol
Iqcc,Iqcc,symbol
Ccdc28b,Ccdc28b,symbol
Txlna,Txlna,symbol
Kpna6,Kpna6,symbol
Tmem39b,Tmem39b,symbol
ENSRNOG00000065799,,ensembl
Khdrbs1,Khdrbs1,symbol
ENSRNOG00000063943,,ensembl
ENSRNOG00000064932,,ensembl
Ptp4a2,Ptp4a2,symbol
LOC120103268,LOC120103268,symbol
ENSRNOG00000064683,Spocd1,ensembl
ENSRNOG00000064700,,ensembl
Adgrb2,Adgrb2,symbol
Col16a1,Col16a1,symbol
Pef1,Pef1,symbol
Hcrtr1,Hcrtr1,symbol
Tinagl1,Tinagl1,symbol
Ldc1,Ldc1,symbol
Serinc2,Serinc2,symbol
LOC120103282,LOC120103282,symbol
Fabp3,Fabp3,symbol
Zcchc17,Zcchc17,symbol
LOC120103233,LOC120103233,symbol
Snrnp40,Snrnp40,symbol
Nkain1,Nkain1,symbol
Pum1,Pum1,symbol
LOC120103260,LOC120103260,symbol
LOC120103258,LOC120103258,symbol
LOC120103259,LOC120103259,symbol
Sdc3,Sdc3,symbol
LOC120103325,LOC120103325,symbol
Laptm5,Laptm5,symbol
Matn1,Matn1,symbol
LOC120103298,LOC120103298,symbol
Ptpru,Ptpru,symbol
ENSRNOG00000064894,,ensembl
Mecr,Mecr,symbol
Srsf4,Srsf4,symbol
Tmem200b,Tmem200b,symbol
Epb41,Epb41,symbol
ENSRNOG00000062536,,ensembl
Oprd1,Oprd1,symbol
Ythdf2,Ythdf2,symbol
ENSRNOG00000065776,,ensembl
Gmeb1,Gmeb1,symbol
LOC120103286,LOC120103286,symbol
Taf12,Taf12,symbol
Rab42,Rab42,symbol
LOC120102992,LOC120102992,symbol
LOC120103261,LOC120103261,symbol
LOC120103274,LOC120103274,symbol
Snora61,Snora61,symbol
Snord99,Snord99,symbol
Trnau1ap,Trnau1ap,symbol
Rcc1,Rcc1,symbol
ENSRNOG00000065587,,ensembl
LOC120103240,LOC120103240,symbol
LOC120103239,LOC120103239,symbol
Phactr4,Phactr4,symbol
LOC120102993,LOC120102993,symbol
Med18,Med18,symbol
Sesn2,Sesn2,symbol
Atp5if1,Atp5if1,symbol
Dnajc8,Dnajc8,symbol
Mir3583,Mir3583,symbol
Ptafr,Ptafr,symbol
Eya3,Eya3,symbol
Xkr8,Xkr8,symbol
Smpdl3b,Smpdl3b,symbol
LOC120103193,LOC120103193,symbol
Rpa2,Rpa2,symbol
Themis2,Themis2,symbol
RGD1561465,RGD1561465,symbol
Ppp1r8,Ppp1r8,symbol
LOC120103195,LOC120103195,symbol
LOC120103287,LOC120103287,symbol
Stx12,Stx12,symbol
Fam76a,Fam76a,symbol
Fgr,Fgr,symbol
ENSRNOG00000068731,,ensembl
Ahdc1,Ahdc1,symbol
Wasf2,Wasf2,symbol
Gpr3,Gpr3,symbol
Sytl1,Sytl1,symbol
Cd164l2,Cd164l2,symbol
Map3k6,Map3k6,symbol
Tmem222,Tmem222,symbol
Wdtc1,Wdtc1,symbol
ENSRNOG00000070278,,ensembl
Slc9a1,Slc9a1,symbol
Tent5b,Tent5b,symbol
Trnp1,Trnp1,symbol
ENSRNOG00000068236,,ensembl
Kdf1,Kdf1,symbol
AC118963.1,AC118963.1,symbol
Nudc,Nudc,symbol
Nr0b2,Nr0b2,symbol
ENSRNOG00000066253,,ensembl
ENSRNOG00000063719,,ensembl
Gpatch3,Gpatch3,symbol
Gpn2,Gpn2,symbol
Sfn,Sfn,symbol
Zdhhc18,Zdhhc18,symbol
LOC120103385,LOC120103385,symbol
ENSRNOG00000069724,,ensembl
Pigv,Pigv,symbol
Arid1a,Arid1a,symbol
LOC120103001,LOC120103001,symbol
Rps6ka1,Rps6ka1,symbol
LOC683456,LOC683456,symbol
Hmgn2,Hmgn2,symbol
Dhdds,Dhdds,symbol
Lin28a,Lin28a,symbol
Zfp683,Zfp683,symbol
Crybg2,Crybg2,symbol
Cd52,Cd52,symbol
LOC100360087,LOC100360087,symbol
Ubxn11,Ubxn11,symbol
Sh3bgrl3,Sh3bgrl3,symbol
Cep85,Cep85,symbol
Umodl,Umodl,symbol
Catsper4,Catsper4,symbol
Cnksr1,Cnksr1,symbol
Zfp593,Zfp593,symbol
E130218I03Rik,E130218I03Rik,symbol
LOC108351043,LOC108351043,symbol
Fam110d,Fam110d,symbol
ENSRNOG00000064157,,ensembl
Pdik1l,Pdik1l,symbol
Trim63,Trim63,symbol
Slc30a2,Slc30a2,symbol
Extl1,Extl1,symbol
Pafah2,Pafah2,symbol
Stmn1,Stmn1,symbol
Paqr7,Paqr7,symbol
Aunip,Aunip,symbol
Mtfr1l,Mtfr1l,symbol
Selenon,Selenon,symbol
Man1c1,Man1c1,symbol
Ldlrap1,Ldlrap1,symbol
ENSRNOG00000067890,,ensembl
Maco1,Maco1,symbol
Rhd,Rhd,symbol
Tmem50a,Tmem50a,symbol
Rsrp1,Rsrp1,symbol
Syf2,Syf2,symbol
Runx3,Runx3,symbol
Clic4,Clic4,symbol
ENSRNOG00000066906,,ensembl
Srrm1,Srrm1,symbol
Ncmap,Ncmap,symbol
ENSRNOG00000063488,,ensembl
ENSRNOG00000064176,,ensembl
Rcan3,Rcan3,symbol
Nipal3,Nipal3,symbol
Mir6333,Mir6333,symbol
Stpg1,Stpg1,symbol
Grhl3,Grhl3,symbol
LOC120103267,LOC120103267,symbol
LOC500567,LOC500567,symbol
Ifnlr1,Ifnlr1,symbol
Il22ra1,Il22ra1,symbol
Myom3,Myom3,symbol
Srsf10,Srsf10,symbol
Pnrc2,Pnrc2,symbol
Pnrc2,Pnrc2,symbol
Cnr2,Cnr2,symbol
Fuca1,Fuca1,symbol
Hmgcl,Hmgcl,symbol
Gale,Gale,symbol
Lypla2,Lypla2,symbol
Pithd1,Pithd1,symbol
ENSRNOG00000070717,,ensembl
Eloa,Eloa,symbol
Rpl11,Rpl11,symbol
Rpl36-ps3,Rpl36-ps3,symbol
Id3,Id3,symbol
E2f2,E2f2,symbol
Asap3,Asap3,symbol
Tcea3,Tcea3,symbol
Zfp46,Zfp46,symbol
Hnrnpr,Hnrnpr,symbol
Htr1d,Htr1d,symbol
Luzp1,Luzp1,symbol
Kdm1a,Kdm1a,symbol
Tex46,Tex46,symbol
Lactbl1,Lactbl1,symbol
Ephb2,Ephb2,symbol
C1qb,C1qb,symbol
C1qc,C1qc,symbol
C1qa,C1qa,symbol
Epha8,Epha8,symbol
Zbtb40,Zbtb40,symbol
ENSRNOG00000069740,,ensembl
LOC120103324,LOC120103324,symbol
ENSRNOG00000064108,,ensembl
Wnt4,Wnt4,symbol
ENSRNOG00000068084,,ensembl
Cdc42,Cdc42,symbol
Cela3b,Cela3b,symbol
LOC690206,LOC690206,symbol
Hspg2,Hspg2,symbol
Ldlrad2,Ldlrad2,symbol
Usp48,Usp48,symbol
Rap1gap,Rap1gap,symbol
Alpl,Alpl,symbol
LOC120103369,LOC120103369,symbol
Ece1,Ece1,symbol
Eif4g3,Eif4g3,symbol
Hp1bp3,Hp1bp3,symbol
Sh2d5,Sh2d5,symbol
Kif17,Kif17,symbol
Ddost,Ddost,symbol
Pink1,Pink1,symbol
Cda,Cda,symbol
Fam43b,Fam43b,symbol
AABR07050222.1,AABR07050222.1,symbol
Mul1,Mul1,symbol
Camk2n1,Camk2n1,symbol
Vwa5b1,Vwa5b1,symbol
AC118094.1,AC118094.1,symbol
Ubxn10,Ubxn10,symbol
Pla2g2c,Pla2g2c,symbol
Pla2g2f,Pla2g2f,symbol
ENSRNOG00000070888,,ensembl
Pla2g2d,Pla2g2d,symbol
Pla2g5,Pla2g5,symbol
LOC120103246,LOC120103246,symbol
Pla2g2a,Pla2g2a,symbol
Pla2g2e,Pla2g2e,symbol
Otud3,Otud3,symbol
Rnf186,Rnf186,symbol
Tmco4,Tmco4,symbol
Htr6,Htr6,symbol
Nbl1,Nbl1,symbol
Micos10,Micos10,symbol
Capzb,Capzb,symbol
Slc66a1,Slc66a1,symbol
Akr7a2,Akr7a2,symbol
Akr7a3,Akr7a3,symbol
Mrto4,Mrto4,symbol
Emc1,Emc1,symbol
Ubr4,Ubr4,symbol
Tas1r2,Tas1r2,symbol
Mir6215,Mir6215,symbol
Pax7,Pax7,symbol
Klhdc7a,Klhdc7a,symbol
LOC120103106,LOC120103106,symbol
Igsf21,Igsf21,symbol
Arhgef10l,Arhgef10l,symbol
ENSRNOG00000064753,LOC120103020,ensembl
Rcc2,Rcc2,symbol
LOC120103272,LOC120103272,symbol
Padi6,Padi6,symbol
Padi4,Padi4,symbol
Padi3,Padi3,symbol
Padi1,Padi1,symbol
Padi2,Padi2,symbol
Sdhb,Sdhb,symbol
Atp13a2,Atp13a2,symbol
Mfap2,Mfap2,symbol
Crocc,Crocc,symbol
Necap2,Necap2,symbol
Rps21-ps1,Rps21-ps1,symbol
LOC120103386,LOC120103386,symbol
Spata21,Spata21,symbol
Szrd1,Szrd1,symbol
Fbxo42,Fbxo42,symbol
Cplane2,Cplane2,symbol
Arhgef19,Arhgef19,symbol
Epha2,Epha2,symbol
Rps27a-ps2,Rps27a-ps2,symbol
Fam131c,Fam131c,symbol
Clcnka,Clcnka,symbol
Clcnkb,Clcnkb,symbol
Hspb7,Hspb7,symbol
AC120594.1,AC120594.1,symbol
Zbtb17,Zbtb17,symbol
Spen,Spen,symbol
Fblim1,Fblim1,symbol
Tmem82,Tmem82,symbol
Plekhm2,Plekhm2,symbol
ENSRNOG00000070541,,ensembl
ENSRNOG00000070598,,ensembl
Ddi2,Ddi2,symbol
Agmat,Agmat,symbol
Dnajc16,Dnajc16,symbol
Casp9,Casp9,symbol
Cela2a,Cela2a,symbol
Ctrc,Ctrc,symbol
Efhd2,Efhd2,symbol
Fhad1,Fhad1,symbol
Tmem51,Tmem51,symbol
ENSRNOG00000070661,,ensembl
Kazn,Kazn,symbol
6330411D24Rik,6330411D24Rik,symbol
Prdm2,Prdm2,symbol
LOC120103347,LOC120103347,symbol
LOC100359951,LOC100359951,symbol
ENSRNOG00000070725,Tuba1a-ps1,ensembl
Pdpn,Pdpn,symbol
ENSRNOG00000068401,,ensembl
Lrrc38,Lrrc38,symbol
ENSRNOG00000062581,,ensembl
Pramef27,Pramef27,symbol
Pramef8,Pramef8,symbol
Oog3,Oog3,symbol
Pramef5,Pramef5,symbol
ENSRNOG00000065869,,ensembl
AABR07048992.1,AABR07048992.1,symbol
Oog1,Oog1,symbol
LOC120103107,LOC120103107,symbol
RGD1306186,RGD1306186,symbol
Pramef17,Pramef17,symbol
Pramef25,Pramef25,symbol
Pramef20,Pramef20,symbol
Pramef12,Pramef12,symbol
Cfap107,Cfap107,symbol
Aadacl3,Aadacl3,symbol
RGD1308878,RGD1308878,symbol
RGD1563334,RGD1563334,symbol
Aadacl4,Aadacl4,symbol
RGD1559644,RGD1559644,symbol
LOC691196,LOC691196,symbol
Slc50a1-ps1,Slc50a1-ps1,symbol
LOC120103322,LOC120103322,symbol
LOC120103202,LOC120103202,symbol
Dhrs3,Dhrs3,symbol
Vps13d,Vps13d,symbol
Tnfrsf1b,Tnfrsf1b,symbol
Tnfrsf8,Tnfrsf8,symbol
ENSRNOG00000066546,Rex2l6,ensembl
ENSRNOG00000065823,LOC102555644,ensembl
ENSRNOG00000069832,,ensembl
LOC120103190,LOC120103190,symbol
LOC102551014,LOC102551014,symbol
ENSRNOG00000070308,,ensembl
ENSRNOG00000068796,Rex2l1,ensembl
LOC100361693,LOC100361693,symbol
LOC691254,LOC691254,symbol
LOC120103192,LOC120103192,symbol
ENSRNOG00000065972,,ensembl
ENSRNOG00000064551,,ensembl
LOC120103207,LOC120103207,symbol
ENSRNOG00000070363,,ensembl
LOC500584,LOC500584,symbol
ENSRNOG00000070082,,ensembl
LOC120103211,LOC120103211,symbol
Rex2,Rex2,symbol
LOC120103205,LOC120103205,symbol
ENSRNOG00000063649,,ensembl
ENSRNOG00000070045,,ensembl
ENSRNOG00000068633,,ensembl
RGD1565622,RGD1565622,symbol
ENSRNOG00000068760,,ensembl
LOC120103200,LOC120103200,symbol
RGD1565622,RGD1565622,symbol
Zfp933,Zfp933,symbol
Miip,Miip,symbol
Mfn2,Mfn2,symbol
Plod1,Plod1,symbol
Kiaa2013,Kiaa2013,symbol
Nppb,Nppb,symbol
Nppa,Nppa,symbol
Clcn6,Clcn6,symbol
Mthfr,Mthfr,symbol
Agtrap,Agtrap,symbol
ENSRNOG00000062955,,ensembl
Draxin,Draxin,symbol
Rpl35a,Rpl35a,symbol
Mad2l2,Mad2l2,symbol
Fbxo6,Fbxo6,symbol
Fbxo44,Fbxo44,symbol
Fbxo2,Fbxo2,symbol
Disp3,Disp3,symbol
Ubiad1,Ubiad1,symbol
Rnu1-98,Rnu1-98,symbol
Mtor,Mtor,symbol
Angptl7,Angptl7,symbol
LOC120103237,LOC120103237,symbol
Exosc10,Exosc10,symbol
Srm,Srm,symbol
Masp2,Masp2,symbol
Tardbp,Tardbp,symbol
LOC120103280,LOC120103280,symbol
LOC691354,LOC691354,symbol
ENSRNOG00000069856,,ensembl
Casz1,Casz1,symbol
Pex14,Pex14,symbol
Dffa,Dffa,symbol
Kif1b,Kif1b,symbol
Ube4b,Ube4b,symbol
LOC103692512,LOC103692512,symbol
Rbp7,Rbp7,symbol
Nmnat1,Nmnat1,symbol
Lzic,Lzic,symbol
Ctnnbip1,Ctnnbip1,symbol
ENSRNOG00000067333,,ensembl
Clstn1,Clstn1,symbol
Pik3cd,Pik3cd,symbol
LOC120103039,LOC120103039,symbol
Tmem201,Tmem201,symbol
Slc25a33,Slc25a33,symbol
LOC102548220,LOC102548220,symbol
LOC100125366,LOC100125366,symbol
Spsb1,Spsb1,symbol
H6pd,H6pd,symbol
Mir34a,Mir34a,symbol
Gpr157,Gpr157,symbol
ENSRNOG00000065945,,ensembl
Slc2a5,Slc2a5,symbol
Slc2a7,Slc2a7,symbol
Car6,Car6,symbol
Eno1,Eno1,symbol
ENSRNOG00000066780,,ensembl
Rere,Rere,symbol
Mir6332,Mir6332,symbol
Slc45a1,Slc45a1,symbol
Errfi1,Errfi1,symbol
Park7,Park7,symbol
Tnfrsf9,Tnfrsf9,symbol
LOC120103213,LOC120103213,symbol
Uts2,Uts2,symbol
Per3,Per3,symbol
Vamp3,Vamp3,symbol
Camta1,Camta1,symbol
ENSRNOG00000063317,,ensembl
Rps7-ps23,Rps7-ps23,symbol
ENSRNOG00000063940,,ensembl
Dnajc11,Dnajc11,symbol
Thap3,Thap3,symbol
Phf13,Phf13,symbol
Klhl21,Klhl21,symbol
Zbtb48,Zbtb48,symbol
Tas1r1,Tas1r1,symbol
Nol9,Nol9,symbol
Plekhg5,Plekhg5,symbol
Tnfrsf25,Tnfrsf25,symbol
Espn,Espn,symbol
Hes2,Hes2,symbol
Acot7,Acot7,symbol
Gpr153,Gpr153,symbol
Hes3,Hes3,symbol
Icmt,Icmt,symbol
Rnf207,Rnf207,symbol
Rpl22,Rpl22,symbol
Chd5,Chd5,symbol
Kcnab2,Kcnab2,symbol
ENSRNOG00000023112,,ensembl
Nphp4,Nphp4,symbol
Ajap1,Ajap1,symbol
ENSRNOG00000070793,,ensembl
LOC120103342,LOC120103342,symbol
C5h1orf174,C5h1orf174,symbol
Dffb,Dffb,symbol
Cep104,Cep104,symbol
Lrrc47,Lrrc47,symbol
Ccdc27,Ccdc27,symbol
Tp73,Tp73,symbol
ENSRNOG00000066276,,ensembl
Wrap73,Wrap73,symbol
Tprg1l,Tprg1l,symbol
Megf6,Megf6,symbol
Arhgef16,Arhgef16,symbol
Prdm16,Prdm16,symbol
Actrt2,Actrt2,symbol
Ttc34,Ttc34,symbol
Mmel1,Mmel1,symbol
Tnfrsf14,Tnfrsf14,symbol
Hes5,Hes5,symbol
Pank4,Pank4,symbol
Plch2,Plch2,symbol
AC134160.1,AC134160.1,symbol
Pex10,Pex10,symbol
Rer1,Rer1,symbol
Morn1,Morn1,symbol
Ski,Ski,symbol
Faap20,Faap20,symbol
Prkcz,Prkcz,symbol
Gabrd,Gabrd,symbol
Cfap74,Cfap74,symbol
Tmem52,Tmem52,symbol
Gnb1,Gnb1,symbol
Nadk,Nadk,symbol
Slc35e2b,Slc35e2b,symbol
ENSRNOG00000062404,Slc35e2b,ensembl
Cdk11b,Cdk11b,symbol
Mmp23,Mmp23,symbol
Mib2,Mib2,symbol
ENSRNOG00000065253,,ensembl
LOC100364191,LOC100364191,symbol
Ssu72,Ssu72,symbol
LOC120103227,LOC120103227,symbol
Tmem240,Tmem240,symbol
Atad3a,Atad3a,symbol
Vwa1,Vwa1,symbol
Tmem88b,Tmem88b,symbol
Ankrd65,Ankrd65,symbol
Mrpl20,Mrpl20,symbol
Ccnl2,Ccnl2,symbol
Mxra8,Mxra8,symbol
Dvl1,Dvl1,symbol
Tas1r3,Tas1r3,symbol
Cptp,Cptp,symbol
Ints11,Ints11,symbol
Pusl1,Pusl1,symbol
Acap3,Acap3,symbol
Ube2j2,Ube2j2,symbol
C1qtnf12,C1qtnf12,symbol
LOC120103288,LOC120103288,symbol
B3galt6,B3galt6,symbol
Sdf4,Sdf4,symbol
Tnfrsf4,Tnfrsf4,symbol
Tnfrsf18,Tnfrsf18,symbol
Ttll10,Ttll10,symbol
Mir429,Mir429,symbol
Mir3548,Mir3548,symbol
Mir200b,Mir200b,symbol
C5h1orf159,C5h1orf159,symbol
Rnf223,Rnf223,symbol
Agrn,Agrn,symbol
Isg15,Isg15,symbol
Perm1,Perm1,symbol
Plekhn1,Plekhn1,symbol
Klhl17,Klhl17,symbol
Noc2l,Noc2l,symbol
Samd11,Samd11,symbol
AABR07064048.1,AABR07064048.1,symbol
AABR07064590.1,AABR07064590.1,symbol
Cwf19l2,Cwf19l2,symbol
Alkbh8,Alkbh8,symbol
Mtm1,Mtm1,symbol
AABR07063126.1,AABR07063126.1,symbol
ENSRNOG00000062618,,ensembl
Crnkl1-ps1,Crnkl1-ps1,symbol
LOC120093494,LOC120093494,symbol
ENSRNOG00000067942,,ensembl
AABR07063082.1,AABR07063082.1,symbol
ENSRNOG00000067976,,ensembl
ENSRNOG00000067080,,ensembl
LOC120103454,LOC120103454,symbol
Nrxn1,Nrxn1,symbol
ENSRNOG00000069544,,ensembl
ENSRNOG00000070393,,ensembl
ENSRNOG00000068285,,ensembl
ENSRNOG00000066978,,ensembl
ENSRNOG00000070800,,ensembl
Fshr,Fshr,symbol
Lhcgr,Lhcgr,symbol
Gtf2a1l,Gtf2a1l,symbol
Ston1,Ston1,symbol
Ppp1r21,Ppp1r21,symbol
Foxn2,Foxn2,symbol
H2az1-ps2,H2az1-ps2,symbol
Fbxo11,Fbxo11,symbol
Msh6,Msh6,symbol
Kcnk12,Kcnk12,symbol
Msh2,Msh2,symbol
Epcam,Epcam,symbol
LOC120093413,LOC120093413,symbol
LOC120093446,LOC120093446,symbol
Calm2,Calm2,symbol
Stpg4,Stpg4,symbol
Ttc7a,Ttc7a,symbol
Mir3558,Mir3558,symbol
Mcfd2,Mcfd2,symbol
Socs5,Socs5,symbol
LOC100359600,LOC100359600,symbol
LOC100359600,LOC100359600,symbol
Cript,Cript,symbol
Pigf,Pigf,symbol
Atp6v1e2,Atp6v1e2,symbol
Tmem247,Tmem247,symbol
Epas1,Epas1,symbol
Prkce,Prkce,symbol
ENSRNOG00000062519,,ensembl
Srbd1,Srbd1,symbol
Six2,Six2,symbol
Six3,Six3,symbol
ENSRNOG00000066790,,ensembl
Camkmt,Camkmt,symbol
LOC120093505,LOC120093505,symbol
LOC120093312,LOC120093312,symbol
Prepl,Prepl,symbol
Slc3a1,Slc3a1,symbol
ENSRNOG00000065578,,ensembl
Ppm1b,Ppm1b,symbol
Lrpprc,Lrpprc,symbol
Abcg8,Abcg8,symbol
Abcg5,Abcg5,symbol
Dync2li1,Dync2li1,symbol
LOC120093294,LOC120093294,symbol
Plekhh2,Plekhh2,symbol
Thada,Thada,symbol
Zfp36l2,Zfp36l2,symbol
ENSRNOG00000063393,,ensembl
ENSRNOG00000068021,,ensembl
ENSRNOG00000064208,,ensembl
Haao,Haao,symbol
Mta3,Mta3,symbol
Kcng3,Kcng3,symbol
Cox7a2l,Cox7a2l,symbol
Eml4,Eml4,symbol
H3f3a-ps3,H3f3a-ps3,symbol
Pkdcc,Pkdcc,symbol
ENSRNOG00000062958,,ensembl
ENSRNOG00000069324,,ensembl
LOC120093297,LOC120093297,symbol
AABR07062753.1,AABR07062753.1,symbol
LOC120093412,LOC120093412,symbol
LOC120093453,LOC120093453,symbol
Slc8a1,Slc8a1,symbol
LOC120093498,LOC120093498,symbol
ENSRNOG00000066667,,ensembl
Thumpd2,Thumpd2,symbol
Tmem178a,Tmem178a,symbol
ENSRNOG00000066260,,ensembl
LOC120103476,LOC120103476,symbol
LOC108351161,LOC108351161,symbol
Map4k3,Map4k3,symbol
Cdkl4,Cdkl4,symbol
Sos1,Sos1,symbol
Arhgef33,Arhgef33,symbol
ENSRNOG00000063727,,ensembl
Dhx57,Dhx57,symbol
Gemin6,Gemin6,symbol
Ttc39d,Ttc39d,symbol
Srsf7,Srsf7,symbol
Galm,Galm,symbol
ENSRNOG00000063825,,ensembl
LOC120093299,LOC120093299,symbol
Hnrnpll,Hnrnpll,symbol
LOC120093309,LOC120093309,symbol
AABR07062670.1,AABR07062670.1,symbol
Atl2,Atl2,symbol
Cyp1b1,Cyp1b1,symbol
ENSRNOG00000065042,,ensembl
Rmdn2,Rmdn2,symbol
ENSRNOG00000068860,,ensembl
Cdc42ep3,Cdc42ep3,symbol
LOC679690,LOC679690,symbol
Qpct,Qpct,symbol
Prkd3,Prkd3,symbol
Ndufaf7,Ndufaf7,symbol
Cebpz,Cebpz,symbol
Cebpzos,Cebpzos,symbol
ENSRNOG00000066755,,ensembl
Sult6b1,Sult6b1,symbol
Eif2ak2,Eif2ak2,symbol
Gpatch11,Gpatch11,symbol
Heatr5b,Heatr5b,symbol
Strn,Strn,symbol
Vit,Vit,symbol
Fez2,Fez2,symbol
LOC120093475,LOC120093475,symbol
Crim1,Crim1,symbol
ENSRNOG00000067489,,ensembl
ENSRNOG00000062904,,ensembl
LOC120093295,LOC120093295,symbol
Y_RNA,Y_RNA,symbol
Fam98a,Fam98a,symbol
Rasgrp3,Rasgrp3,symbol
Ltbp1,Ltbp1,symbol
LOC120093429,LOC120093429,symbol
Ttc27,Ttc27,symbol
LOC120093282,LOC120093282,symbol
Birc6,Birc6,symbol
Yipf4,Yipf4,symbol
Nlrc4,Nlrc4,symbol
Slc30a6,Slc30a6,symbol
Spast,Spast,symbol
ENSRNOG00000066517,,ensembl
Dpy30,Dpy30,symbol
Memo1,Memo1,symbol
Srd5a2,Srd5a2,symbol
LOC120093428,LOC120093428,symbol
Xdh,Xdh,symbol
Ehd3,Ehd3,symbol
Galnt14,Galnt14,symbol
ENSRNOG00000068506,,ensembl
Capn13,Capn13,symbol
Fam241b-ps1,Fam241b-ps1,symbol
Lclat1,Lclat1,symbol
LOC120093473,LOC120093473,symbol
ENSRNOG00000070426,,ensembl
Lbh,Lbh,symbol
Ypel5,Ypel5,symbol
Alk,Alk,symbol
Sfnl1,Sfnl1,symbol
ENSRNOG00000069735,,ensembl
Clip4,Clip4,symbol
Pcare,Pcare,symbol
Togaram2,Togaram2,symbol
Wdr43,Wdr43,symbol
LOC120093417,LOC120093417,symbol
Snord53l1,Snord53l1,symbol
Snord53l2,Snord53l2,symbol
ENSRNOG00000068533,,ensembl
ENSRNOG00000068245,,ensembl
Spdya,Spdya,symbol
ENSRNOG00000067189,,ensembl
Ppp1cb,Ppp1cb,symbol
Plb1,Plb1,symbol
Fosl2,Fosl2,symbol
Babam2,Babam2,symbol
Rbks,Rbks,symbol
Mrpl33,Mrpl33,symbol
ENSRNOG00000069525,,ensembl
Slc4a1ap,Slc4a1ap,symbol
Supt7l,Supt7l,symbol
Gpn1,Gpn1,symbol
Ccdc121,Ccdc121,symbol
Zfp512,Zfp512,symbol
AABR07063276.1,AABR07063276.1,symbol
Gckr,Gckr,symbol
Fndc4,Fndc4,symbol
Ift172,Ift172,symbol
Krtcap3,Krtcap3,symbol
Nrbp1,Nrbp1,symbol
ENSRNOG00000067745,,ensembl
Ppm1g,Ppm1g,symbol
Zfp513,Zfp513,symbol
Snx17,Snx17,symbol
Eif2b4,Eif2b4,symbol
Gtf3c2,Gtf3c2,symbol
Mpv17,Mpv17,symbol
Ucn,Ucn,symbol
Trim54,Trim54,symbol
Dnajc5g,Dnajc5g,symbol
Slc30a3,Slc30a3,symbol
Cad,Cad,symbol
Slc5a6,Slc5a6,symbol
Tcf23,Tcf23,symbol
Prr30,Prr30,symbol
Preb,Preb,symbol
Abhd1,Abhd1,symbol
ENSRNOG00000064997,,ensembl
Cgref1,Cgref1,symbol
Emilin1,Emilin1,symbol
Khk,Khk,symbol
Agbl5,Agbl5,symbol
Tmem214,Tmem214,symbol
Mapre3,Mapre3,symbol
ENSRNOG00000064247,,ensembl
Dpysl5,Dpysl5,symbol
LOC120093431,LOC120093431,symbol
Cenpa,Cenpa,symbol
Slc35f6,Slc35f6,symbol
Kcnk3,Kcnk3,symbol
Cib4,Cib4,symbol
Fam166c,Fam166c,symbol
Otof,Otof,symbol
Drc1,Drc1,symbol
ENSRNOG00000066665,,ensembl
Selenoi,Selenoi,symbol
Adgrf3,Adgrf3,symbol
ENSRNOG00000065542,,ensembl
Hadhb,Hadhb,symbol
Hadha,Hadha,symbol
Garem2,Garem2,symbol
3110082J24Rik,3110082J24Rik,symbol
ENSRNOG00000069124,,ensembl
Rab10,Rab10,symbol
Kif3c,Kif3c,symbol
Asxl2,Asxl2,symbol
ENSRNOG00000066562,,ensembl
Dtnb,Dtnb,symbol
Dnmt3a,Dnmt3a,symbol
RGD1565766,RGD1565766,symbol
Pomc,Pomc,symbol
Efr3b,Efr3b,symbol
Dnajc27,Dnajc27,symbol
LOC120103497,LOC120103497,symbol
Adcy3,Adcy3,symbol
Cenpo,Cenpo,symbol
Ptrhd1,Ptrhd1,symbol
Ncoa1,Ncoa1,symbol
ENSRNOG00000066171,,ensembl
ENSRNOG00000066455,,ensembl
Itsn2,Itsn2,symbol
AABR07052130.1,AABR07052130.1,symbol
Fam228a,Fam228a,symbol
Fam228b,Fam228b,symbol
Pfn4,Pfn4,symbol
ENSRNOG00000064012,,ensembl
Sf3b6,Sf3b6,symbol
Fkbp1b,Fkbp1b,symbol
Wdcp,Wdcp,symbol
LOC120093289,LOC120093289,symbol
Mfsd2b,Mfsd2b,symbol
Ubxn2a,Ubxn2a,symbol
Atad2b,Atad2b,symbol
Klhl29,Klhl29,symbol
ENSRNOG00000069218,,ensembl
Tdrd15,Tdrd15,symbol
Apob,Apob,symbol
Ldah,Ldah,symbol
Gdf7,Gdf7,symbol
Hs1bp3,Hs1bp3,symbol
ENSRNOG00000066846,,ensembl
Rhob,Rhob,symbol
ENSRNOG00000069167,,ensembl
LOC108351200,LOC108351200,symbol
Slc7a15,Slc7a15,symbol
Pum2,Pum2,symbol
Sdc1,Sdc1,symbol
Laptm4a,Laptm4a,symbol
Matn3,Matn3,symbol
Wdr35,Wdr35,symbol
Ttc32,Ttc32,symbol
Osr1,Osr1,symbol
Nt5c1b,Nt5c1b,symbol
Rdh14,Rdh14,symbol
Kcns3,Kcns3,symbol
Msgn1,Msgn1,symbol
Gen1,Gen1,symbol
Smc6,Smc6,symbol
Vsnl1,Vsnl1,symbol
Rad51ap2,Rad51ap2,symbol
AABR07072562.1,AABR07072562.1,symbol
ENSRNOG00000062786,,ensembl
Hspa8-ps22,Hspa8-ps22,symbol
LOC120093456,LOC120093456,symbol
LOC689965,LOC689965,symbol
Cyria,Cyria,symbol
LOC100360357,LOC100360357,symbol
AABR07035366.1,AABR07035366.1,symbol
LOC120093419,LOC120093419,symbol
Mycn,Mycn,symbol
ENSRNOG00000064235,,ensembl
Ddx1,Ddx1,symbol
Nbas,Nbas,symbol
Lratd1,Lratd1,symbol
Trib2,Trib2,symbol
Lpin1,Lpin1,symbol
Ntsr2,Ntsr2,symbol
Greb1,Greb1,symbol
E2f6,E2f6,symbol
Rock2,Rock2,symbol
Slc66a3,Slc66a3,symbol
C6h2orf50,C6h2orf50,symbol
Kcnf1,Kcnf1,symbol
Pdia6,Pdia6,symbol
Atp6v1c2,Atp6v1c2,symbol
ENSRNOG00000067198,,ensembl
Nol10,Nol10,symbol
AABR07063703.1,AABR07063703.1,symbol
Odc1,Odc1,symbol
Snora80l1,Snora80l1,symbol
LOC120093238,LOC120093238,symbol
Hpcal1,Hpcal1,symbol
Asap2,Asap2,symbol
LOC120093281,LOC120093281,symbol
Itgb1bp1,Itgb1bp1,symbol
Cpsf3,Cpsf3,symbol
LOC120093425,LOC120093425,symbol
Iah1,Iah1,symbol
Adam17,Adam17,symbol
LOC120093315,LOC120093315,symbol
LOC120093275,LOC120093275,symbol
Ywhaq,Ywhaq,symbol
Taf1b,Taf1b,symbol
Rbm34-ps1,Rbm34-ps1,symbol
Grhl1,Grhl1,symbol
Klf11,Klf11,symbol
Cys1,Cys1,symbol
Rrm2,Rrm2,symbol
ENSRNOG00000066124,,ensembl
Mboat2,Mboat2,symbol
Kidins220,Kidins220,symbol
ENSRNOG00000067724,,ensembl
LOC120093241,LOC120093241,symbol
Id2,Id2,symbol
Rnf144a,Rnf144a,symbol
Rsad2,Rsad2,symbol
Cmpk2,Cmpk2,symbol
ENSRNOG00000063720,,ensembl
Sox11,Sox11,symbol
ENSRNOG00000068283,LOC134479283,ensembl
LOC120093459,LOC120093459,symbol
LOC120093466,LOC120093466,symbol
LOC120093439,LOC120093439,symbol
LOC120093290,LOC120093290,symbol
ENSRNOG00000069562,,ensembl
Dcdc2c,Dcdc2c,symbol
ENSRNOG00000070424,,ensembl
Akr1b1-ps1,Akr1b1-ps1,symbol
Allc,Allc,symbol
LOC120093293,LOC120093293,symbol
Rps7,Rps7,symbol
Rnaseh1,Rnaseh1,symbol
Adi1,Adi1,symbol
Trappc12,Trappc12,symbol
Eipr1,Eipr1,symbol
ENSRNOG00000068419,,ensembl
AABR07064622.1,AABR07064622.1,symbol
ENSRNOG00000069486,,ensembl
Myt1l,Myt1l,symbol
Pxdn,Pxdn,symbol
Tpo,Tpo,symbol
Sntg2,Sntg2,symbol
Tmem18,Tmem18,symbol
Alkal2,Alkal2,symbol
Acp1,Acp1,symbol
Sh3yl1,Sh3yl1,symbol
LOC120093438,LOC120093438,symbol
Fam110c,Fam110c,symbol
ENSRNOG00000066482,,ensembl
Lamb1,Lamb1,symbol
Dld,Dld,symbol
ENSRNOG00000065782,,ensembl
Slc26a3,Slc26a3,symbol
Cbll1,Cbll1,symbol
ENSRNOG00000062750,,ensembl
Slc26a4,Slc26a4,symbol
Bcap29,Bcap29,symbol
Dus4l,Dus4l,symbol
Cog5,Cog5,symbol
Gpr22,Gpr22,symbol
Hbp1,Hbp1,symbol
ENSRNOG00000063368,,ensembl
Prkar2b,Prkar2b,symbol
LOC120093368,LOC120093368,symbol
Pik3cg,Pik3cg,symbol
LOC120093495,LOC120093495,symbol
Ccdc71l,Ccdc71l,symbol
Ccdc71l,Ccdc71l,symbol
LOC120093433,LOC120093433,symbol
Nampt,Nampt,symbol
Sypl1,Sypl1,symbol
ENSRNOG00000069517,,ensembl
LOC120093480,LOC120093480,symbol
Cdhr3,Cdhr3,symbol
Atxn7l1,Atxn7l1,symbol
Efcab10,Efcab10,symbol
Polr1f,Polr1f,symbol
LOC120093447,LOC120093447,symbol
Tomm70-ps1,Tomm70-ps1,symbol
LOC120093452,LOC120093452,symbol
Rps20-ps6,Rps20-ps6,symbol
Ferd3l,Ferd3l,symbol
ENSRNOG00000062802,,ensembl
Twist1,Twist1,symbol
Hdac9,Hdac9,symbol
ENSRNOG00000062909,,ensembl
LOC120093437,LOC120093437,symbol
ENSRNOG00000066662,,ensembl
Prps1l1,Prps1l1,symbol
Snx13,Snx13,symbol
Ahr,Ahr,symbol
ENSRNOG00000068280,,ensembl
ENSRNOG00000067630,,ensembl
Agr3,Agr3,symbol
Agr2,Agr2,symbol
Tspan13,Tspan13,symbol
Bzw2,Bzw2,symbol
Ankmy2,Ankmy2,symbol
Lrrc72,Lrrc72,symbol
RGD1559808,RGD1559808,symbol
Sostdc1,Sostdc1,symbol
LOC120093435,LOC120093435,symbol
LOC120093463,LOC120093463,symbol
ENSRNOG00000064210,,ensembl
Crppa,Crppa,symbol
LOC120093493,LOC120093493,symbol
Meox2,Meox2,symbol
Agmo,Agmo,symbol
LOC120093298,LOC120093298,symbol
ENSRNOG00000066530,LOC108351363,ensembl
Dgkb,Dgkb,symbol
ENSRNOG00000066213,,ensembl
Etv1,Etv1,symbol
LOC120093442,LOC120093442,symbol
ENSRNOG00000065241,,ensembl
St13-ps2,St13-ps2,symbol
ENSRNOG00000065535,,ensembl
LOC120093451,LOC120093451,symbol
LOC120093443,LOC120093443,symbol
LOC120093490,LOC120093490,symbol
RGD1560073,RGD1560073,symbol
LOC120093247,LOC120093247,symbol
Arl4a,Arl4a,symbol
Scin,Scin,symbol
ENSRNOG00000069422,,ensembl
Lsmem1,Lsmem1,symbol
Ifrd1,Ifrd1,symbol
ENSRNOG00000069784,,ensembl
ENSRNOG00000066075,,ensembl
Zfp277,Zfp277,symbol
Dock4,Dock4,symbol
Immp2l,Immp2l,symbol
LOC120093461,LOC120093461,symbol
Lrrn3,Lrrn3,symbol
Ndufa10l1,Ndufa10l1,symbol
LOC120093283,LOC120093283,symbol
Dnajb9,Dnajb9,symbol
LOC120103526,LOC120103526,symbol
ENSRNOG00000064508,,ensembl
Pnpla8,Pnpla8,symbol
Nrcam,Nrcam,symbol
LOC120093276,LOC120093276,symbol
Stxbp6,Stxbp6,symbol
LOC120093462,LOC120093462,symbol
LOC120093319,LOC120093319,symbol
LOC120093491,LOC120093491,symbol
LOC120093449,LOC120093449,symbol
LOC120093317,LOC120093317,symbol
Nova1,Nova1,symbol
LOC120093485,LOC120093485,symbol
LOC120093502,LOC120093502,symbol
ENSRNOG00000063663,,ensembl
ENSRNOG00000063865,,ensembl
LOC120093468,LOC120093468,symbol
ENSRNOG00000068318,,ensembl
RGD1559629,RGD1559629,symbol
Foxg1,Foxg1,symbol
LOC120093455,LOC120093455,symbol
LOC120093458,LOC120093458,symbol
Prkd1,Prkd1,symbol
LOC120093284,LOC120093284,symbol
ENSRNOG00000066628,,ensembl
G2e3,G2e3,symbol
Scfd1,Scfd1,symbol
Coch,Coch,symbol
Strn3,Strn3,symbol
Ap4s1,Ap4s1,symbol
Hectd1,Hectd1,symbol
Heatr5a,Heatr5a,symbol
Dtd2,Dtd2,symbol
Gpr33-ps1,Gpr33-ps1,symbol
Nubpl,Nubpl,symbol
ENSRNOG00000070950,,ensembl
Arhgap5,Arhgap5,symbol
LOC120093278,LOC120093278,symbol
LOC120093279,LOC120093279,symbol
Akap6,Akap6,symbol
Npas3,Npas3,symbol
LOC120093508,LOC120093508,symbol
LOC120093424,LOC120093424,symbol
ENSRNOG00000066295,,ensembl
Egln3,Egln3,symbol
LOC120093497,LOC120093497,symbol
LOC120093379,LOC120093379,symbol
Timm23b,Timm23b,symbol
Rps10,Rps10,symbol
RGD1559724,RGD1559724,symbol
LOC120093434,LOC120093434,symbol
Sptssa,Sptssa,symbol
Eapp,Eapp,symbol
LOC120093301,LOC120093301,symbol
LOC120093291,LOC120093291,symbol
LOC120093357,LOC120093357,symbol
LOC120093346,LOC120093346,symbol
LOC120093302,LOC120093302,symbol
LOC120093313,LOC120093313,symbol
LOC120093324,LOC120093324,symbol
LOC120093335,LOC120093335,symbol
Snx6,Snx6,symbol
Cfl2,Cfl2,symbol
Baz1a,Baz1a,symbol
LOC120093303,LOC120093303,symbol
RGD1304624,RGD1304624,symbol
Srp54a,Srp54a,symbol
Fam177a1,Fam177a1,symbol
Ppp2r3c,Ppp2r3c,symbol
Prorp,Prorp,symbol
Psma6,Psma6,symbol
Nfkbia,Nfkbia,symbol
Aldoart2,Aldoart2,symbol
Ralgapa1,Ralgapa1,symbol
LOC100359668,LOC100359668,symbol
Mir3593,Mir3593,symbol
Brms1l,Brms1l,symbol
LOC120093292,LOC120093292,symbol
LOC120093450,LOC120093450,symbol
Mbip,Mbip,symbol
Nkx2-1,Nkx2-1,symbol
LOC102552092,LOC102552092,symbol
LOC120093467,LOC120093467,symbol
Nkx2-8,Nkx2-8,symbol
Pax9,Pax9,symbol
Slc25a21,Slc25a21,symbol
Alg11-ps2,Alg11-ps2,symbol
LOC314140,LOC314140,symbol
Mipol1,Mipol1,symbol
LOC120093310,LOC120093310,symbol
Foxa1,Foxa1,symbol
Ttc6,Ttc6,symbol
LOC120093489,LOC120093489,symbol
ENSRNOG00000069769,,ensembl
AABR07064392.1,AABR07064392.1,symbol
LOC120093510,LOC120093510,symbol
AC098459.1,AC098459.1,symbol
Sstr1,Sstr1,symbol
Clec14a,Clec14a,symbol
ENSRNOG00000070656,LOC134479390,ensembl
LOC120093454,LOC120093454,symbol
Eif4a1-ps8,Eif4a1-ps8,symbol
Sec23a,Sec23a,symbol
Gemin2,Gemin2,symbol
ENSRNOG00000065555,,ensembl
U2l3,U2l3,symbol
Trappc6b,Trappc6b,symbol
Pnn,Pnn,symbol
Mia2,Mia2,symbol
Snora26l1,Snora26l1,symbol
Fbxo33,Fbxo33,symbol
LOC120093280,LOC120093280,symbol
LOC120093440,LOC120093440,symbol
ENSRNOG00000065342,,ensembl
LOC120093314,LOC120093314,symbol
LOC120093300,LOC120093300,symbol
LOC120093401,LOC120093401,symbol
AABR07064502.1,AABR07064502.1,symbol
ENSRNOG00000067360,,ensembl
Lrfn5,Lrfn5,symbol
U3l1,U3l1,symbol
LOC120093311,LOC120093311,symbol
LOC120093486,LOC120093486,symbol
LOC108351365,LOC108351365,symbol
LOC120093500,LOC120093500,symbol
AABR07064584.1,AABR07064584.1,symbol
LOC120093436,LOC120093436,symbol
LOC120093501,LOC120093501,symbol
RGD1307621,RGD1307621,symbol
Klhl28,Klhl28,symbol
Togaram1,Togaram1,symbol
Prpf39,Prpf39,symbol
Snord127,Snord127,symbol
Fkbp3,Fkbp3,symbol
Fancm,Fancm,symbol
Mis18bp1,Mis18bp1,symbol
Fau,Fau,symbol
ENSRNOG00000069999,,ensembl
LOC120093430,LOC120093430,symbol
LOC120093448,LOC120093448,symbol
LOC120093444,LOC120093444,symbol
ENSRNOG00000063060,,ensembl
LOC689408,LOC689408,symbol
LOC108351242,LOC108351242,symbol
ENSRNOG00000070058,,ensembl
LOC108351243,LOC108351243,symbol
Rpl10l,Rpl10l,symbol
LOC120093487,LOC120093487,symbol
ENSRNOG00000067033,,ensembl
Mdga2,Mdga2,symbol
LOC120093460,LOC120093460,symbol
ENSRNOG00000064159,,ensembl
LOC120093426,LOC120093426,symbol
LOC120093465,LOC120093465,symbol
Rpl11-ps10,Rpl11-ps10,symbol
Snord13l1,Snord13l1,symbol
RGD1559639,RGD1559639,symbol
ENSRNOG00000067159,,ensembl
Tigar-ps1,Tigar-ps1,symbol
ENSRNOG00000067691,,ensembl
Rps29,Rps29,symbol
Rn7sl1,Rn7sl1,symbol
Lrr1,Lrr1,symbol
Mgat2,Mgat2,symbol
Dnaaf2,Dnaaf2,symbol
Pole2,Pole2,symbol
ENSRNOG00000066119,,ensembl
Klhdc1,Klhdc1,symbol
ENSRNOG00000066035,,ensembl
AABR07064716.1,AABR07064716.1,symbol
Klhdc2,Klhdc2,symbol
AABR07064719.2,AABR07064719.2,symbol
Mir3084a-2,Mir3084a-2,symbol
ENSRNOG00000067508,Mir3084a-4,ensembl
Metazoa_SRP,Metazoa_SRP,symbol
Arf6,Arf6,symbol
Vcpkmt,Vcpkmt,symbol
Sos2,Sos2,symbol
ENSRNOG00000067932,,ensembl
L2hgdh,L2hgdh,symbol
Dmac2l,Dmac2l,symbol
Cdkl1,Cdkl1,symbol
Map4k5,Map4k5,symbol
Atl1,Atl1,symbol
Sav1,Sav1,symbol
Nin,Nin,symbol
Abhd12b,Abhd12b,symbol
Pygl,Pygl,symbol
Trim9,Trim9,symbol
ENSRNOG00000070307,,ensembl
Tmx1,Tmx1,symbol
LOC120093504,LOC120093504,symbol
Frmd6,Frmd6,symbol
Snord45l1,Snord45l1,symbol
Actr10,Actr10,symbol
LOC102552313,LOC102552313,symbol
ENSRNOG00000063858,,ensembl
Psma3,Psma3,symbol
ENSRNOG00000062478,,ensembl
Arid4a,Arid4a,symbol
Tomm20l,Tomm20l,symbol
Timm9,Timm9,symbol
LOC690035,LOC690035,symbol
Dact1,Dact1,symbol
AABR07064753.1,AABR07064753.1,symbol
LOC120093507,LOC120093507,symbol
Daam1,Daam1,symbol
Gpr135,Gpr135,symbol
L3hypdh,L3hypdh,symbol
AABR07047593.1,AABR07047593.1,symbol
Jkamp,Jkamp,symbol
Ccdc175,Ccdc175,symbol
Rtn1,Rtn1,symbol
ENSRNOG00000068248,,ensembl
ENSRNOG00000068442,,ensembl
Lrrc9,Lrrc9,symbol
AABR07064804.1,AABR07064804.1,symbol
LOC120093108,LOC120093108,symbol
Dhrs7,Dhrs7,symbol
LOC120093316,LOC120093316,symbol
Dhrs7l1,Dhrs7l1,symbol
LOC100361944,LOC100361944,symbol
Ppm1a,Ppm1a,symbol
Six6os1,Six6os1,symbol
LOC120093488,LOC120093488,symbol
Six6,Six6,symbol
LOC108351255,LOC108351255,symbol
ENSRNOG00000063821,,ensembl
Six1,Six1,symbol
ENSRNOG00000070132,,ensembl
Six4,Six4,symbol
Mnat1,Mnat1,symbol
LOC120093470,LOC120093470,symbol
Trmt5,Trmt5,symbol
Slc38a6,Slc38a6,symbol
Tmem30b,Tmem30b,symbol
Prkch,Prkch,symbol
Hif1a,Hif1a,symbol
Snapc1,Snapc1,symbol
Syt16,Syt16,symbol
LOC102551114,LOC102551114,symbol
Kcnh5,Kcnh5,symbol
Rhoj,Rhoj,symbol
Gphb5,Gphb5,symbol
Ppp2r5e,Ppp2r5e,symbol
Wdr89,Wdr89,symbol
ENSRNOG00000069102,,ensembl
Sgpp1,Sgpp1,symbol
AABR07064867.2,AABR07064867.2,symbol
Syne2,Syne2,symbol
Esr2,Esr2,symbol
Tex21,Tex21,symbol
AC128637.1,AC128637.1,symbol
Mthfd1,Mthfd1,symbol
Akap5,Akap5,symbol
Zbtb25,Zbtb25,symbol
Zbtb1,Zbtb1,symbol
Hspa2,Hspa2,symbol
Ppp1r36,Ppp1r36,symbol
RGD1562381,RGD1562381,symbol
Plekhg3,Plekhg3,symbol
Sptb,Sptb,symbol
Fntb,Fntb,symbol
LOC120093305,LOC120093305,symbol
Gpx2,Gpx2,symbol
Rab15,Rab15,symbol
Max,Max,symbol
LOC120093478,LOC120093478,symbol
Fut8,Fut8,symbol
LOC120093306,LOC120093306,symbol
LOC120093469,LOC120093469,symbol
LOC120093464,LOC120093464,symbol
Gphn,Gphn,symbol
Gphn,Gphn,symbol
Ccdc196,Ccdc196,symbol
LOC100909680,LOC100909680,symbol
Garin2,Garin2,symbol
Pals1,Pals1,symbol
Atp6v1d,Atp6v1d,symbol
Eif2s1,Eif2s1,symbol
Plek2,Plek2,symbol
Tmem229b,Tmem229b,symbol
Plekhh1,Plekhh1,symbol
Pigh,Pigh,symbol
ENSRNOG00000070862,,ensembl
Arg2,Arg2,symbol
Vti1b,Vti1b,symbol
Rdh11,Rdh11,symbol
Rdh12,Rdh12,symbol
Zfyve26,Zfyve26,symbol
Rad51b,Rad51b,symbol
ENSRNOG00000070966,,ensembl
AC105662.3,AC105662.3,symbol
AABR07064980.1,AABR07064980.1,symbol
ENSRNOG00000065489,,ensembl
Zfp36l1,Zfp36l1,symbol
Actn1,Actn1,symbol
AC118496.1,AC118496.1,symbol
Dcaf5,Dcaf5,symbol
Scarna3,Scarna3,symbol
Scarna3b,Scarna3b,symbol
RGD1559921,RGD1559921,symbol
AABR07064983.1,AABR07064983.1,symbol
ENSRNOG00000063683,,ensembl
ENSRNOG00000069569,Dnajc17l1,ensembl
AABR07064999.1,AABR07064999.1,symbol
Ppil2-ps1,Ppil2-ps1,symbol
ENSRNOG00000065552,,ensembl
ENSRNOG00000070124,,ensembl
ENSRNOG00000068981,,ensembl
Exd2,Exd2,symbol
Galnt16,Galnt16,symbol
Erh,Erh,symbol
Slc39a9,Slc39a9,symbol
Plekhd1,Plekhd1,symbol
Ccdc177,Ccdc177,symbol
ENSRNOG00000069217,,ensembl
Susd6,Susd6,symbol
Srsf5,Srsf5,symbol
Slc10a1,Slc10a1,symbol
ENSRNOG00000067664,,ensembl
Smoc1,Smoc1,symbol
Slc8a3,Slc8a3,symbol
Cox16,Cox16,symbol
Synj2bp,Synj2bp,symbol
Gm22598,Gm22598,symbol
ENSRNOG00000068325,,ensembl
LOC103690152,LOC103690152,symbol
Med6,Med6,symbol
Ttc9,Ttc9,symbol
LOC102552530,LOC102552530,symbol
Map3k9,Map3k9,symbol
Pcnx1,Pcnx1,symbol
Sipa1l1,Sipa1l1,symbol
ENSRNOG00000068738,,ensembl
Rgs6,Rgs6,symbol
LOC120093445,LOC120093445,symbol
Dpf3,Dpf3,symbol
Dcaf4,Dcaf4,symbol
Zfyve1,Zfyve1,symbol
Rbm25,Rbm25,symbol
Psen1,Psen1,symbol
Papln,Papln,symbol
Numb,Numb,symbol
Heatr4,Heatr4,symbol
Riox1,Riox1,symbol
Acot2,Acot2,symbol
Acot1,Acot1,symbol
LOC299190,LOC299190,symbol
Acot4,Acot4,symbol
Acot3,Acot3,symbol
ENSRNOG00000067599,,ensembl
Acot5,Acot5,symbol
Acot3,Acot3,symbol
Acot6,Acot6,symbol
Dnal1,Dnal1,symbol
ENSRNOG00000063355,,ensembl
Pnma1,Pnma1,symbol
Mideas,Mideas,symbol
ENSRNOG00000070039,,ensembl
Ptgr2,Ptgr2,symbol
Zfp410,Zfp410,symbol
Fam161b,Fam161b,symbol
Coq6,Coq6,symbol
Entpd5,Entpd5,symbol
Bbof1,Bbof1,symbol
Rnf113a2,Rnf113a2,symbol
Aldh6a1,Aldh6a1,symbol
Lin52,Lin52,symbol
Vsx2,Vsx2,symbol
Abcd4,Abcd4,symbol
Vrtn,Vrtn,symbol
LOC120093509,LOC120093509,symbol
Syndig1l,Syndig1l,symbol
LOC120093427,LOC120093427,symbol
Npc2,Npc2,symbol
Isca2,Isca2,symbol
Ltbp2,Ltbp2,symbol
Arel1,Arel1,symbol
Fcf1,Fcf1,symbol
Ylpm1,Ylpm1,symbol
Lsm5,Lsm5,symbol
ENSRNOG00000062834,,ensembl
LOC120093483,LOC120093483,symbol
Prox2,Prox2,symbol
LOC120093503,LOC120093503,symbol
Dlst,Dlst,symbol
Rps6kl1,Rps6kl1,symbol
Pgf,Pgf,symbol
Eif2b2,Eif2b2,symbol
Mlh3,Mlh3,symbol
Acyp1,Acyp1,symbol
Zc2hc1c,Zc2hc1c,symbol
Nek9,Nek9,symbol
Tmed10,Tmed10,symbol
Fos,Fos,symbol
Jdp2,Jdp2,symbol
Batf,Batf,symbol
Flvcr2,Flvcr2,symbol
Erg28,Erg28,symbol
Ttll5,Ttll5,symbol
Tgfb3,Tgfb3,symbol
Ift43,Ift43,symbol
Gpatch2l,Gpatch2l,symbol
Esrrb,Esrrb,symbol
Vash1,Vash1,symbol
Angel1,Angel1,symbol
Lrrc74a,Lrrc74a,symbol
Irf2bpl,Irf2bpl,symbol
Cipc,Cipc,symbol
Zdhhc22,Zdhhc22,symbol
Tmem63c,Tmem63c,symbol
Ngb,Ngb,symbol
Pomt2,Pomt2,symbol
Gstz1,Gstz1,symbol
Tmed8,Tmed8,symbol
Samd15,Samd15,symbol
Noxred1,Noxred1,symbol
Vipas39,Vipas39,symbol
Ahsa1,Ahsa1,symbol
Ism2,Ism2,symbol
Sptlc2,Sptlc2,symbol
ENSRNOG00000067879,LOC108351282,ensembl
Alkbh1,Alkbh1,symbol
Snora58,Snora58,symbol
Gm50450,Gm50450,symbol
Slirp,Slirp,symbol
LOC120093286,LOC120093286,symbol
Snw1,Snw1,symbol
Gle1-ps1,Gle1-ps1,symbol
ENSRNOG00000066833,,ensembl
LOC120103584,LOC120103584,symbol
LOC120103587,LOC120103587,symbol
RGD1565693,RGD1565693,symbol
LOC100912568,LOC100912568,symbol
ENSRNOG00000062977,LOC120103588,ensembl
Adck1,Adck1,symbol
LOC120093296,LOC120093296,symbol
Nrxn3,Nrxn3,symbol
dsr-2,dsr-2,symbol
ENSRNOG00000062878,,ensembl
ENSRNOG00000063297,,ensembl
Dio2,Dio2,symbol
LOC120093441,LOC120093441,symbol
LOC102549780,LOC102549780,symbol
Cep128,Cep128,symbol
Tshr,Tshr,symbol
Gtf2a1,Gtf2a1,symbol
LOC120093479,LOC120093479,symbol
Ston2,Ston2,symbol
Sel1l,Sel1l,symbol
AABR07065217.2,AABR07065217.2,symbol
ENSRNOG00000030420,,ensembl
LOC120093288,LOC120093288,symbol
LOC120093484,LOC120093484,symbol
LOC120093287,LOC120093287,symbol
ENSRNOG00000066641,,ensembl
LOC120093390,LOC120093390,symbol
LOC120093308,LOC120093308,symbol
LOC120093423,LOC120093423,symbol
LOC120093471,LOC120093471,symbol
AABR07065265.1,AABR07065265.1,symbol
LOC103692684,LOC103692684,symbol
LOC120093496,LOC120093496,symbol
ENSRNOG00000066374,,ensembl
LOC120093277,LOC120093277,symbol
Flrt2,Flrt2,symbol
Galc,Galc,symbol
Gpr65,Gpr65,symbol
Kcnk10,Kcnk10,symbol
LOC120093320,LOC120093320,symbol
Spata7,Spata7,symbol
Ptpn21,Ptpn21,symbol
ENSRNOG00000068002,,ensembl
Zc3h14,Zc3h14,symbol
Eml5,Eml5,symbol
Ttc8,Ttc8,symbol
Cpg1,Cpg1,symbol
ENSRNOG00000063339,,ensembl
Foxn3,Foxn3,symbol
Efcab11,Efcab11,symbol
Tdp1,Tdp1,symbol
Kcnk13,Kcnk13,symbol
ENSRNOG00000062500,,ensembl
Psmc1,Psmc1,symbol
LOC120093474,LOC120093474,symbol
Nrde2,Nrde2,symbol
Calm1,Calm1,symbol
ENSRNOG00000063888,,ensembl
ENSRNOG00000067219,,ensembl
Ttc7b,Ttc7b,symbol
Rps6ka5,Rps6ka5,symbol
LOC120093307,LOC120093307,symbol
ENSRNOG00000064989,Tmem11,ensembl
Dglucy,Dglucy,symbol
Gpr68,Gpr68,symbol
Ccdc88c,Ccdc88c,symbol
Ppp4r3a,Ppp4r3a,symbol
ENSRNOG00000068437,,ensembl
ENSRNOG00000065326,,ensembl
Kif4b,Kif4b,symbol
Catsperb,Catsperb,symbol
ENSRNOG00000064938,,ensembl
LOC120093506,LOC120093506,symbol
Tc2n,Tc2n,symbol
Fbln5,Fbln5,symbol
ENSRNOG00000064769,,ensembl
Trip11,Trip11,symbol
Atxn3,Atxn3,symbol
Llph-ps1,Llph-ps1,symbol
Cpsf2,Cpsf2,symbol
Slc24a4,Slc24a4,symbol
Rin3,Rin3,symbol
Lgmn,Lgmn,symbol
Golga5,Golga5,symbol
Chga,Chga,symbol
Itpk1,Itpk1,symbol
Moap1,Moap1,symbol
Lyset,Lyset,symbol
Gon7,Gon7,symbol
Ubr7,Ubr7,symbol
Btbd7,Btbd7,symbol
Cox8c,Cox8c,symbol
Unc79,Unc79,symbol
LOC108351291,LOC108351291,symbol
Prima1,Prima1,symbol
Fam181a,Fam181a,symbol
Asb2,Asb2,symbol
Otub2,Otub2,symbol
Ddx24,Ddx24,symbol
Ifi27,Ifi27,symbol
Ifi27l2b,Ifi27l2b,symbol
Ppp4r4,Ppp4r4,symbol
Serpina10,Serpina10,symbol
Serpina6,Serpina6,symbol
Serpina16,Serpina16,symbol
Serpina1f,Serpina1f,symbol
ENSRNOG00000064752,Serpina1fl2,ensembl
LOC690319,LOC690319,symbol
Serpina1,Serpina1,symbol
Serpina11,Serpina11,symbol
Serpina9,Serpina9,symbol
Serpina12,Serpina12,symbol
Serpina4,Serpina4,symbol
Serpina5,Serpina5,symbol
Serpina3m,Serpina3m,symbol
Serpina3c,Serpina3c,symbol
Ipo11-ps1,Ipo11-ps1,symbol
LOC299277,LOC299277,symbol
ENSRNOG00000062637,,ensembl
Serpina3a,Serpina3a,symbol
LOC500712,LOC500712,symbol
Serpina3n,Serpina3n,symbol
Serpina3a,Serpina3a,symbol
LOC120093457,LOC120093457,symbol
ENSRNOG00000029253,,ensembl
Gsc,Gsc,symbol
ENSRNOG00000071076,,ensembl
Dicer1,Dicer1,symbol
ENSRNOG00000066282,,ensembl
Clmn,Clmn,symbol
Syne3,Syne3,symbol
AABR07072539.4,AABR07072539.4,symbol
Rpl6-ps1,Rpl6-ps1,symbol
ENSRNOG00000065478,,ensembl
LOC120093414,LOC120093414,symbol
Glrx5,Glrx5,symbol
ENSRNOG00000071150,,ensembl
ENSRNOG00000068484,,ensembl
Tcl1a,Tcl1a,symbol
ENSRNOG00000068008,,ensembl
Bdkrb2,Bdkrb2,symbol
ENSRNOG00000071141,,ensembl
Bdkrb1,Bdkrb1,symbol
Atg2b,Atg2b,symbol
Gskip,Gskip,symbol
Ak7,Ak7,symbol
Papola,Papola,symbol
Vrk1,Vrk1,symbol
LOC120093472,LOC120093472,symbol
Bcl11b,Bcl11b,symbol
Setd3,Setd3,symbol
Ccnk,Ccnk,symbol
Ccdc85c,Ccdc85c,symbol
Hhipl1,Hhipl1,symbol
Cyp46a1,Cyp46a1,symbol
Eml1,Eml1,symbol
Evl,Evl,symbol
Mir342,Mir342,symbol
Degs2,Degs2,symbol
Ybx1-ps24,Ybx1-ps24,symbol
Yy1,Yy1,symbol
Slc25a29,Slc25a29,symbol
Mir345,Mir345,symbol
Slc25a47,Slc25a47,symbol
Wars1,Wars1,symbol
Wdr25,Wdr25,symbol
Begain,Begain,symbol
Dlk1,Dlk1,symbol
Mir770,Mir770,symbol
Mir673,Mir673,symbol
Mir493,Mir493,symbol
Mir337,Mir337,symbol
Mir540,Mir540,symbol
Mir665,Mir665,symbol
Rtl1,Rtl1,symbol
Mir431,Mir431,symbol
Mir433,Mir433,symbol
Mir127,Mir127,symbol
Mir3543-2,Mir3543-2,symbol
Mir136,Mir136,symbol
Mir1188,Mir1188,symbol
Mir370,Mir370,symbol
Snord113l2,Snord113l2,symbol
LOC120093411,LOC120093411,symbol
Snord113l3,Snord113l3,symbol
LOC120093406,LOC120093406,symbol
LOC120093358,LOC120093358,symbol
LOC120093410,LOC120093410,symbol
LOC120093354,LOC120093354,symbol
LOC120093384,LOC120093384,symbol
LOC120093374,LOC120093374,symbol
LOC120093376,LOC120093376,symbol
LOC120093378,LOC120093378,symbol
LOC120093389,LOC120093389,symbol
LOC120093359,LOC120093359,symbol
LOC120093373,LOC120093373,symbol
LOC120093347,LOC120093347,symbol
LOC120093380,LOC120093380,symbol
LOC120093348,LOC120093348,symbol
LOC120093349,LOC120093349,symbol
LOC120093321,LOC120093321,symbol
LOC120093350,LOC120093350,symbol
LOC120093341,LOC120093341,symbol
LOC120093334,LOC120093334,symbol
LOC120093371,LOC120093371,symbol
LOC120093343,LOC120093343,symbol
LOC120093397,LOC120093397,symbol
LOC120093323,LOC120093323,symbol
LOC120093344,LOC120093344,symbol
LOC120093360,LOC120093360,symbol
LOC120093398,LOC120093398,symbol
LOC120093372,LOC120093372,symbol
LOC120093382,LOC120093382,symbol
LOC120093388,LOC120093388,symbol
LOC120093337,LOC120093337,symbol
LOC120093361,LOC120093361,symbol
LOC120093328,LOC120093328,symbol
LOC120093338,LOC120093338,symbol
LOC120093356,LOC120093356,symbol
LOC120093340,LOC120093340,symbol
LOC120093329,LOC120093329,symbol
LOC120093325,LOC120093325,symbol
LOC120093362,LOC120093362,symbol
LOC120093330,LOC120093330,symbol
LOC120093326,LOC120093326,symbol
LOC120093377,LOC120093377,symbol
LOC120093332,LOC120093332,symbol
LOC120093327,LOC120093327,symbol
LOC120093333,LOC120093333,symbol
LOC120093342,LOC120093342,symbol
LOC120093352,LOC120093352,symbol
LOC120093363,LOC120093363,symbol
LOC120093345,LOC120093345,symbol
LOC120093381,LOC120093381,symbol
LOC120093364,LOC120093364,symbol
LOC120093353,LOC120093353,symbol
LOC120093365,LOC120093365,symbol
LOC120093351,LOC120093351,symbol
LOC120093366,LOC120093366,symbol
LOC120093331,LOC120093331,symbol
LOC120093355,LOC120093355,symbol
LOC120093367,LOC120093367,symbol
LOC120093339,LOC120093339,symbol
LOC120093369,LOC120093369,symbol
LOC120093336,LOC120093336,symbol
LOC120093322,LOC120093322,symbol
LOC120093370,LOC120093370,symbol
LOC120093392,LOC120093392,symbol
Snord113l5,Snord113l5,symbol
LOC120093391,LOC120093391,symbol
LOC120093385,LOC120093385,symbol
LOC120093399,LOC120093399,symbol
LOC120093402,LOC120093402,symbol
LOC120093393,LOC120093393,symbol
LOC120093383,LOC120093383,symbol
LOC120093394,LOC120093394,symbol
LOC120093387,LOC120093387,symbol
LOC120093395,LOC120093395,symbol
Snord113l1,Snord113l1,symbol
LOC120093400,LOC120093400,symbol
LOC120093403,LOC120093403,symbol
LOC120093396,LOC120093396,symbol
LOC120093386,LOC120093386,symbol
LOC120093407,LOC120093407,symbol
Snord113l4,Snord113l4,symbol
Mir379,Mir379,symbol
Mir411,Mir411,symbol
Mir299b,Mir299b,symbol
Mir3579,Mir3579,symbol
Mir323,Mir323,symbol
Mir758,Mir758,symbol
Mir329,Mir329,symbol
Mir494,Mir494,symbol
rno-mir-679,rno-mir-679,symbol
Mir666,Mir666,symbol
Mir543,Mir543,symbol
Mir495,Mir495,symbol
Mir667,Mir667,symbol
Mir376c,Mir376c,symbol
Mir376b,Mir376b,symbol
Mir3595,Mir3595,symbol
Mir300,Mir300,symbol
Mir487b,Mir487b,symbol
Mir3576,Mir3576,symbol
Mir6331,Mir6331,symbol
Mir544,Mir544,symbol
Mir3592,Mir3592,symbol
Mir485,Mir485,symbol
Mir154,Mir154,symbol
Mir496,Mir496,symbol
Mir541,Mir541,symbol
Mir3581,Mir3581,symbol
Mir412,Mir412,symbol
Mir3578,Mir3578,symbol
Mir410,Mir410,symbol
Mir3072,Mir3072,symbol
Mir1247,Mir1247,symbol
Dio3,Dio3,symbol
Ppp2r5c,Ppp2r5c,symbol
Dync1h1,Dync1h1,symbol
ENSRNOG00000071100,,ensembl
RGD1305298,RGD1305298,symbol
Hsp90aa1,Hsp90aa1,symbol
ENSRNOG00000066939,,ensembl
LOC103690996,LOC103690996,symbol
Wdr20,Wdr20,symbol
Mok,Mok,symbol
Zfp839,Zfp839,symbol
Cinp,Cinp,symbol
Tecpr2,Tecpr2,symbol
Ankrd9,Ankrd9,symbol
Rcor1,Rcor1,symbol
ENSRNOG00000062855,,ensembl
Traf3,Traf3,symbol
ENSRNOG00000067232,,ensembl
Amn,Amn,symbol
Cdc42bpb,Cdc42bpb,symbol
Lbhd2,Lbhd2,symbol
Exoc3l4,Exoc3l4,symbol
AABR07065589.1,AABR07065589.1,symbol
ENSRNOG00000067053,,ensembl
Tnfaip2,Tnfaip2,symbol
Diras3,Diras3,symbol
AABR07065590.1,AABR07065590.1,symbol
Eif5,Eif5,symbol
Snora28l1,Snora28l1,symbol
Mark3,Mark3,symbol
Ckb,Ckb,symbol
Trmt61a,Trmt61a,symbol
Bag5,Bag5,symbol
Coa8,Coa8,symbol
Klc1,Klc1,symbol
Xrcc3,Xrcc3,symbol
Zfyve21,Zfyve21,symbol
Ppp1r13b,Ppp1r13b,symbol
ENSRNOG00000069610,LOC134479259,ensembl
ENSRNOG00000068254,Atp5mj,ensembl
Tdrd9,Tdrd9,symbol
AABR07033020.1,AABR07033020.1,symbol
LOC120093285,LOC120093285,symbol
Rd3l,Rd3l,symbol
Aspg,Aspg,symbol
Mir3545,Mir3545,symbol
Kif26a,Kif26a,symbol
C6h14orf180,C6h14orf180,symbol
Tmem179,Tmem179,symbol
Inf2,Inf2,symbol
Adss1,Adss1,symbol
Siva1,Siva1,symbol
Akt1,Akt1,symbol
Zbtb42,Zbtb42,symbol
Cep170b,Cep170b,symbol
Pld4,Pld4,symbol
ENSRNOG00000065195,Ahnak2,ensembl
Clba1,Clba1,symbol
Cdca4,Cdca4,symbol
Gpr132,Gpr132,symbol
Jag2,Jag2,symbol
Nudt14,Nudt14,symbol
ENSRNOG00000067921,,ensembl
Brf1,Brf1,symbol
Btbd6,Btbd6,symbol
Pacs2,Pacs2,symbol
Tex22,Tex22,symbol
LOC120093499,LOC120093499,symbol
Mta1,Mta1,symbol
Crip2,Crip2,symbol
Crip1,Crip1,symbol
Tedc1,Tedc1,symbol
Tmem121,Tmem121,symbol
ENSRNOG00000063638,,ensembl
Ighm,Ighm,symbol
ENSRNOG00000070986,,ensembl
LOC120093476,LOC120093476,symbol
Ighg1,Ighg1,symbol
ENSRNOG00000069392,,ensembl
LOC362795,LOC362795,symbol
ENSRNOG00000063188,,ensembl
ENSRNOG00000070565,,ensembl
ENSRNOG00000063791,,ensembl
ENSRNOG00000068022,,ensembl
ENSRNOG00000063707,,ensembl
ENSRNOG00000064481,,ensembl
ENSRNOG00000070406,,ensembl
ENSRNOG00000062646,,ensembl
ENSRNOG00000062976,,ensembl
ENSRNOG00000064245,,ensembl
ENSRNOG00000065181,,ensembl
ENSRNOG00000062762,,ensembl
ENSRNOG00000062609,,ensembl
ENSRNOG00000062682,,ensembl
ENSRNOG00000065055,,ensembl
ENSRNOG00000063148,,ensembl
ENSRNOG00000065156,,ensembl
LOC691778,LOC691778,symbol
ENSRNOG00000067516,,ensembl
ENSRNOG00000064415,,ensembl
ENSRNOG00000066971,,ensembl
ENSRNOG00000067603,,ensembl
LOC100359793,LOC100359793,symbol
ENSRNOG00000062915,,ensembl
ENSRNOG00000066281,,ensembl
LOC691815,LOC691815,symbol
ENSRNOG00000065406,,ensembl
ENSRNOG00000067897,,ensembl
ENSRNOG00000066892,,ensembl
ENSRNOG00000064349,,ensembl
ENSRNOG00000065952,,ensembl
RGD1560842,RGD1560842,symbol
LOC100360610,LOC100360610,symbol
LOC100360761,LOC100360761,symbol
ENSRNOG00000069838,,ensembl
ENSRNOG00000064207,,ensembl
AABR07065781.1,AABR07065781.1,symbol
AABR07065782.1,AABR07065782.1,symbol
ENSRNOG00000065459,,ensembl
LOC100361324,LOC100361324,symbol
ENSRNOG00000069444,,ensembl
ENSRNOG00000062657,,ensembl
ENSRNOG00000066380,,ensembl
ENSRNOG00000063341,,ensembl
ENSRNOG00000070054,,ensembl
ENSRNOG00000069940,,ensembl
ENSRNOG00000071152,,ensembl
ENSRNOG00000065283,,ensembl
ENSRNOG00000064886,,ensembl
AABR07065789.1,AABR07065789.1,symbol
ENSRNOG00000068279,,ensembl
ENSRNOG00000070156,,ensembl
ENSRNOG00000062594,,ensembl
ENSRNOG00000070729,,ensembl
ENSRNOG00000065040,,ensembl
ENSRNOG00000068908,,ensembl
ENSRNOG00000070415,,ensembl
ENSRNOG00000070455,,ensembl
AABR07065808.1,AABR07065808.1,symbol
ENSRNOG00000067259,,ensembl
ENSRNOG00000069750,,ensembl
ENSRNOG00000071091,,ensembl
AABR07065812.2,AABR07065812.2,symbol
ENSRNOG00000069909,,ensembl
ENSRNOG00000068059,,ensembl
ENSRNOG00000070816,,ensembl
AABR07065813.1,AABR07065813.1,symbol
ENSRNOG00000066590,,ensembl
AABR07065814.2,AABR07065814.2,symbol
ENSRNOG00000068696,,ensembl
ENSRNOG00000070047,,ensembl
ENSRNOG00000063672,,ensembl
ENSRNOG00000070891,,ensembl
ENSRNOG00000068413,,ensembl
ENSRNOG00000067766,,ensembl
ENSRNOG00000062820,,ensembl
ENSRNOG00000066076,,ensembl
ENSRNOG00000069751,,ensembl
ENSRNOG00000063713,,ensembl
ENSRNOG00000069250,,ensembl
ENSRNOG00000063523,,ensembl
ENSRNOG00000069071,,ensembl
LOC120093318,LOC120093318,symbol
ENSRNOG00000064873,,ensembl
AABR07065823.2,AABR07065823.2,symbol
ENSRNOG00000067551,,ensembl
Igh-6-ps1,Igh-6-ps1,symbol
ENSRNOG00000070949,,ensembl
ENSRNOG00000066926,,ensembl
ENSRNOG00000069868,,ensembl
ENSRNOG00000064490,,ensembl
ENSRNOG00000064626,,ensembl
ENSRNOG00000070933,,ensembl
ENSRNOG00000063171,,ensembl
ENSRNOG00000068813,,ensembl
ENSRNOG00000065690,,ensembl
ENSRNOG00000062685,,ensembl
ENSRNOG00000067643,,ensembl
LOC102546716,LOC102546716,symbol
ENSRNOG00000067504,,ensembl
ENSRNOG00000068734,,ensembl
ENSRNOG00000067279,,ensembl
ENSRNOG00000063056,,ensembl
ENSRNOG00000063549,,ensembl
ENSRNOG00000062324,,ensembl
ENSRNOG00000070832,,ensembl
ENSRNOG00000065115,,ensembl
ENSRNOG00000067034,,ensembl
ENSRNOG00000067010,,ensembl
ENSRNOG00000063918,,ensembl
ENSRNOG00000065191,Ighl4,ensembl
ENSRNOG00000064569,,ensembl
Zfp386,Zfp386,symbol
Vipr2,Vipr2,symbol
Dync2i1,Dync2i1,symbol
Esyt2,Esyt2,symbol
Ncapg2,Ncapg2,symbol
Ptprn2,Ptprn2,symbol
Mir153,Mir153,symbol
Rapgef5,Rapgef5,symbol
Cdca7l,Cdca7l,symbol
LOC120093422,LOC120093422,symbol
Dnah11,Dnah11,symbol
Sp4,Sp4,symbol
RGD1562420,RGD1562420,symbol
Sp8,Sp8,symbol
Abcb5,Abcb5,symbol
Itgb8,Itgb8,symbol
Macc1,Macc1,symbol
ENSRNOG00000068680,,ensembl
LOC120093304,LOC120093304,symbol
Tmem196,Tmem196,symbol
ENSRNOG00000071153,,ensembl
ENSRNOG00000065359,,ensembl
ENSRNOG00000067773,,ensembl
LOC103692755,LOC103692755,symbol
ENSRNOG00000064636,,ensembl
ENSRNOG00000065277,,ensembl
ENSRNOG00000064649,,ensembl
ENSRNOG00000067735,,ensembl
Hsd17b6,Hsd17b6,symbol
Prim1,Prim1,symbol
Naca,Naca,symbol
Ptges3,Ptges3,symbol
Atp5f1b,Atp5f1b,symbol
Snord59al1,Snord59al1,symbol
LOC120093948,LOC120093948,symbol
Baz2a,Baz2a,symbol
Rbms2,Rbms2,symbol
Gls2,Gls2,symbol
Spryd4,Spryd4,symbol
Mip,Mip,symbol
Timeless,Timeless,symbol
LOC120093897,LOC120093897,symbol
Apon,Apon,symbol
Apof,Apof,symbol
Stat2,Stat2,symbol
Il23a,Il23a,symbol
Pan2,Pan2,symbol
Cnpy2,Cnpy2,symbol
Cs,Cs,symbol
Coq10a,Coq10a,symbol
Ankrd52,Ankrd52,symbol
ENSRNOG00000068026,,ensembl
Slc39a5,Slc39a5,symbol
Nabp2,Nabp2,symbol
LOC120094016,LOC120094016,symbol
Rnf41,Rnf41,symbol
ENSRNOG00000062455,,ensembl
LOC120093962,LOC120093962,symbol
Smarcc2,Smarcc2,symbol
Myl6,Myl6,symbol
LOC120093525,LOC120093525,symbol
Esyt1,Esyt1,symbol
Rps15-ps2,Rps15-ps2,symbol
Zc3h10,Zc3h10,symbol
Pa2g4,Pa2g4,symbol
Erbb3,Erbb3,symbol
Ikzf4,Ikzf4,symbol
ENSRNOG00000064715,,ensembl
Suox,Suox,symbol
Rab5b,Rab5b,symbol
Cdk2,Cdk2,symbol
Pmel,Pmel,symbol
Dgka,Dgka,symbol
ENSRNOG00000066475,,ensembl
Pym1,Pym1,symbol
ENSRNOG00000068109,,ensembl
Mmp19,Mmp19,symbol
Tmem198b,Tmem198b,symbol
Dnajc14,Dnajc14,symbol
Ormdl2,Ormdl2,symbol
Sarnp,Sarnp,symbol
Gdf11,Gdf11,symbol
Cd63,Cd63,symbol
Bloc1s1,Bloc1s1,symbol
Itga7,Itga7,symbol
Mettl7b,Mettl7b,symbol
Olr876,Olr876,symbol
Or10p22,Or10p22,symbol
Or6c63,Or6c63,symbol
ENSRNOG00000067581,,ensembl
OR6c8,OR6c8,symbol
Or6c38,Or6c38,symbol
Olfr769,Olfr769,symbol
Or6c201,Or6c201,symbol
Or6c203b,Or6c203b,symbol
Olr908,Olr908,symbol
ENSRNOG00000070290,,ensembl
ENSRNOG00000064864,,ensembl
Or6c203,Or6c203,symbol
Or6c206,Or6c206,symbol
Or6c206,Or6c206,symbol
Or6c210-ps1,Or6c210-ps1,symbol
Or6c35,Or6c35,symbol
Or6c6i,Or6c6i,symbol
Or6c208,Or6c208,symbol
Or6c1h,Or6c1h,symbol
Or6c3d,Or6c3d,symbol
Or6c7c-ps1,Or6c7c-ps1,symbol
Olfr791,Olfr791,symbol
Or6c66f-ps1,Or6c66f-ps1,symbol
Or6c88,Or6c88,symbol
AABR07055492.1,AABR07055492.1,symbol
Or6c35f,Or6c35f,symbol
Or6c210b-ps1,Or6c210b-ps1,symbol
Or6c1f-ps1,Or6c1f-ps1,symbol
LOC120093998,LOC120093998,symbol
ENSRNOG00000064169,,ensembl
LOC288803,LOC288803,symbol
Or6c203,Or6c203,symbol
Olr920,Olr920,symbol
Or6c35d,Or6c35d,symbol
Or6c6f,Or6c6f,symbol
LOC120093978,LOC120093978,symbol
LOC120094002,LOC120094002,symbol
AABR07055943.1,AABR07055943.1,symbol
Or10u3b,Or10u3b,symbol
Or6c70,Or6c70,symbol
Or6c76b,Or6c76b,symbol
Or6c76-ps1,Or6c76-ps1,symbol
Olr936,Olr936,symbol
Or6c214b,Or6c214b,symbol
LOC120093997,LOC120093997,symbol
Olr943,Olr943,symbol
Olr947,Olr947,symbol
ENSRNOG00000067854,,ensembl
LOC120093983,LOC120093983,symbol
Olr952,Olr952,symbol
Or6c202,Or6c202,symbol
Or6c69e,Or6c69e,symbol
Or6c213f,Or6c213f,symbol
Olr951,Olr951,symbol
LOC120094003,LOC120094003,symbol
Or6c1,Or6c1,symbol
Or6c207b-ps1,Or6c207b-ps1,symbol
ENSRNOG00000064471,,ensembl
ENSRNOG00000065094,,ensembl
Olr974-ps,Olr974-ps,symbol
AABR07055527.1,AABR07055527.1,symbol
Or6c66b,Or6c66b,symbol
Or6c2c-ps1,Or6c2c-ps1,symbol
ENSRNOG00000065664,,ensembl
Or6c212,Or6c212,symbol
Olr990,Olr990,symbol
ENSRNOG00000067777,,ensembl
ENSRNOG00000070115,,ensembl
ENSRNOG00000063642,,ensembl
Olr995,Olr995,symbol
Or6c207,Or6c207,symbol
Or6c1i-ps1,Or6c1i-ps1,symbol
Or6c213c,Or6c213c,symbol
Or6c69b,Or6c69b,symbol
Olr1004-ps,Olr1004-ps,symbol
Or6c68,Or6c68,symbol
Or6c6b,Or6c6b,symbol
LOC120093980,LOC120093980,symbol
Or6c7,Or6c7,symbol
Or6c75,Or6c75,symbol
Or10p1,Or10p1,symbol
Or6c35c-ps1,Or6c35c-ps1,symbol
Or6c211,Or6c211,symbol
Or6c3b,Or6c3b,symbol
LOC120093984,LOC120093984,symbol
Or6c6d-ps1,Or6c6d-ps1,symbol
Or6c208,Or6c208,symbol
Or6c69d,Or6c69d,symbol
ENSRNOG00000069805,,ensembl
Olr1039-ps,Olr1039-ps,symbol
Olr1049,Olr1049,symbol
LOC120093999,LOC120093999,symbol
Or6c214,Or6c214,symbol
Olr1052,Olr1052,symbol
Olr1053-ps,Olr1053-ps,symbol
Or6c216,Or6c216,symbol
ENSRNOG00000066452,,ensembl
Or6c69,Or6c69,symbol
Or6c215,Or6c215,symbol
Or6c219,Or6c219,symbol
Or10u3,Or10u3,symbol
Or6c33,Or6c33,symbol
Or6c74,Or6c74,symbol
Or6c33b,Or6c33b,symbol
Olfr822,Olfr822,symbol
Or9r3b,Or9r3b,symbol
Or9r3,Or9r3,symbol
Or9r3c,Or9r3c,symbol
Or9k2,Or9k2,symbol
Or9k2b,Or9k2b,symbol
Or9k7,Or9k7,symbol
LOC120094039,LOC120094039,symbol
Neurod4,Neurod4,symbol
LOC102549817,LOC102549817,symbol
ENSRNOG00000065547,,ensembl
LOC100910577,LOC100910577,symbol
ENSRNOG00000063922,,ensembl
ENSRNOG00000065526,,ensembl
ENSRNOG00000069098,,ensembl
AABR07055789.1,AABR07055789.1,symbol
ENSRNOG00000067221,Zfp709l1,ensembl
Zfp347,Zfp347,symbol
AABR07055788.1,AABR07055788.1,symbol
LOC102550657,LOC102550657,symbol
LOC120094030,LOC120094030,symbol
Zfp709l1,Zfp709l1,symbol
ENSRNOG00000065149,,ensembl
LOC120094041,LOC120094041,symbol
ENSRNOG00000068241,Zfp790l3,ensembl
ENSRNOG00000065704,,ensembl
Znf624l,Znf624l,symbol
ENSRNOG00000070351,,ensembl
LOC100912294,LOC100912294,symbol
ENSRNOG00000062651,,ensembl
LOC100909682,LOC100909682,symbol
LOC100912294,LOC100912294,symbol
LOC100125368,LOC100125368,symbol
Ankrd24,Ankrd24,symbol
Sirt6,Sirt6,symbol
Tle6,Tle6,symbol
Tle2,Tle2,symbol
Tle5,Tle5,symbol
Gna11,Gna11,symbol
Gna15,Gna15,symbol
S1pr4,S1pr4,symbol
Ncln,Ncln,symbol
Celf5,Celf5,symbol
Nfic,Nfic,symbol
AC094643.2,AC094643.2,symbol
Smim44,Smim44,symbol
Dohh,Dohh,symbol
LOC102552770,LOC102552770,symbol
Fzr1,Fzr1,symbol
Tektip1,Tektip1,symbol
Mfsd12,Mfsd12,symbol
Hmg20b,Hmg20b,symbol
Tbxa2r,Tbxa2r,symbol
ENSRNOG00000065275,,ensembl
Cactin,Cactin,symbol
Pip5k1c,Pip5k1c,symbol
Tjp3,Tjp3,symbol
Apba3,Apba3,symbol
Mrpl54,Mrpl54,symbol
Matk,Matk,symbol
Zfr2,Zfr2,symbol
Atcay,Atcay,symbol
Nmrk2,Nmrk2,symbol
Dapk3,Dapk3,symbol
Eef2,Eef2,symbol
Snord37l,Snord37l,symbol
Pias4,Pias4,symbol
Zbtb7a,Zbtb7a,symbol
Map2k2,Map2k2,symbol
Creb3l3,Creb3l3,symbol
Thop1,Thop1,symbol
Sgta,Sgta,symbol
Slc39a3,Slc39a3,symbol
Diras1,Diras1,symbol
Gng7,Gng7,symbol
ENSRNOG00000069272,,ensembl
ENSRNOG00000064557,,ensembl
Gadd45b,Gadd45b,symbol
Lmnb2,Lmnb2,symbol
Timm13,Timm13,symbol
Tmprss9,Tmprss9,symbol
Sppl2b,Sppl2b,symbol
Lsm7,Lsm7,symbol
Lingo3,Lingo3,symbol
Oaz1,Oaz1,symbol
ENSRNOG00000063924,,ensembl
Jsrp1,Jsrp1,symbol
Amh,Amh,symbol
Sf3a2,Sf3a2,symbol
Dot1l,Dot1l,symbol
Ap3d1,Ap3d1,symbol
Izumo4,Izumo4,symbol
Mob3a,Mob3a,symbol
Mknk2,Mknk2,symbol
Btbd2,Btbd2,symbol
Csnk1g2,Csnk1g2,symbol
Adat3,Adat3,symbol
Scamp4,Scamp4,symbol
Abhd17a,Abhd17a,symbol
Klf16,Klf16,symbol
Rexo1,Rexo1,symbol
Atp8b3,Atp8b3,symbol
Onecut3,Onecut3,symbol
LOC120093905,LOC120093905,symbol
Tcf3,Tcf3,symbol
ENSRNOG00000068480,,ensembl
Uqcr11,Uqcr11,symbol
Mbd3,Mbd3,symbol
Mex3d,Mex3d,symbol
Plk5,Plk5,symbol
Adamtsl5,Adamtsl5,symbol
Reep6,Reep6,symbol
Pcsk4,Pcsk4,symbol
Apc2,Apc2,symbol
Rps15,Rps15,symbol
Cirbp,Cirbp,symbol
Gamt,Gamt,symbol
Ndufs7,Ndufs7,symbol
Pwwp3a,Pwwp3a,symbol
Efna2,Efna2,symbol
Midn,Midn,symbol
Atp5f1d,Atp5f1d,symbol
Cbarp,Cbarp,symbol
Stk11,Stk11,symbol
Sbno2,Sbno2,symbol
Gpx4,Gpx4,symbol
Polr2e,Polr2e,symbol
Arhgap45,Arhgap45,symbol
Abca7,Abca7,symbol
Cnn2,Cnn2,symbol
Tmem259,Tmem259,symbol
LOC120094051,LOC120094051,symbol
Grin3b,Grin3b,symbol
Wdr18,Wdr18,symbol
Arid3a,Arid3a,symbol
Kiss1r,Kiss1r,symbol
R3hdm4,R3hdm4,symbol
ENSRNOG00000065596,,ensembl
LOC120094052,LOC120094052,symbol
Med16,Med16,symbol
Cfd,Cfd,symbol
Elane,Elane,symbol
Prtn3,Prtn3,symbol
Plppr3,Plppr3,symbol
ENSRNOG00000069136,,ensembl
Ptbp1,Ptbp1,symbol
Misp,Misp,symbol
Palm,Palm,symbol
Prss57,Prss57,symbol
Fstl3,Fstl3,symbol
Rnf126,Rnf126,symbol
Fgf22,Fgf22,symbol
ENSRNOG00000066130,,ensembl
Polrmt,Polrmt,symbol
Hcn2,Hcn2,symbol
Bsg,Bsg,symbol
Gzmm,Gzmm,symbol
Cdc34,Cdc34,symbol
Tpgs1,Tpgs1,symbol
Madcam1,Madcam1,symbol
Odf3l2,Odf3l2,symbol
Shc2,Shc2,symbol
C2cd4c,C2cd4c,symbol
Theg,Theg,symbol
Mier2,Mier2,symbol
ENSRNOG00000070264,,ensembl
Plpp2,Plpp2,symbol
ENSRNOG00000069262,,ensembl
Giot1,Giot1,symbol
Vom2r53,Vom2r53,symbol
LOC120094012,LOC120094012,symbol
LOC691170,LOC691170,symbol
Or7a44,Or7a44,symbol
Or7a41,Or7a41,symbol
Or7a35,Or7a35,symbol
Or7a36,Or7a36,symbol
Or7a36,Or7a36,symbol
Or7a38d,Or7a38d,symbol
Or7a38b,Or7a38b,symbol
Or7a38c,Or7a38c,symbol
Or7a38,Or7a38,symbol
Or7a39,Or7a39,symbol
Or7a38e,Or7a38e,symbol
Or7c70,Or7c70,symbol
Slc1a6,Slc1a6,symbol
Ccdc105,Ccdc105,symbol
Casp14,Casp14,symbol
Or1i2,Or1i2,symbol
Syde1,Syde1,symbol
Ilvbl,Ilvbl,symbol
Gapdh-ps101,Gapdh-ps101,symbol
AABR07055861.1,AABR07055861.1,symbol
Notch3,Notch3,symbol
AABR07055864.2,AABR07055864.2,symbol
Ephx3,Ephx3,symbol
Brd4,Brd4,symbol
Akap8,Akap8,symbol
Akap8l,Akap8l,symbol
Wiz,Wiz,symbol
Rasal3,Rasal3,symbol
Pglyrp2,Pglyrp2,symbol
Cyp4f39,Cyp4f39,symbol
Cyp4f5,Cyp4f5,symbol
Cyp4f37,Cyp4f37,symbol
ENSRNOG00000068651,,ensembl
ENSRNOG00000067067,,ensembl
Cyp4f40,Cyp4f40,symbol
Cyp4f4,Cyp4f4,symbol
LOC102546572,LOC102546572,symbol
ENSRNOG00000068204,,ensembl
LOC120093963,LOC120093963,symbol
Zfp799,Zfp799,symbol
ENSRNOG00000064392,,ensembl
ENSRNOG00000067761,,ensembl
Zfp870,Zfp870,symbol
Cyp4f1,Cyp4f1,symbol
Cyp4f6,Cyp4f6,symbol
LOC102548621,LOC102548621,symbol
Zfp472,Zfp472,symbol
Zfp952,Zfp952,symbol
Zfp763,Zfp763,symbol
Zfp101,Zfp101,symbol
RGD1310212,RGD1310212,symbol
LOC120093915,LOC120093915,symbol
RGD1560687,RGD1560687,symbol
Zfp563,Zfp563,symbol
Morc2b,Morc2b,symbol
Olr1090,Olr1090,symbol
Or10h1,Or10h1,symbol
Olr1092,Olr1092,symbol
Olr1093,Olr1093,symbol
ENSRNOG00000065217,,ensembl
LOC120093538,LOC120093538,symbol
ENSRNOG00000067887,,ensembl
LOC691422,LOC691422,symbol
ENSRNOG00000066139,,ensembl
LOC108348125,LOC108348125,symbol
Zfp955a,Zfp955a,symbol
LOC120093759,LOC120093759,symbol
Or10h1d,Or10h1d,symbol
Vom2r54,Vom2r54,symbol
Vom2r55,Vom2r55,symbol
ENSRNOG00000065067,,ensembl
LOC120094045,LOC120094045,symbol
RGD1560291,RGD1560291,symbol
Zscan4f,Zscan4f,symbol
Vom1r106,Vom1r106,symbol
Vom1r107,Vom1r107,symbol
Vom1r108,Vom1r108,symbol
Zfp494,Zfp494,symbol
AABR07056013.1,AABR07056013.1,symbol
Actl9,Actl9,symbol
Nfilz,Nfilz,symbol
Adamts10,Adamts10,symbol
Myo1f,Myo1f,symbol
Pram1,Pram1,symbol
Hnrnpm,Hnrnpm,symbol
Marchf2,Marchf2,symbol
Rab11b,Rab11b,symbol
RGD1564744,RGD1564744,symbol
Angptl4,Angptl4,symbol
Kank3,Kank3,symbol
Rps28,Rps28,symbol
Cd320,Cd320,symbol
LOC108348097,LOC108348097,symbol
ENSRNOG00000067814,,ensembl
LOC102551633,LOC102551633,symbol
RGD1565071,RGD1565071,symbol
ENSRNOG00000070186,,ensembl
ENSRNOG00000066006,,ensembl
ENSRNOG00000067350,,ensembl
Vom2r57,Vom2r57,symbol
Vom2r57,Vom2r57,symbol
LOC300308,LOC300308,symbol
LOC103692795,LOC103692795,symbol
AABR07056390.1,AABR07056390.1,symbol
ENSRNOG00000067996,,ensembl
LOC120093114,LOC120093114,symbol
LOC120093094,LOC120093094,symbol
ENSRNOG00000063997,,ensembl
ENSRNOG00000069203,,ensembl
ENSRNOG00000070296,,ensembl
ENSRNOG00000067334,LOC134479845,ensembl
ENSRNOG00000066156,,ensembl
ENSRNOG00000067411,,ensembl
ENSRNOG00000063083,,ensembl
ENSRNOG00000064438,,ensembl
LOC691764,LOC691764,symbol
ENSRNOG00000066225,,ensembl
LOC103690230,LOC103690230,symbol
ENSRNOG00000068522,LOC134479633,ensembl
LOC120093094,LOC120093094,symbol
ENSRNOG00000066719,,ensembl
ENSRNOG00000064881,,ensembl
ENSRNOG00000064028,,ensembl
ENSRNOG00000069936,,ensembl
RGD1564409,RGD1564409,symbol
Syn3,Syn3,symbol
Timp3,Timp3,symbol
Fbxo7,Fbxo7,symbol
LOC120093911,LOC120093911,symbol
ENSRNOG00000067346,,ensembl
Bpifc,Bpifc,symbol
Rtcb,Rtcb,symbol
Ascl4,Ascl4,symbol
RGD1563124,RGD1563124,symbol
Prdm4,Prdm4,symbol
Pwp1,Pwp1,symbol
Abtb3,Abtb3,symbol
ENSRNOG00000062414,,ensembl
Cry1,Cry1,symbol
Mterf2,Mterf2,symbol
Fhl4,Fhl4,symbol
Tmem263,Tmem263,symbol
Ric8b,Ric8b,symbol
ENSRNOG00000070437,,ensembl
Rfx4,Rfx4,symbol
Polr3b,Polr3b,symbol
Tcp11l2,Tcp11l2,symbol
Ckap4,Ckap4,symbol
Nuak1,Nuak1,symbol
LOC100910996,LOC100910996,symbol
Appl2,Appl2,symbol
Washc4,Washc4,symbol
ENSRNOG00000067692,,ensembl
Aldh1l2,Aldh1l2,symbol
ENSRNOG00000071069,,ensembl
Mir3561,Mir3561,symbol
ENSRNOG00000066910,,ensembl
ENSRNOG00000067407,,ensembl
AABR07056470.1,AABR07056470.1,symbol
Nopchap1,Nopchap1,symbol
Slc41a2,Slc41a2,symbol
ENSRNOG00000062694,,ensembl
Chst11,Chst11,symbol
LOC120093923,LOC120093923,symbol
ENSRNOG00000070723,,ensembl
Txnrd1,Txnrd1,symbol
Nfyb,Nfyb,symbol
Hcfc2,Hcfc2,symbol
Glt8d2,Glt8d2,symbol
Tdg,Tdg,symbol
Uqcc6,Uqcc6,symbol
Hsp90b1,Hsp90b1,symbol
Ttc41,Ttc41,symbol
Nt5dc3,Nt5dc3,symbol
Stab2,Stab2,symbol
LOC102550284,LOC102550284,symbol
RGD1560034,RGD1560034,symbol
Ascl1,Ascl1,symbol
Pah,Pah,symbol
Igf1,Igf1,symbol
Parpbp,Parpbp,symbol
Pmch,Pmch,symbol
Nup37,Nup37,symbol
LOC120094020,LOC120094020,symbol
Washc3,Washc3,symbol
Dram1,Dram1,symbol
Gnptab,Gnptab,symbol
Chpt1,Chpt1,symbol
Sycp3,Sycp3,symbol
LOC102554140,LOC102554140,symbol
Mybpc1,Mybpc1,symbol
Spic,Spic,symbol
Rps12l4,Rps12l4,symbol
Arl1,Arl1,symbol
Utp20,Utp20,symbol
ENSRNOG00000070615,,ensembl
Slc5a8,Slc5a8,symbol
Ano4,Ano4,symbol
AABR07056556.1,AABR07056556.1,symbol
LOC103692829,LOC103692829,symbol
Gas2l3,Gas2l3,symbol
Nr1h4,Nr1h4,symbol
LOC120093931,LOC120093931,symbol
ENSRNOG00000068987,,ensembl
Slc17a8,Slc17a8,symbol
Scyl2,Scyl2,symbol
Actr6,Actr6,symbol
ENSRNOG00000065049,,ensembl
Bltp3b,Bltp3b,symbol
ENSRNOG00000064413,,ensembl
Anks1b,Anks1b,symbol
LOC120094026,LOC120094026,symbol
LOC120093926,LOC120093926,symbol
Apaf1,Apaf1,symbol
Ikbip,Ikbip,symbol
Tmpo,Tmpo,symbol
Snora53,Snora53,symbol
ENSRNOG00000062597,LOC134479859,ensembl
ENSRNOG00000064198,,ensembl
AABR07056611.1,AABR07056611.1,symbol
LOC120093956,LOC120093956,symbol
Mir135a,Mir135a,symbol
Mir1251,Mir1251,symbol
Nedd1,Nedd1,symbol
LOC120094015,LOC120094015,symbol
Cfap54,Cfap54,symbol
Cdk17,Cdk17,symbol
Elk3,Elk3,symbol
ENSRNOG00000063544,,ensembl
Lta4h,Lta4h,symbol
Hal,Hal,symbol
Amdhd1,Amdhd1,symbol
Ccdc38,Ccdc38,symbol
Snrpf,Snrpf,symbol
Ntn4,Ntn4,symbol
ENSRNOG00000068255,,ensembl
Usp44,Usp44,symbol
Metap2,Metap2,symbol
Mir331,Mir331,symbol
Vezt,Vezt,symbol
Fgd6,Fgd6,symbol
Nr2c1,Nr2c1,symbol
Ndufa12,Ndufa12,symbol
ENSRNOG00000065012,,ensembl
Tmcc3,Tmcc3,symbol
ENSRNOG00000062722,,ensembl
LOC100363642,LOC100363642,symbol
Plxnc1,Plxnc1,symbol
Cradd,Cradd,symbol
LOC103690821,LOC103690821,symbol
Socs2,Socs2,symbol
Mrpl42,Mrpl42,symbol
ENSRNOG00000068447,,ensembl
Ube2n,Ube2n,symbol
Nudt4,Nudt4,symbol
AABR07056686.1,AABR07056686.1,symbol
ENSRNOG00000063295,,ensembl
Eea1,Eea1,symbol
LOC120093990,LOC120093990,symbol
ENSRNOG00000065097,,ensembl
Btg1,Btg1,symbol
ENSRNOG00000070151,,ensembl
U2l2,U2l2,symbol
ENSRNOG00000068905,,ensembl
U2l1,U2l1,symbol
Dcn,Dcn,symbol
Lum,Lum,symbol
Kera,Kera,symbol
Epyc,Epyc,symbol
Ccer1,Ccer1,symbol
LOC120093993,LOC120093993,symbol
ENSRNOG00000065442,,ensembl
Atp2b1,Atp2b1,symbol
Poc1b,Poc1b,symbol
ENSRNOG00000068918,,ensembl
ENSRNOG00000069237,,ensembl
Dusp6,Dusp6,symbol
ENSRNOG00000067092,,ensembl
ENSRNOG00000064274,,ensembl
RGD1565753,RGD1565753,symbol
Kitlg,Kitlg,symbol
LOC120093971,LOC120093971,symbol
Tmtc3,Tmtc3,symbol
Cep290,Cep290,symbol
RGD1307947,RGD1307947,symbol
LOC500827,LOC500827,symbol
Mir3059,Mir3059,symbol
AABR07056845.1,AABR07056845.1,symbol
ENSRNOG00000062841,,ensembl
Mgat4c,Mgat4c,symbol
Nts,Nts,symbol
Rassf9,Rassf9,symbol
Alx1,Alx1,symbol
ENSRNOG00000067044,,ensembl
ENSRNOG00000070493,,ensembl
Lrriq1,Lrriq1,symbol
LOC120094005,LOC120094005,symbol
Slc6a15,Slc6a15,symbol
LOC120093967,LOC120093967,symbol
LOC120093901,LOC120093901,symbol
LOC120093907,LOC120093907,symbol
LOC120094007,LOC120094007,symbol
LOC120094000,LOC120094000,symbol
Tmtc2,Tmtc2,symbol
LOC120093898,LOC120093898,symbol
Mettl25,Mettl25,symbol
Ccdc59,Ccdc59,symbol
ENSRNOG00000063471,,ensembl
Ppfia2,Ppfia2,symbol
Acss3,Acss3,symbol
LOC120094001,LOC120094001,symbol
Lin7a,Lin7a,symbol
LOC120094046,LOC120094046,symbol
Myf5,Myf5,symbol
Myf6,Myf6,symbol
Ptprq,Ptprq,symbol
Otogl,Otogl,symbol
Ppp1r12a,Ppp1r12a,symbol
Pawr,Pawr,symbol
LOC120093977,LOC120093977,symbol
Syt1,Syt1,symbol
Brcc3dc,Brcc3dc,symbol
Nav3,Nav3,symbol
E2f7,E2f7,symbol
ENSRNOG00000066930,,ensembl
ENSRNOG00000063668,,ensembl
ENSRNOG00000065585,,ensembl
LOC120093928,LOC120093928,symbol
Csrp2,Csrp2,symbol
Zdhhc17,Zdhhc17,symbol
LOC120093925,LOC120093925,symbol
Osbpl8,Osbpl8,symbol
ENSRNOG00000062798,,ensembl
Bbs10,Bbs10,symbol
Nap1l1,Nap1l1,symbol
LOC120093965,LOC120093965,symbol
Phlda1,Phlda1,symbol
Krr1,Krr1,symbol
Glipr1,Glipr1,symbol
LOC120093588,LOC120093588,symbol
Glipr1l2,Glipr1l2,symbol
Glipr1l1,Glipr1l1,symbol
Caps2,Caps2,symbol
Kcnc2,Kcnc2,symbol
LOC120093919,LOC120093919,symbol
ENSRNOG00000066464,,ensembl
Atxn7l3b,Atxn7l3b,symbol
LOC120093996,LOC120093996,symbol
LOC120093950,LOC120093950,symbol
Trhde,Trhde,symbol
ENSRNOG00000065559,,ensembl
Tph2,Tph2,symbol
Tbc1d15,Tbc1d15,symbol
ENSRNOG00000064036,,ensembl
Rab21,Rab21,symbol
ENSRNOG00000067787,,ensembl
Tmem19,Tmem19,symbol
Thap2,Thap2,symbol
Zfc3h1,Zfc3h1,symbol
LOC120093959,LOC120093959,symbol
LOC120093850,LOC120093850,symbol
Lgr5,Lgr5,symbol
AABR07057170.1,AABR07057170.1,symbol
ENSRNOG00000067222,,ensembl
Tspan8,Tspan8,symbol
LOC120093938,LOC120093938,symbol
LOC102551386,LOC102551386,symbol
Ptprr,Ptprr,symbol
Taf7l-ps1,Taf7l-ps1,symbol
Ptprb,Ptprb,symbol
Kcnmb4,Kcnmb4,symbol
ENSRNOG00000064728,,ensembl
Cnot2,Cnot2,symbol
ENSRNOG00000069255,,ensembl
Myrfl,Myrfl,symbol
Rab3ip,Rab3ip,symbol
ENSRNOG00000066781,,ensembl
Best3,Best3,symbol
Rtcb-ps1,Rtcb-ps1,symbol
Lrrc10,Lrrc10,symbol
Cct2,Cct2,symbol
Frs2,Frs2,symbol
ENSRNOG00000068271,,ensembl
ENSRNOG00000070482,,ensembl
Yeats4,Yeats4,symbol
RGD1306474,RGD1306474,symbol
Lyc2,Lyc2,symbol
Lyz2,Lyz2,symbol
LOC120093975,LOC120093975,symbol
Cpsf6,Cpsf6,symbol
ENSRNOG00000065265,,ensembl
LOC120093899,LOC120093899,symbol
Cpm,Cpm,symbol
Mdm2,Mdm2,symbol
Slc35e3,Slc35e3,symbol
Nup107,Nup107,symbol
Rap1b,Rap1b,symbol
ENSRNOG00000062386,,ensembl
ENSRNOG00000066167,,ensembl
AABR07057217.1,AABR07057217.1,symbol
Mdm1,Mdm1,symbol
Il22,Il22,symbol
Ifng,Ifng,symbol
Dyrk2,Dyrk2,symbol
Cand1,Cand1,symbol
Metazoa_SRP,Metazoa_SRP,symbol
LOC100362798,LOC100362798,symbol
Grip1,Grip1,symbol
Helb,Helb,symbol
Irak3,Irak3,symbol
Tmbim4,Tmbim4,symbol
Llph-ps1,Llph-ps1,symbol
Hmga2,Hmga2,symbol
LOC120093989,LOC120093989,symbol
ENSRNOG00000068682,,ensembl
Msrb3,Msrb3,symbol
Lemd3,Lemd3,symbol
Wif1,Wif1,symbol
RGD1561871,RGD1561871,symbol
Tbc1d30,Tbc1d30,symbol
Gns,Gns,symbol
Rassf3,Rassf3,symbol
Tbk1,Tbk1,symbol
Xpot,Xpot,symbol
C7h12orf56,C7h12orf56,symbol
Kics2,Kics2,symbol
Srgap1,Srgap1,symbol
LOC120093867,LOC120093867,symbol
ENSRNOG00000065562,,ensembl
LOC120093868,LOC120093868,symbol
LOC120093869,LOC120093869,symbol
LOC120093621,LOC120093621,symbol
Rxylt1,Rxylt1,symbol
Avpr1a,Avpr1a,symbol
Ppm1h,Ppm1h,symbol
AABR07057353.2,AABR07057353.2,symbol
ENSRNOG00000063265,,ensembl
Mirlet7i,Mirlet7i,symbol
Mon2,Mon2,symbol
ENSRNOG00000068896,,ensembl
ENSRNOG00000062542,,ensembl
Usp15,Usp15,symbol
Snora19,Snora19,symbol
Snora19,Snora19,symbol
Tafa2,Tafa2,symbol
LOC120093624,LOC120093624,symbol
LOC120093987,LOC120093987,symbol
LOC500845,LOC500845,symbol
ENSRNOG00000068660,,ensembl
ENSRNOG00000071046,,ensembl
Slc16a7,Slc16a7,symbol
ENSRNOG00000064117,,ensembl
ENSRNOG00000031425,,ensembl
Lrig3,Lrig3,symbol
RGD1564306,RGD1564306,symbol
LOC120093981,LOC120093981,symbol
LOC102557532,LOC102557532,symbol
Atp23,Atp23,symbol
ENSRNOG00000066622,,ensembl
LOC108351472,LOC108351472,symbol
Ctdsp2,Ctdsp2,symbol
Mir26a-2,Mir26a-2,symbol
Avil,Avil,symbol
Tsfm,Tsfm,symbol
Eef1akmt3,Eef1akmt3,symbol
Mettl1,Mettl1,symbol
Cyp27b1,Cyp27b1,symbol
AABR07057423.1,AABR07057423.1,symbol
Cdk4,Cdk4,symbol
Tspan31,Tspan31,symbol
Agap2,Agap2,symbol
Os9,Os9,symbol
RGD1565117,RGD1565117,symbol
B4galnt1,B4galnt1,symbol
Slc26a10,Slc26a10,symbol
Arhgef25,Arhgef25,symbol
Dtx3,Dtx3,symbol
Pip4k2c,Pip4k2c,symbol
Kif5a,Kif5a,symbol
ENSRNOG00000069110,,ensembl
Dctn2,Dctn2,symbol
Mbd6,Mbd6,symbol
Ddit3,Ddit3,symbol
Mars1,Mars1,symbol
Arhgap9,Arhgap9,symbol
Gli1,Gli1,symbol
Inhbe,Inhbe,symbol
Inhbc,Inhbc,symbol
R3hdm2,R3hdm2,symbol
LOC120093917,LOC120093917,symbol
Stac3,Stac3,symbol
Ndufa4l2,Ndufa4l2,symbol
Shmt2,Shmt2,symbol
Nxph4,Nxph4,symbol
Lrp1,Lrp1,symbol
Stat6,Stat6,symbol
Nemp1,Nemp1,symbol
Nab2,Nab2,symbol
ENSRNOG00000069930,,ensembl
Myo1a,Myo1a,symbol
Tac3,Tac3,symbol
Zbtb39,Zbtb39,symbol
Gpr182,Gpr182,symbol
Rdh16,Rdh16,symbol
ENSRNOG00000067654,LOC134479803,ensembl
Rdh7,Rdh7,symbol
ENSRNOG00000069570,,ensembl
Sdr9c7,Sdr9c7,symbol
Uqcrb,Uqcrb,symbol
Mterf3,Mterf3,symbol
LOC120093896,LOC120093896,symbol
Ptdss1,Ptdss1,symbol
AABR07057438.1,AABR07057438.1,symbol
Sdc2,Sdc2,symbol
Metazoa_SRP,Metazoa_SRP,symbol
Cpq,Cpq,symbol
LOC120094055,LOC120094055,symbol
Tspyl5,Tspyl5,symbol
RGD1562404,RGD1562404,symbol
LOC120093916,LOC120093916,symbol
ENSRNOG00000066306,,ensembl
Mtdh,Mtdh,symbol
ENSRNOG00000068626,,ensembl
Laptm4b,Laptm4b,symbol
Matn2,Matn2,symbol
Rpl30,Rpl30,symbol
LOC120093957,LOC120093957,symbol
LOC120093944,LOC120093944,symbol
Erich5,Erich5,symbol
Rida,Rida,symbol
Pop1,Pop1,symbol
LOC120093927,LOC120093927,symbol
Nipal2,Nipal2,symbol
LOC120093976,LOC120093976,symbol
Kcns2,Kcns2,symbol
Stk3,Stk3,symbol
Osr2,Osr2,symbol
Vps13b,Vps13b,symbol
Atmin-ps2,Atmin-ps2,symbol
Mir875,Mir875,symbol
Cox6c,Cox6c,symbol
RGD1565056,RGD1565056,symbol
Rgs22,Rgs22,symbol
ENSRNOG00000063604,,ensembl
Fbxo43,Fbxo43,symbol
LOC120093974,LOC120093974,symbol
Polr2k,Polr2k,symbol
Spag1,Spag1,symbol
ENSRNOG00000064780,,ensembl
LOC120094040,LOC120094040,symbol
Rnf19a,Rnf19a,symbol
ENSRNOG00000067667,,ensembl
Ankrd46,Ankrd46,symbol
Snx31,Snx31,symbol
ENSRNOG00000067729,,ensembl
Pabpc1,Pabpc1,symbol
LOC362901,LOC362901,symbol
Ywhaz,Ywhaz,symbol
Zfp706,Zfp706,symbol
Grhl2,Grhl2,symbol
Ncald,Ncald,symbol
ENSRNOG00000062671,,ensembl
Rrm2b,Rrm2b,symbol
Ubr5,Ubr5,symbol
ENSRNOG00000066702,,ensembl
ENSRNOG00000069623,,ensembl
Odf1,Odf1,symbol
Klf10,Klf10,symbol
ENSRNOG00000070152,,ensembl
Azin1,Azin1,symbol
Atp6v1c1,Atp6v1c1,symbol
Baalc,Baalc,symbol
Fzd6,Fzd6,symbol
LOC120094004,LOC120094004,symbol
Cthrc1,Cthrc1,symbol
Slc25a32,Slc25a32,symbol
Dcaf13,Dcaf13,symbol
Rims2,Rims2,symbol
LOC120093966,LOC120093966,symbol
Dcstamp,Dcstamp,symbol
Dpys,Dpys,symbol
Lrp12,Lrp12,symbol
LOC120094033,LOC120094033,symbol
LOC682793,LOC682793,symbol
ENSRNOG00000067069,,ensembl
Zfpm2,Zfpm2,symbol
Oxr1,Oxr1,symbol
Rpl31-ps4,Rpl31-ps4,symbol
LOC120094047,LOC120094047,symbol
Abra,Abra,symbol
LOC120093954,LOC120093954,symbol
LOC120094010,LOC120094010,symbol
LOC120094048,LOC120094048,symbol
LOC120094034,LOC120094034,symbol
LOC103692897,LOC103692897,symbol
ENSRNOG00000068130,,ensembl
Angpt1,Angpt1,symbol
LOC120093933,LOC120093933,symbol
Rspo2,Rspo2,symbol
Eif3e,Eif3e,symbol
Emc2,Emc2,symbol
LOC120094042,LOC120094042,symbol
Tmem74,Tmem74,symbol
LOC120094049,LOC120094049,symbol
Trhr,Trhr,symbol
LOC120094006,LOC120094006,symbol
Nudcd1,Nudcd1,symbol
Eny2,Eny2,symbol
Pkhd1l1,Pkhd1l1,symbol
Ebag9,Ebag9,symbol
Sybu,Sybu,symbol
Smg5l1,Smg5l1,symbol
LOC120094031,LOC120094031,symbol
LOC120093973,LOC120093973,symbol
Kcnv1,Kcnv1,symbol
ENSRNOG00000063900,,ensembl
ENSRNOG00000065523,,ensembl
Csmd3,Csmd3,symbol
ENSRNOG00000069033,,ensembl
LOC120093991,LOC120093991,symbol
LOC120094013,LOC120094013,symbol
LOC120093943,LOC120093943,symbol
Trps1,Trps1,symbol
Mir1907,Mir1907,symbol
Eif3h,Eif3h,symbol
Utp23,Utp23,symbol
Rad21,Rad21,symbol
Aard,Aard,symbol
ENSRNOG00000067469,,ensembl
AABR07057877.1,AABR07057877.1,symbol
Slc30a8,Slc30a8,symbol
LOC120094032,LOC120094032,symbol
LOC120093918,LOC120093918,symbol
LOC120093982,LOC120093982,symbol
Med30,Med30,symbol
Ext1,Ext1,symbol
Samd12,Samd12,symbol
LOC120093986,LOC120093986,symbol
LOC120093654,LOC120093654,symbol
Tnfrsf11b,Tnfrsf11b,symbol
LOC120094018,LOC120094018,symbol
Colec10,Colec10,symbol
Mal2,Mal2,symbol
ENSRNOG00000062815,,ensembl
Ccn3,Ccn3,symbol
LOC120093970,LOC120093970,symbol
Enpp2,Enpp2,symbol
Taf2,Taf2,symbol
Dscc1,Dscc1,symbol
LOC100359421,LOC100359421,symbol
ENSRNOG00000069733,,ensembl
Deptor,Deptor,symbol
LOC120093932,LOC120093932,symbol
LOC120093939,LOC120093939,symbol
AABR07057946.1,AABR07057946.1,symbol
Col14a1,Col14a1,symbol
Mrpl13,Mrpl13,symbol
Mtbp,Mtbp,symbol
ENSRNOG00000066534,,ensembl
ENSRNOG00000070673,,ensembl
Sntb1,Sntb1,symbol
Has2,Has2,symbol
ENSRNOG00000069488,LOC108351495,ensembl
ENSRNOG00000069184,,ensembl
Slc22a22,Slc22a22,symbol
ENSRNOG00000063076,Slc25a5l1,ensembl
AABR07057997.1,AABR07057997.1,symbol
LOC120093906,LOC120093906,symbol
Zhx2,Zhx2,symbol
ENSRNOG00000069026,,ensembl
Derl1,Derl1,symbol
Tbc1d31,Tbc1d31,symbol
LOC690840,LOC690840,symbol
Fam83a,Fam83a,symbol
LOC120093813,LOC120093813,symbol
RGD1310852,RGD1310852,symbol
Zhx1,Zhx1,symbol
ENSRNOG00000065001,,ensembl
Atad2,Atad2,symbol
Ntaq1,Ntaq1,symbol
LOC120093937,LOC120093937,symbol
LOC120094017,LOC120094017,symbol
ENSRNOG00000065676,,ensembl
Fbxo32,Fbxo32,symbol
Klhl38,Klhl38,symbol
Anxa13,Anxa13,symbol
Fam91a1,Fam91a1,symbol
Fer1l6,Fer1l6,symbol
ENSRNOG00000071071,,ensembl
Tmem65,Tmem65,symbol
LOC120093985,LOC120093985,symbol
ENSRNOG00000067261,,ensembl
AABR07058017.2,AABR07058017.2,symbol
Trmt12,Trmt12,symbol
Ndufb9,Ndufb9,symbol
Tatdn1,Tatdn1,symbol
Mtss1,Mtss1,symbol
ENSRNOG00000062650,,ensembl
ENSRNOG00000063593,,ensembl
ENSRNOG00000066441,,ensembl
Sqle,Sqle,symbol
Washc5,Washc5,symbol
Nsmce2,Nsmce2,symbol
Trib1,Trib1,symbol
LOC120094053,LOC120094053,symbol
LOC500876,LOC500876,symbol
LOC120093914,LOC120093914,symbol
RGD1563100,RGD1563100,symbol
LOC120094056,LOC120094056,symbol
ENSRNOG00000070536,,ensembl
LOC120093988,LOC120093988,symbol
AABR07058124.2,AABR07058124.2,symbol
LOC500877,LOC500877,symbol
Lratd2,Lratd2,symbol
LOC362921,LOC362921,symbol
A1bg,A1bg,symbol
LOC120094054,LOC120094054,symbol
LOC120093860,LOC120093860,symbol
Myc,Myc,symbol
LOC120094019,LOC120094019,symbol
LOC120094009,LOC120094009,symbol
Gsdmc,Gsdmc,symbol
RGD1359449,RGD1359449,symbol
Cyrib,Cyrib,symbol
ENSRNOG00000067467,,ensembl
ENSRNOG00000066189,,ensembl
Asap1,Asap1,symbol
Adcy8,Adcy8,symbol
ENSRNOG00000069501,,ensembl
LOC120093969,LOC120093969,symbol
Efr3a,Efr3a,symbol
Oc90,Oc90,symbol
AABR07058254.1,AABR07058254.1,symbol
Kcnq3,Kcnq3,symbol
Dnaaf11,Dnaaf11,symbol
ENSRNOG00000070626,,ensembl
Rabggta-ps2,Rabggta-ps2,symbol
Tmem71,Tmem71,symbol
Phf20l1,Phf20l1,symbol
ENSRNOG00000062824,,ensembl
LOC120094027,LOC120094027,symbol
Tg,Tg,symbol
Sla,Sla,symbol
Ccn4,Ccn4,symbol
Ndrg1,Ndrg1,symbol
St3gal1,St3gal1,symbol
AABR07058284.1,AABR07058284.1,symbol
ENSRNOG00000064283,,ensembl
ENSRNOG00000067606,,ensembl
Zfat,Zfat,symbol
ENSRNOG00000068721,,ensembl
Mir30b,Mir30b,symbol
Mir30d,Mir30d,symbol
ENSRNOG00000070314,,ensembl
ENSRNOG00000070681,,ensembl
Khdrbs3,Khdrbs3,symbol
ENSRNOG00000069543,,ensembl
LOC120094008,LOC120094008,symbol
LOC120093934,LOC120093934,symbol
LOC120093935,LOC120093935,symbol
Rps19l1,Rps19l1,symbol
ENSRNOG00000068902,,ensembl
Fam135b,Fam135b,symbol
Col22a1,Col22a1,symbol
LOC120094038,LOC120094038,symbol
Kcnk9,Kcnk9,symbol
Trappc9,Trappc9,symbol
LOC120093940,LOC120093940,symbol
Chrac1,Chrac1,symbol
ENSRNOG00000067326,,ensembl
Ago2,Ago2,symbol
ENSRNOG00000069814,,ensembl
Ptk2,Ptk2,symbol
Mir151b,Mir151b,symbol
LOC120093952,LOC120093952,symbol
RGD1564268,RGD1564268,symbol
Dennd3,Dennd3,symbol
Slc45a4,Slc45a4,symbol
Gpr20,Gpr20,symbol
Ptp4a3,Ptp4a3,symbol
LOC120094044,LOC120094044,symbol
Mroh5,Mroh5,symbol
Gm6569,Gm6569,symbol
AABR07058413.1,AABR07058413.1,symbol
ENSRNOG00000063363,,ensembl
Adgrb1,Adgrb1,symbol
LOC102550505,LOC102550505,symbol
Mroh4,Mroh4,symbol
LOC120093909,LOC120093909,symbol
Arc,Arc,symbol
Jrk,Jrk,symbol
Psca,Psca,symbol
Them6,Them6,symbol
Slurp1,Slurp1,symbol
Lypd2,Lypd2,symbol
Slurp2,Slurp2,symbol
Lynx1,Lynx1,symbol
Ly6d,Ly6d,symbol
LOC120093891,LOC120093891,symbol
Ly6k,Ly6k,symbol
Gml,Gml,symbol
LOC120093683,LOC120093683,symbol
Cyp11b3,Cyp11b3,symbol
Cyp11b3,Cyp11b3,symbol
Ly6m,Ly6m,symbol
Ly6e,Ly6e,symbol
Ly6c,Ly6c,symbol
ENSRNOG00000070877,,ensembl
RGD1565410,RGD1565410,symbol
LOC300024,LOC300024,symbol
Ly6i,Ly6i,symbol
Ly6l,Ly6l,symbol
Ly6al,Ly6al,symbol
Ly6h,Ly6h,symbol
Gpihbp1,Gpihbp1,symbol
Zfp41,Zfp41,symbol
Gli4,Gli4,symbol
Top1mt,Top1mt,symbol
Rhpn1,Rhpn1,symbol
LOC120093904,LOC120093904,symbol
Mafa,Mafa,symbol
Zc3h3,Zc3h3,symbol
LOC120093992,LOC120093992,symbol
Gsdmd,Gsdmd,symbol
Mroh6,Mroh6,symbol
Naprt,Naprt,symbol
Pycr3,Pycr3,symbol
Tigd5,Tigd5,symbol
Gfus,Gfus,symbol
Zfp623,Zfp623,symbol
RNaseP_nuc,RNaseP_nuc,symbol
Zfp707l1,Zfp707l1,symbol
RNaseP_nuc,RNaseP_nuc,symbol
Ccdc166,Ccdc166,symbol
Mapk15,Mapk15,symbol
Fam83h,Fam83h,symbol
Iqank1,Iqank1,symbol
Scrib,Scrib,symbol
Puf60,Puf60,symbol
Nrbp2,Nrbp2,symbol
Eppk1,Eppk1,symbol
LOC680875,LOC680875,symbol
ENSRNOG00000063136,LOC134479927,ensembl
LOC102548374,LOC102548374,symbol
ENSRNOG00000066873,,ensembl
Plec,Plec,symbol
Parp10,Parp10,symbol
Grina,Grina,symbol
ENSRNOG00000062934,,ensembl
Spatc1,Spatc1,symbol
Smpd5,Smpd5,symbol
Oplah,Oplah,symbol
Exosc4,Exosc4,symbol
Gpaa1,Gpaa1,symbol
Cyc1,Cyc1,symbol
Sharpin,Sharpin,symbol
Maf1,Maf1,symbol
Wdr97,Wdr97,symbol
ENSRNOG00000070029,,ensembl
Hgh1,Hgh1,symbol
Tssk5,Tssk5,symbol
Mroh1,Mroh1,symbol
LOC120093924,LOC120093924,symbol
Bop1,Bop1,symbol
Scx,Scx,symbol
Hsf1,Hsf1,symbol
Dgat1,Dgat1,symbol
Scrt1,Scrt1,symbol
ENSRNOG00000069400,,ensembl
Tmem249,Tmem249,symbol
Slc52a2,Slc52a2,symbol
Adck5,Adck5,symbol
AC139605.1,AC139605.1,symbol
Cpsf1,Cpsf1,symbol
Slc39a4,Slc39a4,symbol
Vps28,Vps28,symbol
Tonsl,Tonsl,symbol
Zftraf1,Zftraf1,symbol
Kifc2,Kifc2,symbol
Foxh1,Foxh1,symbol
Ppp1r16a,Ppp1r16a,symbol
Gpt,Gpt,symbol
Mfsd3,Mfsd3,symbol
Recql4,Recql4,symbol
Lrrc14,Lrrc14,symbol
Lrrc24,Lrrc24,symbol
MGC94207,MGC94207,symbol
Arhgap39,Arhgap39,symbol
Zfp251,Zfp251,symbol
Commd5,Commd5,symbol
LOC120093953,LOC120093953,symbol
Zfp7,Zfp7,symbol
Rpl8-ps7,Rpl8-ps7,symbol
Zfp647,Zfp647,symbol
ENSRNOG00000069134,,ensembl
ENSRNOG00000063626,,ensembl
C7h8orf33,C7h8orf33,symbol
ENSRNOG00000069872,LOC134479933,ensembl
ENSRNOG00000064054,,ensembl
Mb,Mb,symbol
Rbfox2,Rbfox2,symbol
LOC120094024,LOC120094024,symbol
LOC108351606,LOC108351606,symbol
Apol9a,Apol9a,symbol
AABR07058479.1,AABR07058479.1,symbol
LOC120093819,LOC120093819,symbol
LOC120093820,LOC120093820,symbol
Pole3,Pole3,symbol
ENSRNOG00000068019,,ensembl
Apol11a,Apol11a,symbol
LOC102552424,LOC102552424,symbol
Apol3,Apol3,symbol
RGD1309808,RGD1309808,symbol
Apol2,Apol2,symbol
Myh9,Myh9,symbol
LOC120093913,LOC120093913,symbol
LOC120094023,LOC120094023,symbol
Txn2,Txn2,symbol
Foxred2,Foxred2,symbol
Eif3d,Eif3d,symbol
Cacng2,Cacng2,symbol
ENSRNOG00000070332,,ensembl
Ift27,Ift27,symbol
Pvalb,Pvalb,symbol
ENSRNOG00000070691,,ensembl
Ncf4,Ncf4,symbol
ENSRNOG00000063812,,ensembl
Csf2rb,Csf2rb,symbol
Tex33,Tex33,symbol
Tst,Tst,symbol
Mpst,Mpst,symbol
Kctd17,Kctd17,symbol
Tmprss6,Tmprss6,symbol
ENSRNOG00000063449,,ensembl
ENSRNOG00000066421,,ensembl
Il2rb,Il2rb,symbol
C1qtnf6,C1qtnf6,symbol
Sstr3,Sstr3,symbol
Rac2,Rac2,symbol
Cyth4,Cyth4,symbol
ENSRNOG00000068569,,ensembl
Elfn2,Elfn2,symbol
Mfng,Mfng,symbol
Card10,Card10,symbol
Cdc42ep1,Cdc42ep1,symbol
Lgals2,Lgals2,symbol
Gga1,Gga1,symbol
Sh3bp1,Sh3bp1,symbol
Pdxp,Pdxp,symbol
Lgals1,Lgals1,symbol
Nol12,Nol12,symbol
Triobp,Triobp,symbol
H1f0,H1f0,symbol
Gcat,Gcat,symbol
Galr3,Galr3,symbol
Ankrd54,Ankrd54,symbol
Eif3l,Eif3l,symbol
Micall1,Micall1,symbol
RGD1359634,RGD1359634,symbol
Polr2f,Polr2f,symbol
Sox10,Sox10,symbol
LOC120093688,LOC120093688,symbol
Pick1,Pick1,symbol
Slc16a8,Slc16a8,symbol
Baiap2l2,Baiap2l2,symbol
Pla2g6,Pla2g6,symbol
Maff,Maff,symbol
Tmem184b,Tmem184b,symbol
ENSRNOG00000068846,,ensembl
Csnk1e,Csnk1e,symbol
Kcnj4,Kcnj4,symbol
Kdelr3,Kdelr3,symbol
Ddx17,Ddx17,symbol
Dmc1,Dmc1,symbol
Fam227a,Fam227a,symbol
Tomm22,Tomm22,symbol
Josd1,Josd1,symbol
Gtpbp1,Gtpbp1,symbol
Sun2,Sun2,symbol
Dnal4,Dnal4,symbol
Nptxr,Nptxr,symbol
Cbx6,Cbx6,symbol
ENSRNOG00000066478,LOC102547313,ensembl
LOC120093920,LOC120093920,symbol
Apobec3,Apobec3,symbol
AC128476.2,AC128476.2,symbol
Cbx7,Cbx7,symbol
LOC120094022,LOC120094022,symbol
Pdgfb,Pdgfb,symbol
LOC120093929,LOC120093929,symbol
Rpl3,Rpl3,symbol
Snord83b,Snord83b,symbol
LOC120094021,LOC120094021,symbol
Snord43l1,Snord43l1,symbol
Syngr1,Syngr1,symbol
Mgat3,Mgat3,symbol
Tab1,Tab1,symbol
LOC120093955,LOC120093955,symbol
Mief1,Mief1,symbol
Gm55359,Gm55359,symbol
Atf4,Atf4,symbol
Rps19bp1,Rps19bp1,symbol
Cacna1i,Cacna1i,symbol
ENSRNOG00000066872,,ensembl
Enthd1,Enthd1,symbol
LOC120093994,LOC120093994,symbol
Rpl22-ps2,Rpl22-ps2,symbol
Grap2,Grap2,symbol
Fam83f,Fam83f,symbol
Tnrc6b,Tnrc6b,symbol
Rpl26-ps1,Rpl26-ps1,symbol
ENSRNOG00000065129,,ensembl
Adsl,Adsl,symbol
Srek1ip1-ps1,Srek1ip1-ps1,symbol
Sgsm3,Sgsm3,symbol
Mrtfa,Mrtfa,symbol
Mchr1,Mchr1,symbol
Slc25a17,Slc25a17,symbol
Xpnpep3,Xpnpep3,symbol
Dnajb7,Dnajb7,symbol
Rbx1,Rbx1,symbol
ENSRNOG00000070978,,ensembl
Ep300,Ep300,symbol
Ep300,Ep300,symbol
LOC120093921,LOC120093921,symbol
L3mbtl2,L3mbtl2,symbol
Chadl,Chadl,symbol
Rangap1,Rangap1,symbol
Zc3h7b,Zc3h7b,symbol
Tef,Tef,symbol
Tob2,Tob2,symbol
Phf5a,Phf5a,symbol
Aco2,Aco2,symbol
Polr3h,Polr3h,symbol
LOC102549144,LOC102549144,symbol
LOC120093958,LOC120093958,symbol
Csdc2,Csdc2,symbol
Pmm1,Pmm1,symbol
RGD1306782,RGD1306782,symbol
ENSRNOG00000069308,,ensembl
Desi1,Desi1,symbol
Xrcc6,Xrcc6,symbol
Snu13,Snu13,symbol
LOC100362109,LOC100362109,symbol
Mei1,Mei1,symbol
Ccdc134,Ccdc134,symbol
Srebf2,Srebf2,symbol
Mir33,Mir33,symbol
Shisa8,Shisa8,symbol
Tnfrsf13c,Tnfrsf13c,symbol
Cenpm,Cenpm,symbol
Smim45,Smim45,symbol
Septin3,Septin3,symbol
Wbp2nl,Wbp2nl,symbol
Naga,Naga,symbol
Pheta2,Pheta2,symbol
Smdt1,Smdt1,symbol
Ndufa6,Ndufa6,symbol
Cyp2d4,Cyp2d4,symbol
Cyp2d5,Cyp2d5,symbol
Cyp2d3,Cyp2d3,symbol
Cyp2d2,Cyp2d2,symbol
Tcf20,Tcf20,symbol
Nfam1,Nfam1,symbol
Serhl2,Serhl2,symbol
Rrp7a,Rrp7a,symbol
Poldip3,Poldip3,symbol
Rnu12-2l1,Rnu12-2l1,symbol
Cyb5r3,Cyb5r3,symbol
AABR07058366.1,AABR07058366.1,symbol
A4galt,A4galt,symbol
Arfgap3,Arfgap3,symbol
Pacsin2,Pacsin2,symbol
ENSRNOG00000068408,,ensembl
Ttll1,Ttll1,symbol
Bik,Bik,symbol
Mcat,Mcat,symbol
Tspo,Tspo,symbol
Ttll12,Ttll12,symbol
ENSRNOG00000066841,,ensembl
Scube1,Scube1,symbol
Mpped1,Mpped1,symbol
Efcab6,Efcab6,symbol
Sult4a1,Sult4a1,symbol
Pnpla5,Pnpla5,symbol
ENSRNOG00000063061,,ensembl
ENSRNOG00000064491,,ensembl
Pnpla3,Pnpla3,symbol
Samm50,Samm50,symbol
ENSRNOG00000068195,,ensembl
Parvb,Parvb,symbol
LOC120093972,LOC120093972,symbol
Parvg,Parvg,symbol
Shisal1,Shisal1,symbol
Rtl6,Rtl6,symbol
RGD1560568,RGD1560568,symbol
LOC120093900,LOC120093900,symbol
Prr5,Prr5,symbol
AABR07058578.2,AABR07058578.2,symbol
Arhgap8,Arhgap8,symbol
Phf21b,Phf21b,symbol
ENSRNOG00000064195,,ensembl
Nup50,Nup50,symbol
RGD1304694,RGD1304694,symbol
Mir1249,Mir1249,symbol
Upk3a,Upk3a,symbol
Fam118a,Fam118a,symbol
Smc1b,Smc1b,symbol
Ribc2,Ribc2,symbol
LOC120093910,LOC120093910,symbol
LOC120093908,LOC120093908,symbol
Fbln1,Fbln1,symbol
Atxn10,Atxn10,symbol
LOC120094028,LOC120094028,symbol
LOC120093968,LOC120093968,symbol
Wnt7b,Wnt7b,symbol
Mirlet7c2,Mirlet7c2,symbol
Mirlet7b,Mirlet7b,symbol
Ppara,Ppara,symbol
Cdpf1,Cdpf1,symbol
Pkdrej,Pkdrej,symbol
Ttc38,Ttc38,symbol
Gtse1,Gtse1,symbol
Trmu,Trmu,symbol
Celsr1,Celsr1,symbol
Gramd4,Gramd4,symbol
Cerk,Cerk,symbol
LOC108351584,LOC108351584,symbol
Tbc1d22a,Tbc1d22a,symbol
LOC120093936,LOC120093936,symbol
AABR07058615.1,AABR07058615.1,symbol
Tafa5,Tafa5,symbol
Zdhhc25,Zdhhc25,symbol
Brd1,Brd1,symbol
Zbed4,Zbed4,symbol
Alg12,Alg12,symbol
Creld2,Creld2,symbol
ENSRNOG00000070425,,ensembl
Pim3,Pim3,symbol
Ttll8,Ttll8,symbol
Mlc1,Mlc1,symbol
Mov10l1,Mov10l1,symbol
Panx2,Panx2,symbol
Trabd,Trabd,symbol
Selenoo,Selenoo,symbol
Tubgcp6,Tubgcp6,symbol
Hdac10,Hdac10,symbol
Mapk12,Mapk12,symbol
Mapk11,Mapk11,symbol
Plxnb2,Plxnb2,symbol
Mir349,Mir349,symbol
ENSRNOG00000066185,,ensembl
Dennd6b,Dennd6b,symbol
Ppp6r2,Ppp6r2,symbol
Sbf1,Sbf1,symbol
Adm2,Adm2,symbol
Miox,Miox,symbol
LOC120094050,LOC120094050,symbol
ENSRNOG00000064872,,ensembl
Lmf2,Lmf2,symbol
Ncaph2,Ncaph2,symbol
Tymp,Tymp,symbol
Tymp,Tymp,symbol
Odf3b,Odf3b,symbol
Klhdc7b,Klhdc7b,symbol
Syce3,Syce3,symbol
Cpt1b,Cpt1b,symbol
Chkb,Chkb,symbol
ENSRNOG00000063153,,ensembl
Mapk8ip2,Mapk8ip2,symbol
Arsa,Arsa,symbol
Shank3,Shank3,symbol
ENSRNOG00000063589,,ensembl
Acr,Acr,symbol
Rabl2,Rabl2,symbol
Syt10,Syt10,symbol
Alg10,Alg10,symbol
ENSRNOG00000070666,,ensembl
ENSRNOG00000066498,Alg10,ensembl
Cpne8,Cpne8,symbol
Kif21a,Kif21a,symbol
Abcd2,Abcd2,symbol
C7h12orf40,C7h12orf40,symbol
Slc2a13,Slc2a13,symbol
ENSRNOG00000067207,,ensembl
Lrrk2,Lrrk2,symbol
LOC120093930,LOC120093930,symbol
AC108595.1,AC108595.1,symbol
Smgc,Smgc,symbol
AC096792.1,AC096792.1,symbol
AABR07058745.1,AABR07058745.1,symbol
LOC120093941,LOC120093941,symbol
ENSRNOG00000064246,,ensembl
Cntn1,Cntn1,symbol
ENSRNOG00000064691,,ensembl
Pdzrn4,Pdzrn4,symbol
LOC120093912,LOC120093912,symbol
Snora3l1,Snora3l1,symbol
Gxylt1,Gxylt1,symbol
Yaf2,Yaf2,symbol
Zcrb1,Zcrb1,symbol
Pphln1,Pphln1,symbol
Prickle1,Prickle1,symbol
Adamts20,Adamts20,symbol
LOC108351537,LOC108351537,symbol
Pus7l,Pus7l,symbol
Irak4,Irak4,symbol
ENSRNOG00000071195,,ensembl
Twf1,Twf1,symbol
ENSRNOG00000064416,,ensembl
Tmem117,Tmem117,symbol
LOC120093979,LOC120093979,symbol
Nell2,Nell2,symbol
LOC120094043,LOC120094043,symbol
LOC120093922,LOC120093922,symbol
Dbx2,Dbx2,symbol
Ano6,Ano6,symbol
ENSRNOG00000071151,,ensembl
ENSRNOG00000065252,LOC134479559,ensembl
ENSRNOG00000067243,,ensembl
ENSRNOG00000069679,,ensembl
ENSRNOG00000063228,,ensembl
ENSRNOG00000065308,,ensembl
Arid2,Arid2,symbol
ENSRNOG00000068601,,ensembl
Scaf11,Scaf11,symbol
ENSRNOG00000066635,,ensembl
RGD1564963,RGD1564963,symbol
LOC120093945,LOC120093945,symbol
Slc38a1,Slc38a1,symbol
ENSRNOG00000068009,,ensembl
LOC120093902,LOC120093902,symbol
Slc38a2,Slc38a2,symbol
Slc38a4,Slc38a4,symbol
Amigo2,Amigo2,symbol
Pced1b,Pced1b,symbol
RGD1565798,RGD1565798,symbol
Rpap3,Rpap3,symbol
Endou,Endou,symbol
Rapgef3,Rapgef3,symbol
Slc48a1,Slc48a1,symbol
Hdac7,Hdac7,symbol
Vdr,Vdr,symbol
Tmem106c,Tmem106c,symbol
Col2a1,Col2a1,symbol
ENSRNOG00000063058,,ensembl
Senp1,Senp1,symbol
LOC120093995,LOC120093995,symbol
Pfkm,Pfkm,symbol
Asb8,Asb8,symbol
Ccdc184,Ccdc184,symbol
Or10ad1,Or10ad1,symbol
Olfr287,Olfr287,symbol
Olr1877,Olr1877,symbol
H1f7,H1f7,symbol
Zfp641,Zfp641,symbol
Or8s16,Or8s16,symbol
Or8s5,Or8s5,symbol
Or8s2,Or8s2,symbol
Or8s10,Or8s10,symbol
LOC120094029,LOC120094029,symbol
Or8s8,Or8s8,symbol
ENSRNOG00000062462,Or5bs2,ensembl
Lalba,Lalba,symbol
Or11m3,Or11m3,symbol
Kansl2,Kansl2,symbol
Snora2l2,Snora2l2,symbol
Snora2l1,Snora2l1,symbol
ENSRNOG00000067620,,ensembl
Ccnt1,Ccnt1,symbol
ENSRNOG00000069968,,ensembl
ENSRNOG00000064133,,ensembl
Tex49,Tex49,symbol
Adcy6,Adcy6,symbol
ENSRNOG00000068023,,ensembl
Cacnb3,Cacnb3,symbol
Ddx23,Ddx23,symbol
Rnd1,Rnd1,symbol
Ccdc65,Ccdc65,symbol
Fkbp11,Fkbp11,symbol
Arf3,Arf3,symbol
Wnt10b,Wnt10b,symbol
Wnt1,Wnt1,symbol
Ddn,Ddn,symbol
Prkag1,Prkag1,symbol
Prkag1,Prkag1,symbol
Rhebl1,Rhebl1,symbol
Dhh,Dhh,symbol
ENSRNOG00000069732,,ensembl
Lmbr1l,Lmbr1l,symbol
Tuba1a,Tuba1a,symbol
AC114446.1,AC114446.1,symbol
Tuba1c,Tuba1c,symbol
LOC102546594,LOC102546594,symbol
Prph,Prph,symbol
Troap,Troap,symbol
C1ql4,C1ql4,symbol
ENSRNOG00000063063,,ensembl
Dnajc22,Dnajc22,symbol
Spats2,Spats2,symbol
ENSRNOG00000064897,,ensembl
Kcnh3,Kcnh3,symbol
LOC120093942,LOC120093942,symbol
Mcrs1,Mcrs1,symbol
LOC120093946,LOC120093946,symbol
Fam186b,Fam186b,symbol
Prpf40b,Prpf40b,symbol
Fmnl3,Fmnl3,symbol
Tmbim6,Tmbim6,symbol
Nckap5l,Nckap5l,symbol
Bcdin3d,Bcdin3d,symbol
Faim2,Faim2,symbol
Aqp6,Aqp6,symbol
Aqp6,Aqp6,symbol
Aqp2,Aqp2,symbol
Aqp5,Aqp5,symbol
Racgap1,Racgap1,symbol
Asic1,Asic1,symbol
Gm17349,Gm17349,symbol
Smarcd1,Smarcd1,symbol
Gpd1,Gpd1,symbol
ENSRNOG00000067873,,ensembl
Cers5,Cers5,symbol
Lima1,Lima1,symbol
ENSRNOG00000065833,,ensembl
ENSRNOG00000068156,,ensembl
ENSRNOG00000065389,Fam186a,ensembl
Larp4,Larp4,symbol
ENSRNOG00000064308,,ensembl
Dip2b,Dip2b,symbol
Atf1,Atf1,symbol
Tmprss12,Tmprss12,symbol
LOC120093903,LOC120093903,symbol
Mettl7a,Mettl7a,symbol
Higd1c,Higd1c,symbol
Slc11a2,Slc11a2,symbol
AABR07058899.1,AABR07058899.1,symbol
Letmd1,Letmd1,symbol
Csrnp2,Csrnp2,symbol
Tfcp2,Tfcp2,symbol
Pou6f1,Pou6f1,symbol
Pou6f1,Pou6f1,symbol
ENSRNOG00000069802,,ensembl
Dazap2,Dazap2,symbol
Smagp,Smagp,symbol
Cela1,Cela1,symbol
Galnt6,Galnt6,symbol
Slc4a8,Slc4a8,symbol
Scn8a,Scn8a,symbol
ENSRNOG00000063576,,ensembl
ENSRNOG00000070294,Tmdd1,ensembl
Fignl2,Fignl2,symbol
Ankrd33,Ankrd33,symbol
Acvrl1,Acvrl1,symbol
Acvr1b,Acvr1b,symbol
Tamalin,Tamalin,symbol
ENSRNOG00000065340,,ensembl
AC119007.5,AC119007.5,symbol
ENSRNOG00000063760,,ensembl
ENSRNOG00000065176,,ensembl
Nr4a1,Nr4a1,symbol
Atg101,Atg101,symbol
Smim41,Smim41,symbol
Krt80,Krt80,symbol
Krt7,Krt7,symbol
Krt87,Krt87,symbol
Krt88,Krt88,symbol
Krt81,Krt81,symbol
Krt86,Krt86,symbol
Krt83,Krt83,symbol
Krt85,Krt85,symbol
Krt84,Krt84,symbol
Krt82,Krt82,symbol
Krt90,Krt90,symbol
Krt75,Krt75,symbol
Krt6a-ps2,Krt6a-ps2,symbol
AABR07001416.1,AABR07001416.1,symbol
LOC102553726,LOC102553726,symbol
LOC683313,LOC683313,symbol
LOC120093742,LOC120093742,symbol
Krt6a,Krt6a,symbol
Krt5,Krt5,symbol
Krt71,Krt71,symbol
ENSRNOG00000062562,,ensembl
Krt72,Krt72,symbol
Krt73,Krt73,symbol
Krt2,Krt2,symbol
Rpl4-ps1,Rpl4-ps1,symbol
Krt1,Krt1,symbol
Krt77,Krt77,symbol
Krt76,Krt76,symbol
Krt4,Krt4,symbol
Krt79,Krt79,symbol
Krt78,Krt78,symbol
Krt8,Krt8,symbol
Krt18,Krt18,symbol
Tns2,Tns2,symbol
Spryd3,Spryd3,symbol
Igfbp6,Igfbp6,symbol
Soat2,Soat2,symbol
Csad,Csad,symbol
Znf740,Znf740,symbol
Itgb7,Itgb7,symbol
Rarg,Rarg,symbol
Gm9918,Gm9918,symbol
Mfsd5,Mfsd5,symbol
Espl1,Espl1,symbol
Pfdn5,Pfdn5,symbol
Myg1,Myg1,symbol
Aaas,Aaas,symbol
Sp7,Sp7,symbol
Sp1,Sp1,symbol
Amhr2,Amhr2,symbol
Prr13,Prr13,symbol
Pcbp2,Pcbp2,symbol
Map3k12,Map3k12,symbol
Gm10337,Gm10337,symbol
Tarbp2,Tarbp2,symbol
ENSRNOG00000064209,,ensembl
Atf7,Atf7,symbol
ENSRNOG00000064810,,ensembl
Atp5mc2,Atp5mc2,symbol
Calcoco1,Calcoco1,symbol
AABR07058934.1,AABR07058934.1,symbol
Hoxc13,Hoxc13,symbol
Hoxc12,Hoxc12,symbol
Hoxc11,Hoxc11,symbol
Hoxc10,Hoxc10,symbol
Mir196a,Mir196a,symbol
Hoxc9,Hoxc9,symbol
Hoxc8,Hoxc8,symbol
Hoxc6,Hoxc6,symbol
Hoxc5,Hoxc5,symbol
Mir615,Mir615,symbol
Hoxc4,Hoxc4,symbol
Smug1,Smug1,symbol
Cbx5,Cbx5,symbol
Hnrnpa1,Hnrnpa1,symbol
Nfe2,Nfe2,symbol
AABR07058937.1,AABR07058937.1,symbol
Copz1,Copz1,symbol
Mir148b,Mir148b,symbol
Gpr84,Gpr84,symbol
Zfp385a,Zfp385a,symbol
Itga5,Itga5,symbol
Gtsf1,Gtsf1,symbol
Gtsf2,Gtsf2,symbol
Nckap1l,Nckap1l,symbol
Pde1b,Pde1b,symbol
Ppp1r1a,Ppp1r1a,symbol
Glycam1,Glycam1,symbol
ENSRNOG00000065654,,ensembl
ENSRNOG00000071048,,ensembl
LOC102555445,LOC102555445,symbol
ENSRNOG00000067257,,ensembl
Spt1,Spt1,symbol
Gucy1a2,Gucy1a2,symbol
AABR07068905.1,AABR07068905.1,symbol
ENSRNOG00000063458,,ensembl
LOC120094561,LOC120094561,symbol
LOC120094543,LOC120094543,symbol
ENSRNOG00000066855,,ensembl
Aasdhppt,Aasdhppt,symbol
Kbtbd3,Kbtbd3,symbol
Msantd4,Msantd4,symbol
Gria4,Gria4,symbol
LOC120094463,LOC120094463,symbol
LOC120094448,LOC120094448,symbol
ENSRNOG00000069817,,ensembl
Casp1,Casp1,symbol
Casp4,Casp4,symbol
Casp12,Casp12,symbol
ENSRNOG00000069423,LOC134480950,ensembl
ENSRNOG00000066836,,ensembl
Pdgfd,Pdgfd,symbol
ENSRNOG00000065876,,ensembl
Ddi1,Ddi1,symbol
Dync2h1,Dync2h1,symbol
Dcun1d5,Dcun1d5,symbol
Mmp13,Mmp13,symbol
Mmp12,Mmp12,symbol
Mmp1b,Mmp1b,symbol
Mmp3,Mmp3,symbol
Mmp1,Mmp1,symbol
Mmp10,Mmp10,symbol
Mmp8,Mmp8,symbol
Mmp27,Mmp27,symbol
Mmp20,Mmp20,symbol
Mmp7,Mmp7,symbol
ENSRNOG00000065318,,ensembl
Tmem123,Tmem123,symbol
Birc2,Birc2,symbol
ENSRNOG00000066300,,ensembl
Birc3,Birc3,symbol
Yap1,Yap1,symbol
Cfap300,Cfap300,symbol
ENSRNOG00000066031,,ensembl
Cep126,Cep126,symbol
ENSRNOG00000062568,,ensembl
LOC100362400,LOC100362400,symbol
LOC100359922,LOC100359922,symbol
Trpc6,Trpc6,symbol
LOC120094508,LOC120094508,symbol
Pgr,Pgr,symbol
Arhgap42,Arhgap42,symbol
ENSRNOG00000063507,,ensembl
Cntn5,Cntn5,symbol
ENSRNOG00000064384,,ensembl
ENSRNOG00000070764,,ensembl
ENSRNOG00000069820,,ensembl
LOC120094433,LOC120094433,symbol
ENSRNOG00000070943,,ensembl
Jrkl,Jrkl,symbol
Ccdc82,Ccdc82,symbol
Maml2,Maml2,symbol
Mtmr2,Mtmr2,symbol
Cep57,Cep57,symbol
Fam76b,Fam76b,symbol
Sesn3,Sesn3,symbol
Endod1,Endod1,symbol
LOC108348070,LOC108348070,symbol
Cwc15,Cwc15,symbol
ENSRNOG00000063951,,ensembl
ENSRNOG00000063350,,ensembl
Amotl1,Amotl1,symbol
Piwil4,Piwil4,symbol
Fut4,Fut4,symbol
ENSRNOG00000068753,,ensembl
C8h11orf97,C8h11orf97,symbol
Ankrd49,Ankrd49,symbol
Mre11,Mre11,symbol
Gpr83,Gpr83,symbol
Izumo1r,Izumo1r,symbol
Panx1,Panx1,symbol
Hephl1,Hephl1,symbol
ENSRNOG00000062992,,ensembl
LOC120094416,LOC120094416,symbol
LOC120094473,LOC120094473,symbol
Vstm5,Vstm5,symbol
Med17,Med17,symbol
C8h11orf54,C8h11orf54,symbol
Taf1d,Taf1d,symbol
LOC120094521,LOC120094521,symbol
LOC120094472,LOC120094472,symbol
LOC120094526,LOC120094526,symbol
LOC120094454,LOC120094454,symbol
LOC120094464,LOC120094464,symbol
LOC120094453,LOC120094453,symbol
LOC120094470,LOC120094470,symbol
LOC120094458,LOC120094458,symbol
Cep295,Cep295,symbol
LOC120094474,LOC120094474,symbol
LOC120094475,LOC120094475,symbol
Smco4,Smco4,symbol
Deup1,Deup1,symbol
Slc36a4,Slc36a4,symbol
Mtnr1b,Mtnr1b,symbol
Fat3,Fat3,symbol
LOC689840,LOC689840,symbol
Nek2l1,Nek2l1,symbol
LOC120094431,LOC120094431,symbol
ENSRNOG00000031660,LOC134479967,ensembl
LOC690235,LOC690235,symbol
LOC120097744,LOC120097744,symbol
LOC120094462,LOC120094462,symbol
Chordc1,Chordc1,symbol
ENSRNOG00000066983,,ensembl
Naalad2,Naalad2,symbol
ENSRNOG00000070900,,ensembl
LOC100363016,LOC100363016,symbol
Mbd3l2,Mbd3l2,symbol
LOC120094465,LOC120094465,symbol
LOC100911528,LOC100911528,symbol
Or7g23b,Or7g23b,symbol
ENSRNOG00000063105,,ensembl
Or7g23,Or7g23,symbol
Or7g24,Or7g24,symbol
Or7g25c,Or7g25c,symbol
LOC120094327,LOC120094327,symbol
RGD1304745,RGD1304745,symbol
Mbd3l1,Mbd3l1,symbol
Or1m1,Or1m1,symbol
Or7g16,Or7g16,symbol
Or7g17,Or7g17,symbol
Or7g18,Or7g18,symbol
Or7g12,Or7g12,symbol
Or7g41,Or7g41,symbol
Or7g20,Or7g20,symbol
Or7g21,Or7g21,symbol
Or7g22,Or7g22,symbol
Or7g23e,Or7g23e,symbol
Or7g23c,Or7g23c,symbol
Or7g89,Or7g89,symbol
Or7g25,Or7g25,symbol
Or7g26,Or7g26,symbol
Or7g28-ps1,Or7g28-ps1,symbol
Or7g30,Or7g30,symbol
Olr1143,Olr1143,symbol
Or7g31,Or7g31,symbol
Or7g33c,Or7g33c,symbol
ENSRNOG00000066231,,ensembl
LOC120094405,LOC120094405,symbol
Or7g29,Or7g29,symbol
Or7g32,Or7g32,symbol
Or7g34,Or7g34,symbol
Or7g38-ps1,Or7g38-ps1,symbol
Or7g33,Or7g33,symbol
Or7g33b-ps1,Or7g33b-ps1,symbol
Or7g34b,Or7g34b,symbol
Or7g35,Or7g35,symbol
LOC120094420,LOC120094420,symbol
Or7g30,Or7g30,symbol
Zfp317,Zfp317,symbol
Or7d12,Or7d12,symbol
Or7e166,Or7e166,symbol
Or7e171b,Or7e171b,symbol
Or7e171d,Or7e171d,symbol
AC099137.1,AC099137.1,symbol
Lypla1-ps1,Lypla1-ps1,symbol
Or7d10,Or7d10,symbol
Or7e169c,Or7e169c,symbol
Or7e171,Or7e171,symbol
Or7e173d-ps1,Or7e173d-ps1,symbol
Or7e179-ps1,Or7e179-ps1,symbol
Or7e169,Or7e169,symbol
ENSRNOG00000063358,,ensembl
Or7d11,Or7d11,symbol
ENSRNOG00000062711,,ensembl
Or7d11c,Or7d11c,symbol
Olr1177,Olr1177,symbol
ENSRNOG00000065686,Ppp3r1,ensembl
Olr1178-ps,Olr1178-ps,symbol
Or7e174,Or7e174,symbol
ENSRNOG00000067684,,ensembl
Or7e176,Or7e176,symbol
LOC120094407,LOC120094407,symbol
Or7e176,Or7e176,symbol
Or7d9,Or7d9,symbol
ENSRNOG00000066601,LOC120094362,ensembl
LOC120094362,LOC120094362,symbol
Or7e24,Or7e24,symbol
Or7h7,Or7h7,symbol
Olr1191,Olr1191,symbol
ENSRNOG00000067945,,ensembl
Or7h7,Or7h7,symbol
Or7h7b,Or7h7b,symbol
Zfp560,Zfp560,symbol
ENSRNOG00000067847,,ensembl
ENSRNOG00000065689,,ensembl
Zfp26,Zfp26,symbol
Zfp426,Zfp426,symbol
LOC120094410,LOC120094410,symbol
Zfp266,Zfp266,symbol
Zfp846,Zfp846,symbol
Fbxl12,Fbxl12,symbol
Ubl5,Ubl5,symbol
Pin1,Pin1,symbol
Olfm2,Olfm2,symbol
Col5a3,Col5a3,symbol
Rdh8,Rdh8,symbol
Shfl,Shfl,symbol
Angptl6,Angptl6,symbol
Ppan,Ppan,symbol
LOC120094524,LOC120094524,symbol
LOC120094528,LOC120094528,symbol
Eif3g,Eif3g,symbol
Dnmt1,Dnmt1,symbol
S1pr2,S1pr2,symbol
Mrpl4,Mrpl4,symbol
Icam1,Icam1,symbol
Icam4,Icam4,symbol
Icam5,Icam5,symbol
Zglp1,Zglp1,symbol
Fdx2,Fdx2,symbol
Raver1,Raver1,symbol
Tyk2,Tyk2,symbol
Cdc37,Cdc37,symbol
Pde4a,Pde4a,symbol
Keap1,Keap1,symbol
S1pr5,S1pr5,symbol
Atg4d,Atg4d,symbol
Kri1,Kri1,symbol
Cdkn2d,Cdkn2d,symbol
Ap1m2,Ap1m2,symbol
Slc44a2,Slc44a2,symbol
Ilf3,Ilf3,symbol
Qtrt1,Qtrt1,symbol
Dnm2,Dnm2,symbol
Tmed1,Tmed1,symbol
LOC691141,LOC691141,symbol
Carm1,Carm1,symbol
Yipf2,Yipf2,symbol
Smarca4,Smarca4,symbol
Ldlr,Ldlr,symbol
Spc24,Spc24,symbol
Kank2,Kank2,symbol
Dock6,Dock6,symbol
Angptl8,Angptl8,symbol
Rab3d,Rab3d,symbol
Tmem205,Tmem205,symbol
Ccdc159,Ccdc159,symbol
Plppr2,Plppr2,symbol
Swsap1,Swsap1,symbol
Epor,Epor,symbol
ENSRNOG00000070740,,ensembl
Rgl3,Rgl3,symbol
Odad3,Odad3,symbol
Prkcsh,Prkcsh,symbol
Elavl3,Elavl3,symbol
LOC120094546,LOC120094546,symbol
Zfp653,Zfp653,symbol
Ecsit,Ecsit,symbol
Cnn1,Cnn1,symbol
Elof1,Elof1,symbol
Acp5,Acp5,symbol
ENSRNOG00000071030,,ensembl
Pigy,Pigy,symbol
LOC120094092,LOC120094092,symbol
LOC100911320,LOC100911320,symbol
ENSRNOG00000062683,,ensembl
LOC103690166,LOC103690166,symbol
Zfp717,Zfp717,symbol
LOC120094444,LOC120094444,symbol
Anln,Anln,symbol
Matcap2,Matcap2,symbol
Rp9,Rp9,symbol
Bbs9,Bbs9,symbol
LOC120094542,LOC120094542,symbol
AABR07069490.1,AABR07069490.1,symbol
Bmper,Bmper,symbol
ENSRNOG00000064818,LOC102556684,ensembl
ENSRNOG00000063092,,ensembl
Npsr1,Npsr1,symbol
LOC120094518,LOC120094518,symbol
Dpy19l1,Dpy19l1,symbol
Dpy19l2,Dpy19l2,symbol
Tbx20,Tbx20,symbol
Herpud2,Herpud2,symbol
ENSRNOG00000065862,,ensembl
LOC500959,LOC500959,symbol
ENSRNOG00000067268,,ensembl
Septin7,Septin7,symbol
Eepd1,Eepd1,symbol
LOC120094485,LOC120094485,symbol
LOC120094430,LOC120094430,symbol
B3gat1,B3gat1,symbol
Glb1l2,Glb1l2,symbol
Glb1l3,Glb1l3,symbol
Bin2a,Bin2a,symbol
Acad8,Acad8,symbol
Thyn1,Thyn1,symbol
Vps26b,Vps26b,symbol
Ncapd3,Ncapd3,symbol
Jam3,Jam3,symbol
ENSRNOG00000065152,,ensembl
LOC120094447,LOC120094447,symbol
Igsf9b,Igsf9b,symbol
Spata19,Spata19,symbol
Opcml,Opcml,symbol
Ntm,Ntm,symbol
Snx19,Snx19,symbol
Adamts15,Adamts15,symbol
Adamts8,Adamts8,symbol
LOC120094540,LOC120094540,symbol
Zbtb44,Zbtb44,symbol
St14,St14,symbol
Aplp2,Aplp2,symbol
LOC120094529,LOC120094529,symbol
LOC120094555,LOC120094555,symbol
Prdm10,Prdm10,symbol
RGD1563958,RGD1563958,symbol
Nfrkb,Nfrkb,symbol
Tmem45b,Tmem45b,symbol
ENSRNOG00000068702,,ensembl
AABR07069587.2,AABR07069587.2,symbol
ENSRNOG00000063771,,ensembl
Barx2,Barx2,symbol
Cct6a-ps7,Cct6a-ps7,symbol
LOC100362981,LOC100362981,symbol
Arhgap32,Arhgap32,symbol
LOC367050,LOC367050,symbol
Kcnj5,Kcnj5,symbol
Kcnj1,Kcnj1,symbol
LOC120094481,LOC120094481,symbol
Fli1,Fli1,symbol
Ets1,Ets1,symbol
LOC120094497,LOC120094497,symbol
Kirrel3,Kirrel3,symbol
Dcps,Dcps,symbol
ENSRNOG00000069075,,ensembl
LOC120094476,LOC120094476,symbol
ENSRNOG00000066852,,ensembl
Tirap,Tirap,symbol
Foxred1,Foxred1,symbol
Srpra,Srpra,symbol
Fam118b,Fam118b,symbol
Rpusd4,Rpusd4,symbol
ENSRNOG00000064526,,ensembl
Cdon,Cdon,symbol
LOC120094427,LOC120094427,symbol
Vsig10l2,Vsig10l2,symbol
Ddx25,Ddx25,symbol
Pus3,Pus3,symbol
Hyls1,Hyls1,symbol
Pate4b,Pate4b,symbol
Pate4,Pate4,symbol
Pate3,Pate3,symbol
Pate2,Pate2,symbol
Pate1,Pate1,symbol
LOC100359924,LOC100359924,symbol
Pate7,Pate7,symbol
LOC100361828,LOC100361828,symbol
Pate5,Pate5,symbol
Pate-f,Pate-f,symbol
LOC103693040,LOC103693040,symbol
Pate14,Pate14,symbol
LOC100360049,LOC100360049,symbol
LOC120094418,LOC120094418,symbol
LOC100360095,LOC100360095,symbol
ENSRNOG00000067408,,ensembl
LOC100362690,LOC100362690,symbol
ENSRNOG00000064892,,ensembl
LOC120094419,LOC120094419,symbol
LOC688335,LOC688335,symbol
LOC120094428,LOC120094428,symbol
Rup2,Rup2,symbol
LOC120094413,LOC120094413,symbol
LOC120094426,LOC120094426,symbol
LOC120094414,LOC120094414,symbol
LOC103693047,LOC103693047,symbol
LOC120094422,LOC120094422,symbol
ENSRNOG00000062708,,ensembl
ENSRNOG00000069154,,ensembl
RGD1560112,RGD1560112,symbol
LOC120094552,LOC120094552,symbol
LOC120094364,LOC120094364,symbol
LOC171573,LOC171573,symbol
Acrv1,Acrv1,symbol
Chek1,Chek1,symbol
Stt3a,Stt3a,symbol
Ei24,Ei24,symbol
Fez1,Fez1,symbol
Pknox2,Pknox2,symbol
Tmem218,Tmem218,symbol
Slc37a2,Slc37a2,symbol
Ccdc15,Ccdc15,symbol
Hepacam,Hepacam,symbol
Robo4,Robo4,symbol
Robo3,Robo3,symbol
Msantd2,Msantd2,symbol
Esam,Esam,symbol
Vsig2,Vsig2,symbol
Nrgn,Nrgn,symbol
Spa17,Spa17,symbol
Siae,Siae,symbol
Tbrg1,Tbrg1,symbol
Panx3,Panx3,symbol
Or8a1b,Or8a1b,symbol
Or8a1,Or8a1,symbol
Or8b12,Or8b12,symbol
LOC120094365,LOC120094365,symbol
Or8b9,Or8b9,symbol
Or8b12d,Or8b12d,symbol
Olr1198,Olr1198,symbol
Or8b12c,Or8b12c,symbol
LOC120094516,LOC120094516,symbol
Or8b9,Or8b9,symbol
Or8b8,Or8b8,symbol
Or8b101b,Or8b101b,symbol
Or8b35,Or8b35,symbol
AC114252.1,AC114252.1,symbol
Or8b37,Or8b37,symbol
Olr1208-ps,Olr1208-ps,symbol
Or8b38-ps1,Or8b38-ps1,symbol
Olfr887,Olfr887,symbol
Or8b101,Or8b101,symbol
Olr1214,Olr1214,symbol
LOC103690374,LOC103690374,symbol
LOC102555114,LOC102555114,symbol
RGD1563738,RGD1563738,symbol
ENSRNOG00000071036,,ensembl
ENSRNOG00000062317,,ensembl
AABR07069821.1,AABR07069821.1,symbol
ENSRNOG00000067656,,ensembl
ENSRNOG00000066244,,ensembl
ENSRNOG00000068773,,ensembl
Or8b101d,Or8b101d,symbol
ENSRNOG00000065505,,ensembl
LOC102554388,LOC102554388,symbol
Or8c15b,Or8c15b,symbol
Or8c16,Or8c16,symbol
LOC108351823,LOC108351823,symbol
Or8c17,Or8c17,symbol
Or8c18,Or8c18,symbol
Or8c19,Or8c19,symbol
Or8c9,Or8c9,symbol
Or8c10b,Or8c10b,symbol
Or8c20,Or8c20,symbol
Or8b3c,Or8b3c,symbol
Or8b44b,Or8b44b,symbol
Or8c10,Or8c10,symbol
Or8c11,Or8c11,symbol
Or8b3,Or8b3,symbol
Or8b42,Or8b42,symbol
Or8b43b,Or8b43b,symbol
Or8b43,Or8b43,symbol
Or8b51b,Or8b51b,symbol
Or8b1b,Or8b1b,symbol
Or8b1c,Or8b1c,symbol
Or8b1,Or8b1,symbol
Or8b44,Or8b44,symbol
Or8b47,Or8b47,symbol
Or8b46d,Or8b46d,symbol
Or8b46,Or8b46,symbol
ENSRNOG00000064055,,ensembl
Or8b49,Or8b49,symbol
Or8b51,Or8b51,symbol
Olfr917,Olfr917,symbol
ENSRNOG00000067474,,ensembl
Or8b59,Or8b59,symbol
Olfr919,Olfr919,symbol
LOC108348048,LOC108348048,symbol
Or8b53,Or8b53,symbol
Or8b53b,Or8b53b,symbol
Or8b54b,Or8b54b,symbol
Or8b54c,Or8b54c,symbol
Or8b55,Or8b55,symbol
Or8b56g,Or8b56g,symbol
LOC108350226,LOC108350226,symbol
Or8d1h-ps1,Or8d1h-ps1,symbol
Olr1271,Olr1271,symbol
Or8d1b-ps1,Or8d1b-ps1,symbol
Or10d1g,Or10d1g,symbol
Or8g21,Or8g21,symbol
Or8g17d,Or8g17d,symbol
ENSRNOG00000069156,,ensembl
Or8g23,Or8g23,symbol
Or8g24,Or8g24,symbol
Or8g2c,Or8g2c,symbol
ENSRNOG00000066207,,ensembl
Or8g34,Or8g34,symbol
Or8g34b,Or8g34b,symbol
Or8g18e,Or8g18e,symbol
Or8g18c,Or8g18c,symbol
ENSRNOG00000069074,,ensembl
Or8g18c,Or8g18c,symbol
Or8g26,Or8g26,symbol
Or8g30,Or8g30,symbol
Or8g28,Or8g28,symbol
Or8g35b,Or8g35b,symbol
Or8g35-ps1,Or8g35-ps1,symbol
Or8g20,Or8g20,symbol
Or8g36c,Or8g36c,symbol
Or8g36,Or8g36,symbol
Or8g36b,Or8g36b,symbol
Or10d3,Or10d3,symbol
Or10d1,Or10d1,symbol
RGD1311744,RGD1311744,symbol
Or10n1,Or10n1,symbol
Or10d4b,Or10d4b,symbol
Or10d4c,Or10d4c,symbol
Or10d4,Or10d4,symbol
LOC120094434,LOC120094434,symbol
Or10n7,Or10n7,symbol
Or10d1b,Or10d1b,symbol
LOC688473,LOC688473,symbol
Or8g52,Or8g52,symbol
Or8g50b,Or8g50b,symbol
Or8g52b,Or8g52b,symbol
Or8g50,Or8g50,symbol
Or8g4,Or8g4,symbol
Or8g37,Or8g37,symbol
Or8g37c,Or8g37c,symbol
ENSRNOG00000065616,,ensembl
Or8g2c,Or8g2c,symbol
Or10d5j,Or10d5j,symbol
Or8g37b,Or8g37b,symbol
Or8g2,Or8g2,symbol
Or8d6,Or8d6,symbol
ENSRNOG00000063183,,ensembl
Or10d5j,Or10d5j,symbol
Or10d5jl,Or10d5jl,symbol
Or10g7-ps1,Or10g7-ps1,symbol
Or10g9,Or10g9,symbol
Or10g9b,Or10g9b,symbol
Or10g6,Or10g6,symbol
Or10s1,Or10s1,symbol
Or8b57,Or8b57,symbol
Or4d5,Or4d5,symbol
Or8d4,Or8d4,symbol
Tmem225,Tmem225,symbol
Or6x1,Or6x1,symbol
Zfp202,Zfp202,symbol
Scn3b,Scn3b,symbol
ENSRNOG00000062369,,ensembl
Gramd1b,Gramd1b,symbol
ENSRNOG00000062347,,ensembl
Clmp,Clmp,symbol
Hspa8,Hspa8,symbol
LOC120094547,LOC120094547,symbol
LOC120094548,LOC120094548,symbol
ENSRNOG00000069955,,ensembl
Bsx,Bsx,symbol
Jhy,Jhy,symbol
Crtam,Crtam,symbol
Ubash3b,Ubash3b,symbol
AABR07070043.1,AABR07070043.1,symbol
ENSRNOG00000067595,,ensembl
ENSRNOG00000065036,,ensembl
ENSRNOG00000068636,,ensembl
Mir100,Mir100,symbol
Mir3596a,Mir3596a,symbol
LOC120094123,LOC120094123,symbol
Mir125b1,Mir125b1,symbol
ENSRNOG00000069879,,ensembl
Sorl1,Sorl1,symbol
ENSRNOG00000065247,,ensembl
Sc5d,Sc5d,symbol
ENSRNOG00000066863,,ensembl
LOC120094489,LOC120094489,symbol
Tecta,Tecta,symbol
Tbcel,Tbcel,symbol
Grik4,Grik4,symbol
ENSRNOG00000067842,,ensembl
Arhgef12,Arhgef12,symbol
Tlcd5,Tlcd5,symbol
Pou2f3,Pou2f3,symbol
Oaf,Oaf,symbol
Trim29,Trim29,symbol
Nectin1,Nectin1,symbol
LOC120094415,LOC120094415,symbol
Thy1,Thy1,symbol
Usp2,Usp2,symbol
Mfrp,Mfrp,symbol
C1qtnf5,C1qtnf5,symbol
Rnf26,Rnf26,symbol
ENSRNOG00000062331,,ensembl
Mcam,Mcam,symbol
ENSRNOG00000065279,,ensembl
Cbl,Cbl,symbol
AC112557.1,AC112557.1,symbol
Ccdc153,Ccdc153,symbol
Nherf4,Nherf4,symbol
Nlrx1,Nlrx1,symbol
Abcg4,Abcg4,symbol
ENSRNOG00000063493,,ensembl
Hinfp,Hinfp,symbol
C2cd2l,C2cd2l,symbol
Dpagt1,Dpagt1,symbol
H2ax,H2ax,symbol
Hmbs,Hmbs,symbol
Vps11,Vps11,symbol
Hyou1,Hyou1,symbol
Slc37a4,Slc37a4,symbol
Trappc4,Trappc4,symbol
Rps25,Rps25,symbol
Cenatac,Cenatac,symbol
Foxr1,Foxr1,symbol
Upk2,Upk2,symbol
AC105645.5,AC105645.5,symbol
Bcl9l,Bcl9l,symbol
ENSRNOG00000067811,,ensembl
Cxcr5,Cxcr5,symbol
Ddx6,Ddx6,symbol
ENSRNOG00000068675,,ensembl
Treh,Treh,symbol
Phldb1,Phldb1,symbol
Arcn1,Arcn1,symbol
Ift46,Ift46,symbol
Tmem25,Tmem25,symbol
Kmt2a,Kmt2a,symbol
LOC120094493,LOC120094493,symbol
LOC120094525,LOC120094525,symbol
Atp5mg,Atp5mg,symbol
Ube4a,Ube4a,symbol
Cd3g,Cd3g,symbol
Cd3d,Cd3d,symbol
Cd3e,Cd3e,symbol
Mpzl2,Mpzl2,symbol
Mpzl3,Mpzl3,symbol
LOC120094459,LOC120094459,symbol
Jaml,Jaml,symbol
LOC120094510,LOC120094510,symbol
Scn2b,Scn2b,symbol
Scn4b,Scn4b,symbol
Tmprss4,Tmprss4,symbol
ENSRNOG00000065943,,ensembl
Il10ra,Il10ra,symbol
Tmprss13,Tmprss13,symbol
Fxyd6,Fxyd6,symbol
Fxyd2,Fxyd2,symbol
Dscaml1,Dscaml1,symbol
Cep164,Cep164,symbol
Bace1,Bace1,symbol
Rnf214,Rnf214,symbol
Pcsk7,Pcsk7,symbol
Tagln,Tagln,symbol
Sidt2,Sidt2,symbol
Pafah1b2,Pafah1b2,symbol
ENSRNOG00000067804,,ensembl
Sik3,Sik3,symbol
ENSRNOG00000064478,,ensembl
Apoa1,Apoa1,symbol
Apoc3,Apoc3,symbol
Apoa4,Apoa4,symbol
AABR07073400.1,AABR07073400.1,symbol
Apoa5,Apoa5,symbol
Zpr1,Zpr1,symbol
Bud13,Bud13,symbol
LOC500990,LOC500990,symbol
AC135409.1,AC135409.1,symbol
LOC120094520,LOC120094520,symbol
LOC120094559,LOC120094559,symbol
LOC120094483,LOC120094483,symbol
Cadm1,Cadm1,symbol
ENSRNOG00000070669,,ensembl
ENSRNOG00000069880,,ensembl
ENSRNOG00000063882,,ensembl
Nxpe2,Nxpe2,symbol
Nxpe4,Nxpe4,symbol
Nxpe1,Nxpe1,symbol
Rexo2,Rexo2,symbol
Rbm7,Rbm7,symbol
C8h11orf71,C8h11orf71,symbol
Nnmt,Nnmt,symbol
Zbtb16,Zbtb16,symbol
Htr3a,Htr3a,symbol
Htr3b,Htr3b,symbol
Usp28,Usp28,symbol
Cldn25,Cldn25,symbol
Zw10,Zw10,symbol
Tmprss5,Tmprss5,symbol
LOC120094541,LOC120094541,symbol
Drd2,Drd2,symbol
Ankk1,Ankk1,symbol
Ttc12,Ttc12,symbol
ENSRNOG00000065586,,ensembl
Ncam1,Ncam1,symbol
LOC120094484,LOC120094484,symbol
Plet1,Plet1,symbol
Pts,Pts,symbol
Bco2,Bco2,symbol
Il18,Il18,symbol
Tex12,Tex12,symbol
Sdhd,Sdhd,symbol
Timm8b,Timm8b,symbol
Nkapd1,Nkapd1,symbol
Pih1d2,Pih1d2,symbol
Dlat,Dlat,symbol
Dixdc1,Dixdc1,symbol
Hspb2,Hspb2,symbol
Cryab,Cryab,symbol
Cfap68,Cfap68,symbol
Fdxacb1,Fdxacb1,symbol
Alg9,Alg9,symbol
Ppp2r1b,Ppp2r1b,symbol
Sik2,Sik2,symbol
LOC120094545,LOC120094545,symbol
Layn,Layn,symbol
Hoatz,Hoatz,symbol
Mir34c,Mir34c,symbol
Mir34b,Mir34b,symbol
Btg4,Btg4,symbol
RGD1562811,RGD1562811,symbol
Pou2af1,Pou2af1,symbol
Pou2af3,Pou2af3,symbol
Pou2af2,Pou2af2,symbol
LOC120094544,LOC120094544,symbol
Arhgap20,Arhgap20,symbol
Fdx1,Fdx1,symbol
Rdx,Rdx,symbol
Mir6329,Mir6329,symbol
Zc3h12c,Zc3h12c,symbol
LOC120094503,LOC120094503,symbol
LOC100125362,LOC100125362,symbol
LOC120094404,LOC120094404,symbol
ENSRNOG00000062987,,ensembl
Ddx10,Ddx10,symbol
Exph5,Exph5,symbol
Poglut3,Poglut3,symbol
C8h11orf65,C8h11orf65,symbol
Atm,Atm,symbol
Npat,Npat,symbol
Acat1,Acat1,symbol
Cul5,Cul5,symbol
LOC120094468,LOC120094468,symbol
Rab39a,Rab39a,symbol
Slc35f2,Slc35f2,symbol
Sln,Sln,symbol
Elmod1,Elmod1,symbol
Tnfaip8l3,Tnfaip8l3,symbol
LOC120094479,LOC120094479,symbol
Cyp19a1,Cyp19a1,symbol
Gldn,Gldn,symbol
LOC120094446,LOC120094446,symbol
Dmxl2,Dmxl2,symbol
ENSRNOG00000064519,,ensembl
Sh2d7,Sh2d7,symbol
Idh3a,Idh3a,symbol
Acsbg1,Acsbg1,symbol
Dnaja4,Dnaja4,symbol
Skic8,Skic8,symbol
ENSRNOG00000069631,,ensembl
Crabp1,Crabp1,symbol
Ireb2,Ireb2,symbol
Hykk,Hykk,symbol
Psma4,Psma4,symbol
Chrna5,Chrna5,symbol
Chrna3,Chrna3,symbol
Chrnb4,Chrnb4,symbol
Ube2q2,Ube2q2,symbol
Fbxo22,Fbxo22,symbol
Nrg4,Nrg4,symbol
ENSRNOG00000069214,,ensembl
Tmem266,Tmem266,symbol
Etfa,Etfa,symbol
Bola2-ps1,Bola2-ps1,symbol
Isl2,Isl2,symbol
Scaper,Scaper,symbol
ENSRNOG00000064714,,ensembl
RGD1563578,RGD1563578,symbol
AABR07070238.1,AABR07070238.1,symbol
Dppa3l1,Dppa3l1,symbol
ENSRNOG00000069604,,ensembl
Rcn2,Rcn2,symbol
ENSRNOG00000064805,,ensembl
Pstpip1,Pstpip1,symbol
Tspan3,Tspan3,symbol
Peak1,Peak1,symbol
Hmg20a,Hmg20a,symbol
Lingo1,Lingo1,symbol
Odf3l1,Odf3l1,symbol
Cspg4,Cspg4,symbol
Snx33,Snx33,symbol
AC135389.1,AC135389.1,symbol
Imp3,Imp3,symbol
Snupn,Snupn,symbol
Ptpn9,Ptpn9,symbol
Sin3a,Sin3a,symbol
Man2c1,Man2c1,symbol
Neil1,Neil1,symbol
ENSRNOG00000068932,,ensembl
ENSRNOG00000066974,,ensembl
Commd4,Commd4,symbol
Trcg1,Trcg1,symbol
C8h15orf39,C8h15orf39,symbol
Ppcdc,Ppcdc,symbol
Ppcdc,Ppcdc,symbol
Scamp5,Scamp5,symbol
Rpp25,Rpp25,symbol
ENSRNOG00000065187,,ensembl
LOC120094452,LOC120094452,symbol
Cox5a,Cox5a,symbol
Fam219b,Fam219b,symbol
Mpi,Mpi,symbol
Scamp2,Scamp2,symbol
Ulk3,Ulk3,symbol
Cplx3,Cplx3,symbol
Lman1l,Lman1l,symbol
Csk,Csk,symbol
ENSRNOG00000068755,,ensembl
Cyp1a2,Cyp1a2,symbol
Cyp1a1,Cyp1a1,symbol
Edc3,Edc3,symbol
LOC120094560,LOC120094560,symbol
Clk3,Clk3,symbol
LOC103690224,LOC103690224,symbol
Arid3b,Arid3b,symbol
Ubl7,Ubl7,symbol
Sema7a,Sema7a,symbol
Cyp11a1,Cyp11a1,symbol
Ccdc33,Ccdc33,symbol
Stra6,Stra6,symbol
Islr,Islr,symbol
Islr2,Islr2,symbol
Pml,Pml,symbol
Stoml1,Stoml1,symbol
Loxl1,Loxl1,symbol
ENSRNOG00000069897,,ensembl
Tbc1d21,Tbc1d21,symbol
Metazoa_SRP,Metazoa_SRP,symbol
Insyn1,Insyn1,symbol
Cd276,Cd276,symbol
Nptn,Nptn,symbol
Rec114,Rec114,symbol
ENSRNOG00000063823,,ensembl
Hcn4,Hcn4,symbol
ENSRNOG00000065033,,ensembl
Neo1,Neo1,symbol
Adpgk,Adpgk,symbol
ENSRNOG00000065901,,ensembl
Bbs4,Bbs4,symbol
Arih1,Arih1,symbol
Tmem202,Tmem202,symbol
LOC120094522,LOC120094522,symbol
Hexa,Hexa,symbol
Celf6,Celf6,symbol
Parp6,Parp6,symbol
LOC120094538,LOC120094538,symbol
Pkm,Pkm,symbol
Gramd2a,Gramd2a,symbol
Senp8,Senp8,symbol
Myo9a,Myo9a,symbol
Nr2e3,Nr2e3,symbol
Thsd4,Thsd4,symbol
LOC120094490,LOC120094490,symbol
Lrrc49,Lrrc49,symbol
Larp6,Larp6,symbol
Uaca,Uaca,symbol
Tle3,Tle3,symbol
ENSRNOG00000070150,,ensembl
Rplp1,Rplp1,symbol
Kif23,Kif23,symbol
Paqr5,Paqr5,symbol
Glce,Glce,symbol
ENSRNOG00000065405,,ensembl
Spesp1,Spesp1,symbol
Anp32a,Anp32a,symbol
Coro2b,Coro2b,symbol
LOC120094558,LOC120094558,symbol
LOC102556363,LOC102556363,symbol
Itga11,Itga11,symbol
ENSRNOG00000063535,,ensembl
Fem1b,Fem1b,symbol
Cln6,Cln6,symbol
Calml4,Calml4,symbol
Pias1,Pias1,symbol
LOC120094554,LOC120094554,symbol
LOC120094482,LOC120094482,symbol
LOC120094551,LOC120094551,symbol
Skor1,Skor1,symbol
Map2k5,Map2k5,symbol
AC132740.1,AC132740.1,symbol
C8h15orf61,C8h15orf61,symbol
ENSRNOG00000064822,,ensembl
Iqch,Iqch,symbol
Aagab,Aagab,symbol
Smad3,Smad3,symbol
Smad6,Smad6,symbol
ENSRNOG00000063389,,ensembl
Lctl,Lctl,symbol
Zwilch,Zwilch,symbol
LOC120094536,LOC120094536,symbol
Rpl4,Rpl4,symbol
LOC120094440,LOC120094440,symbol
LOC120094441,LOC120094441,symbol
LOC120094437,LOC120094437,symbol
LOC120094442,LOC120094442,symbol
LOC120094439,LOC120094439,symbol
Snapc5,Snapc5,symbol
Map2k1,Map2k1,symbol
Tipin,Tipin,symbol
LOC120094523,LOC120094523,symbol
Dis3l,Dis3l,symbol
Megf11,Megf11,symbol
Rab11a,Rab11a,symbol
LOC120094392,LOC120094392,symbol
Dennd4a,Dennd4a,symbol
LOC120094514,LOC120094514,symbol
Slc24a1,Slc24a1,symbol
Ints14,Ints14,symbol
Hacd3,Hacd3,symbol
Dpp8,Dpp8,symbol
Igdcc4,Igdcc4,symbol
Igdcc3,Igdcc3,symbol
ENSRNOG00000063066,,ensembl
LOC120094550,LOC120094550,symbol
LOC120094549,LOC120094549,symbol
Parp16,Parp16,symbol
Cilp,Cilp,symbol
Clpx,Clpx,symbol
Pdcd7,Pdcd7,symbol
Ubap1l,Ubap1l,symbol
AABR07070456.1,AABR07070456.1,symbol
Rasl12,Rasl12,symbol
Slc51b,Slc51b,symbol
Mtfmt,Mtfmt,symbol
Spg21,Spg21,symbol
Ankdd1a,Ankdd1a,symbol
Plekho2,Plekho2,symbol
Pif1,Pif1,symbol
Rbpms2,Rbpms2,symbol
LOC103693122,LOC103693122,symbol
Oaz2,Oaz2,symbol
Zfp609,Zfp609,symbol
Trip4,Trip4,symbol
LOC120094449,LOC120094449,symbol
LOC120094556,LOC120094556,symbol
Pclaf,Pclaf,symbol
Csnk1g1,Csnk1g1,symbol
LOC120094491,LOC120094491,symbol
Ppib,Ppib,symbol
Snx22,Snx22,symbol
Snx1,Snx1,symbol
Ciao2a,Ciao2a,symbol
Dapk2,Dapk2,symbol
Herc1,Herc1,symbol
Fbxl22,Fbxl22,symbol
Usp3,Usp3,symbol
Car12,Car12,symbol
LOC691658,LOC691658,symbol
LOC120094192,LOC120094192,symbol
Aph1b,Aph1b,symbol
Rab8b,Rab8b,symbol
LOC120094455,LOC120094455,symbol
Rps27l,Rps27l,symbol
Lactb,Lactb,symbol
LOC120094417,LOC120094417,symbol
ENSRNOG00000064300,,ensembl
Tpm1,Tpm1,symbol
Tln2,Tln2,symbol
Mir190,Mir190,symbol
LOC120094557,LOC120094557,symbol
AABR07070518.1,AABR07070518.1,symbol
ENSRNOG00000064671,,ensembl
ENSRNOG00000068187,,ensembl
C2cd4b,C2cd4b,symbol
C2cd4a,C2cd4a,symbol
Vps13c,Vps13c,symbol
Rora,Rora,symbol
ENSRNOG00000065802,,ensembl
ENSRNOG00000067743,,ensembl
Ice2,Ice2,symbol
Anxa2,Anxa2,symbol
LOC120094527,LOC120094527,symbol
Foxb1,Foxb1,symbol
Bnip2,Bnip2,symbol
LOC103695118,LOC103695118,symbol
Gcnt3,Gcnt3,symbol
Fam81a,Fam81a,symbol
LOC120094501,LOC120094501,symbol
ENSRNOG00000070021,,ensembl
Myo1e,Myo1e,symbol
ENSRNOG00000071086,,ensembl
LOC120094553,LOC120094553,symbol
Ccnb2,Ccnb2,symbol
Rnf111,Rnf111,symbol
LOC120094457,LOC120094457,symbol
LOC120094412,LOC120094412,symbol
Sltm,Sltm,symbol
Mindy2,Mindy2,symbol
AABR07070609.1,AABR07070609.1,symbol
Adam10,Adam10,symbol
Lipc,Lipc,symbol
AABR07038881.1,AABR07038881.1,symbol
ENSRNOG00000070532,,ensembl
Aqp9,Aqp9,symbol
Aldh1a2,Aldh1a2,symbol
Polr2m,Polr2m,symbol
Cgnl1,Cgnl1,symbol
Tcf12,Tcf12,symbol
LOC120094424,LOC120094424,symbol
ENSRNOG00000067586,,ensembl
Zfp280d,Zfp280d,symbol
ENSRNOG00000070052,,ensembl
Mns1,Mns1,symbol
Tex9,Tex9,symbol
ENSRNOG00000069347,,ensembl
Rfx7,Rfx7,symbol
Nedd4,Nedd4,symbol
AABR07070669.1,AABR07070669.1,symbol
ENSRNOG00000064605,,ensembl
LOC120094402,LOC120094402,symbol
Prtg,Prtg,symbol
LOC120094466,LOC120094466,symbol
Pygo1,Pygo1,symbol
Dnaaf4,Dnaaf4,symbol
LOC120094409,LOC120094409,symbol
Pierce2,Pierce2,symbol
Ccpg1,Ccpg1,symbol
Mir628,Mir628,symbol
AC142458.1,AC142458.1,symbol
Pigb,Pigb,symbol
Pigbos1,Pigbos1,symbol
Rab27a,Rab27a,symbol
Khdc3,Khdc3,symbol
Rsl24d1,Rsl24d1,symbol
ENSRNOG00000065465,,ensembl
AC128582.1,AC128582.1,symbol
ENSRNOG00000069906,,ensembl
AABR07070679.1,AABR07070679.1,symbol
Unc13c,Unc13c,symbol
LOC100912027,LOC100912027,symbol
Wdr72,Wdr72,symbol
LOC120094477,LOC120094477,symbol
Onecut1,Onecut1,symbol
Atosa,Atosa,symbol
Arpp19,Arpp19,symbol
Myo5a,Myo5a,symbol
Myo5c,Myo5c,symbol
LOC120094537,LOC120094537,symbol
Gnb5,Gnb5,symbol
Bcl2l10,Bcl2l10,symbol
Mapk6,Mapk6,symbol
Leo1,Leo1,symbol
Tmod3,Tmod3,symbol
Tmod2,Tmod2,symbol
Lysmd2,Lysmd2,symbol
Scg3,Scg3,symbol
ENSRNOG00000067893,,ensembl
Bmp5,Bmp5,symbol
Hmgcll1,Hmgcll1,symbol
Gfral,Gfral,symbol
LOC120094480,LOC120094480,symbol
Hcrtr2,Hcrtr2,symbol
Fam83b,Fam83b,symbol
LOC120094498,LOC120094498,symbol
Tinag,Tinag,symbol
LOC120094535,LOC120094535,symbol
Mlip,Mlip,symbol
Lrrc1,Lrrc1,symbol
Klhl31,Klhl31,symbol
Gclc,Gclc,symbol
Elovl5,Elovl5,symbol
LOC120094500,LOC120094500,symbol
Gcm1,Gcm1,symbol
LOC120094539,LOC120094539,symbol
Fbxo9,Fbxo9,symbol
Cilk1,Cilk1,symbol
Rpl12-ps1,Rpl12-ps1,symbol
Gsta4,Gsta4,symbol
Gsta5,Gsta5,symbol
AABR07070816.3,AABR07070816.3,symbol
LOC120094562,LOC120094562,symbol
Gsta2,Gsta2,symbol
RGD1559995,RGD1559995,symbol
Ooep,Ooep,symbol
AABR07070824.1,AABR07070824.1,symbol
Ddx43,Ddx43,symbol
LOC100363991,LOC100363991,symbol
Cgas,Cgas,symbol
Mto1,Mto1,symbol
ENSRNOG00000070285,,ensembl
Eef1a1,Eef1a1,symbol
Cd109,Cd109,symbol
ENSRNOG00000031132,,ensembl
LOC100363141,LOC100363141,symbol
LOC100363141,LOC100363141,symbol
LOC120094401,LOC120094401,symbol
Col12a1,Col12a1,symbol
LOC103690438,LOC103690438,symbol
Cox7a2,Cox7a2,symbol
ENSRNOG00000010657,,ensembl
Tmem30a,Tmem30a,symbol
Filip1,Filip1,symbol
LOC120094506,LOC120094506,symbol
Senp6,Senp6,symbol
Myo6,Myo6,symbol
ENSRNOG00000069432,,ensembl
Impg1,Impg1,symbol
Htr1b,Htr1b,symbol
AABR07070873.1,AABR07070873.1,symbol
Mei4,Mei4,symbol
ENSRNOG00000065759,,ensembl
LOC120094494,LOC120094494,symbol
AABR07070892.1,AABR07070892.1,symbol
Irak1bp1,Irak1bp1,symbol
ENSRNOG00000064745,,ensembl
Phip,Phip,symbol
Hmgn3,Hmgn3,symbol
ENSRNOG00000065458,,ensembl
ENSRNOG00000070433,,ensembl
Lca5,Lca5,symbol
Sh3bgrl2,Sh3bgrl2,symbol
Sh3bgrl2,Sh3bgrl2,symbol
LOC120094469,LOC120094469,symbol
ENSRNOG00000066197,,ensembl
Elovl4,Elovl4,symbol
ENSRNOG00000070705,,ensembl
Ttk,Ttk,symbol
ENSRNOG00000070354,,ensembl
Bckdhb,Bckdhb,symbol
LOC120094460,LOC120094460,symbol
LOC120094530,LOC120094530,symbol
RGD1560917,RGD1560917,symbol
LOC120094471,LOC120094471,symbol
Tent5a,Tent5a,symbol
Ibtk,Ibtk,symbol
LOC100359563,LOC100359563,symbol
ENSRNOG00000065090,,ensembl
LOC120094218,LOC120094218,symbol
Tpbg,Tpbg,symbol
Ube3d,Ube3d,symbol
Dop1a,Dop1a,symbol
Pgm3,Pgm3,symbol
Rwdd2a,Rwdd2a,symbol
Me1,Me1,symbol
LOC120094502,LOC120094502,symbol
Prss35,Prss35,symbol
Snap91,Snap91,symbol
Ripply2,Ripply2,symbol
Cyb5r4,Cyb5r4,symbol
ENSRNOG00000070686,,ensembl
Mrap2,Mrap2,symbol
Cep162,Cep162,symbol
LOC120094515,LOC120094515,symbol
LOC120094509,LOC120094509,symbol
Tbx18,Tbx18,symbol
LOC120094495,LOC120094495,symbol
LOC120094499,LOC120094499,symbol
LOC120094507,LOC120094507,symbol
Gabarapl2,Gabarapl2,symbol
Nt5e,Nt5e,symbol
Snx14,Snx14,symbol
Syncrip,Syncrip,symbol
LOC120094450,LOC120094450,symbol
ENSRNOG00000069443,,ensembl
Zfp949,Zfp949,symbol
Trim43a,Trim43a,symbol
LOC120094451,LOC120094451,symbol
RGD1560775,RGD1560775,symbol
Bcl2a1,Bcl2a1,symbol
Mthfs,Mthfs,symbol
ENSRNOG00000065366,Rps16-ps7,ensembl
ENSRNOG00000065618,,ensembl
LOC120094478,LOC120094478,symbol
Minar1,Minar1,symbol
Tmed3,Tmed3,symbol
Ankrd34c,Ankrd34c,symbol
Mir184,Mir184,symbol
Rasgrf1,Rasgrf1,symbol
ENSRNOG00000068486,,ensembl
Ctsh,Ctsh,symbol
Morf4l1,Morf4l1,symbol
Adamts7,Adamts7,symbol
Tbc1d2b,Tbc1d2b,symbol
Zic1,Zic1,symbol
Zic4,Zic4,symbol
Plscr5,Plscr5,symbol
Plscr1,Plscr1,symbol
Plscr2,Plscr2,symbol
LOC102551265,LOC102551265,symbol
Plscr4,Plscr4,symbol
LOC120094505,LOC120094505,symbol
Plod2,Plod2,symbol
AABR07071101.1,AABR07071101.1,symbol
LOC120094438,LOC120094438,symbol
Dipk2a,Dipk2a,symbol
LOC120094425,LOC120094425,symbol
Slc9a9,Slc9a9,symbol
Chst2,Chst2,symbol
ENSRNOG00000065106,,ensembl
U2surp,U2surp,symbol
LOC501038,LOC501038,symbol
ENSRNOG00000065246,,ensembl
PCOLCE2,PCOLCE2,symbol
Trpc1,Trpc1,symbol
Pls1,Pls1,symbol
ENSRNOG00000066029,,ensembl
Atr,Atr,symbol
ENSRNOG00000066967,,ensembl
Xrn1,Xrn1,symbol
ENSRNOG00000065870,,ensembl
Gk5,Gk5,symbol
Tfdp2,Tfdp2,symbol
LOC120094461,LOC120094461,symbol
AABR07071195.1,AABR07071195.1,symbol
Atp1b3,Atp1b3,symbol
AABR07067339.1,AABR07067339.1,symbol
Rnf7,Rnf7,symbol
LOC102551788,LOC102551788,symbol
Rasa2,Rasa2,symbol
Zbtb38,Zbtb38,symbol
Pxylp1,Pxylp1,symbol
Spsb4,Spsb4,symbol
AABR07071210.1,AABR07071210.1,symbol
Slc25a36,Slc25a36,symbol
Rps17,Rps17,symbol
Trim42,Trim42,symbol
LOC120094487,LOC120094487,symbol
Clstn2,Clstn2,symbol
LOC120094406,LOC120094406,symbol
Nmnat3,Nmnat3,symbol
Rbp1,Rbp1,symbol
Rbp2,Rbp2,symbol
Nme2-ps8,Nme2-ps8,symbol
Copb2,Copb2,symbol
Mrps22,Mrps22,symbol
ENSRNOG00000064689,,ensembl
Prr23a1,Prr23a1,symbol
Prr23d2,Prr23d2,symbol
Prr23a2,Prr23a2,symbol
Prr23d1,Prr23d1,symbol
ENSRNOG00000067226,,ensembl
Foxl2,Foxl2,symbol
Faim,Faim,symbol
Cxadrl1,Cxadrl1,symbol
Pik3cb,Pik3cb,symbol
LOC120094534,LOC120094534,symbol
ENSRNOG00000067711,,ensembl
Faiml,Faiml,symbol
Cep70,Cep70,symbol
Esyt3,Esyt3,symbol
Mras,Mras,symbol
ENSRNOG00000070739,,ensembl
AABR07071287.1,AABR07071287.1,symbol
Armc8,Armc8,symbol
Dbr1,Dbr1,symbol
A4gnt,A4gnt,symbol
Dzip1l,Dzip1l,symbol
Cldn18,Cldn18,symbol
LOC120094486,LOC120094486,symbol
Sox14,Sox14,symbol
LOC120094517,LOC120094517,symbol
AABR07071294.1,AABR07071294.1,symbol
Il20rb,Il20rb,symbol
Nck1,Nck1,symbol
Slc35g2,Slc35g2,symbol
Stag1,Stag1,symbol
ENSRNOG00000065178,,ensembl
Pccb,Pccb,symbol
Msl2,Msl2,symbol
Ppp2r3a,Ppp2r3a,symbol
LOC120094496,LOC120094496,symbol
Ephb1,Ephb1,symbol
Ky,Ky,symbol
Cep63,Cep63,symbol
Anapc13,Anapc13,symbol
Amotl2,Amotl2,symbol
Ryk,Ryk,symbol
LOC102549824,LOC102549824,symbol
Slco2a1,Slco2a1,symbol
LOC120094519,LOC120094519,symbol
Rab6b,Rab6b,symbol
Tf,Tf,symbol
Inhca,Inhca,symbol
Topbp1,Topbp1,symbol
Cdv3,Cdv3,symbol
Bfsp2,Bfsp2,symbol
Tmem108,Tmem108,symbol
ENSRNOG00000067695,,ensembl
Nphp3,Nphp3,symbol
Uba5,Uba5,symbol
Acad11,Acad11,symbol
Ackr4,Ackr4,symbol
Dnajc13,Dnajc13,symbol
AABR07071383.1,AABR07071383.1,symbol
Acp3,Acp3,symbol
LOC120094513,LOC120094513,symbol
Cpne4,Cpne4,symbol
Mrpl3,Mrpl3,symbol
Nudt16,Nudt16,symbol
Nudt16l2,Nudt16l2,symbol
Nek11,Nek11,symbol
Mir6330,Mir6330,symbol
Aste1,Aste1,symbol
Atp2c1,Atp2c1,symbol
LOC120094400,LOC120094400,symbol
Pik3r4,Pik3r4,symbol
Col6a6,Col6a6,symbol
Col6a5,Col6a5,symbol
Col6a4,Col6a4,symbol
Glyctk,Glyctk,symbol
Wdr82,Wdr82,symbol
Mirlet7g,Mirlet7g,symbol
Ppm1m,Ppm1m,symbol
Twf2,Twf2,symbol
Tlr9,Tlr9,symbol
Alas1,Alas1,symbol
Poc1a,Poc1a,symbol
Dusp7,Dusp7,symbol
Rpl29,Rpl29,symbol
Acy1,Acy1,symbol
Abhd14a,Abhd14a,symbol
Abhd14b,Abhd14b,symbol
Pcbp4,Pcbp4,symbol
Gpr62,Gpr62,symbol
Parp3,Parp3,symbol
Rrp9,Rrp9,symbol
Iqcf1,Iqcf1,symbol
Iqcf5,Iqcf5,symbol
Iqcf3,Iqcf3,symbol
LOC102550160,LOC102550160,symbol
Iqcf6,Iqcf6,symbol
Grm2,Grm2,symbol
Tex264,Tex264,symbol
Rad54l2,Rad54l2,symbol
Timm8a1-ps1,Timm8a1-ps1,symbol
Dcaf1,Dcaf1,symbol
Rbm15b,Rbm15b,symbol
Manf,Manf,symbol
Dock3,Dock3,symbol
LOC120094488,LOC120094488,symbol
Mapkapk3,Mapkapk3,symbol
Cish,Cish,symbol
Hemk1,Hemk1,symbol
RGD1307461,RGD1307461,symbol
Cacna2d2,Cacna2d2,symbol
Tmem115,Tmem115,symbol
Cyb561d2,Cyb561d2,symbol
Nprl2,Nprl2,symbol
Zmynd10,Zmynd10,symbol
Rassf1,Rassf1,symbol
LOC120094258,LOC120094258,symbol
Tusc2,Tusc2,symbol
Hyal2,Hyal2,symbol
Hyal1,Hyal1,symbol
Hyal3,Hyal3,symbol
Naa80,Naa80,symbol
Ifrd2,Ifrd2,symbol
Lsmem2,Lsmem2,symbol
Sema3b,Sema3b,symbol
Gnai2,Gnai2,symbol
Slc38a3,Slc38a3,symbol
Gnat1,Gnat1,symbol
Sema3f,Sema3f,symbol
Rbm5,Rbm5,symbol
Rbm6,Rbm6,symbol
Pclaf,Pclaf,symbol
Mon1a,Mon1a,symbol
Mst1r,Mst1r,symbol
Actl11,Actl11,symbol
Camkv,Camkv,symbol
Traip,Traip,symbol
Uba7,Uba7,symbol
Inka1,Inka1,symbol
Cdhr4,Cdhr4,symbol
Amigo3,Amigo3,symbol
Gmppb,Gmppb,symbol
Rnf123,Rnf123,symbol
Mst1,Mst1,symbol
Apeh,Apeh,symbol
Bsn,Bsn,symbol
Dag1,Dag1,symbol
Nicn1,Nicn1,symbol
Amt,Amt,symbol
Tcta,Tcta,symbol
Rhoa,Rhoa,symbol
Gpx1,Gpx1,symbol
ENSRNOG00000067375,,ensembl
LOC498675,LOC498675,symbol
Usp4,Usp4,symbol
Iho1,Iho1,symbol
LOC120094445,LOC120094445,symbol
LOC680045,LOC680045,symbol
Klhdc8b,Klhdc8b,symbol
Ccdc71,Ccdc71,symbol
Lamb2,Lamb2,symbol
Usp19,Usp19,symbol
Qars1,Qars1,symbol
Qrich1,Qrich1,symbol
Y_RNA,Y_RNA,symbol
Impdh2,Impdh2,symbol
Ndufaf3,Ndufaf3,symbol
ENSRNOG00000067969,,ensembl
Mir3555,Mir3555,symbol
Mir425,Mir425,symbol
Dalrd3,Dalrd3,symbol
Wdr6,Wdr6,symbol
P4htm,P4htm,symbol
Arih2,Arih2,symbol
Slc25a20,Slc25a20,symbol
AC107280.1,AC107280.1,symbol
Prkar2a,Prkar2a,symbol
Ip6k2,Ip6k2,symbol
LOC120094456,LOC120094456,symbol
Nckipsd,Nckipsd,symbol
Celsr3,Celsr3,symbol
Slc26a6,Slc26a6,symbol
Tmem89,Tmem89,symbol
LOC120094532,LOC120094532,symbol
Uqcrc1,Uqcrc1,symbol
Col7a1,Col7a1,symbol
Mir711,Mir711,symbol
Ucn2,Ucn2,symbol
Pfkfb4,Pfkfb4,symbol
ENSRNOG00000070993,,ensembl
ENSRNOG00000067000,,ensembl
Shisa5,Shisa5,symbol
Trex1,Trex1,symbol
Atrip,Atrip,symbol
Ccdc51,Ccdc51,symbol
LOC120094504,LOC120094504,symbol
Tma7,Tma7,symbol
Plxnb1,Plxnb1,symbol
Fbxw12,Fbxw12,symbol
Spink8,Spink8,symbol
Nme6,Nme6,symbol
Camp,Camp,symbol
Cdc25a,Cdc25a,symbol
Map4,Map4,symbol
Dhx30,Dhx30,symbol
LOC120094467,LOC120094467,symbol
Smarcc1,Smarcc1,symbol
Cspg5,Cspg5,symbol
AABR07071482.2,AABR07071482.2,symbol
AABR07071482.1,AABR07071482.1,symbol
Elp6,Elp6,symbol
Scap,Scap,symbol
AABR07071500.1,AABR07071500.1,symbol
Ptpn23,Ptpn23,symbol
Ngp,Ngp,symbol
Klhl18,Klhl18,symbol
Kif9,Kif9,symbol
ENSRNOG00000070140,,ensembl
Setd2,Setd2,symbol
Nbeal2,Nbeal2,symbol
Nradd,Nradd,symbol
Ccdc12,Ccdc12,symbol
Pth1r,Pth1r,symbol
Myl3,Myl3,symbol
Prss42,Prss42,symbol
Prss44,Prss44,symbol
ENSRNOG00000067210,,ensembl
LOC100360828,LOC100360828,symbol
Prss45,Prss45,symbol
Prss46,Prss46,symbol
Prss50,Prss50,symbol
Tmie,Tmie,symbol
Als2cl,Als2cl,symbol
ENSRNOG00000054635,,ensembl
AC132539.2,AC132539.2,symbol
Tdgf1,Tdgf1,symbol
Lrrc2,Lrrc2,symbol
Rtp3,Rtp3,symbol
AC132539.3,AC132539.3,symbol
RGD1565653,RGD1565653,symbol
Ltf,Ltf,symbol
Ccrl2,Ccrl2,symbol
LOC120094432,LOC120094432,symbol
Lrrfip2,Lrrfip2,symbol
Mlh1,Mlh1,symbol
Epm2aip1,Epm2aip1,symbol
Trank1,Trank1,symbol
LOC120094533,LOC120094533,symbol
Dclk3,Dclk3,symbol
Stac,Stac,symbol
ENSRNOG00000065882,,ensembl
ENSRNOG00000069058,,ensembl
ENSRNOG00000064430,,ensembl
Arpp21,Arpp21,symbol
Mir128-2,Mir128-2,symbol
LOC120094512,LOC120094512,symbol
Pdcd6ip,Pdcd6ip,symbol
Clasp2,Clasp2,symbol
LOC120094511,LOC120094511,symbol
Ubp1,Ubp1,symbol
Fbxl2,Fbxl2,symbol
ENSRNOG00000070154,,ensembl
Susd5,Susd5,symbol
LOC120094403,LOC120094403,symbol
Crtap,Crtap,symbol
LOC120094423,LOC120094423,symbol
Tmppe,Tmppe,symbol
Glb1,Glb1,symbol
Ccr4,Ccr4,symbol
Trim71,Trim71,symbol
Cnot10,Cnot10,symbol
LOC120094421,LOC120094421,symbol
LOC120094531,LOC120094531,symbol
Dync1li1,Dync1li1,symbol
Cmtm6,Cmtm6,symbol
Cmtm7,Cmtm7,symbol
Cmtm8,Cmtm8,symbol
LOC120094408,LOC120094408,symbol
Gpd1l,Gpd1l,symbol
Osbpl10,Osbpl10,symbol
Stt3b,Stt3b,symbol
LOC120094443,LOC120094443,symbol
ENSRNOG00000065164,LOC108351364,ensembl
Gadl1,Gadl1,symbol
Tgfbr2,Tgfbr2,symbol
LOC120094286,LOC120094286,symbol
ENSRNOG00000065274,,ensembl
Rbms3,Rbms3,symbol
Zcwpw2,Zcwpw2,symbol
Azi2,Azi2,symbol
Cmc1,Cmc1,symbol
ENSRNOG00000068706,,ensembl
Eomes,Eomes,symbol
ENSRNOG00000068511,,ensembl
ENSRNOG00000064312,,ensembl
ENSRNOG00000067959,,ensembl
ENSRNOG00000067785,,ensembl
Itga9,Itga9,symbol
Ctdspl,Ctdspl,symbol
Mir26a,Mir26a,symbol
Vill,Vill,symbol
Plcd1,Plcd1,symbol
Dlec1,Dlec1,symbol
Acaa1b,Acaa1b,symbol
Slc22a14,Slc22a14,symbol
Slc22a13,Slc22a13,symbol
Slc22a13l1,Slc22a13l1,symbol
Oxsr1,Oxsr1,symbol
ENSRNOG00000069577,,ensembl
ENSRNOG00000065114,,ensembl
Myd88,Myd88,symbol
Acaa1a,Acaa1a,symbol
Xylb,Xylb,symbol
Acvr2b,Acvr2b,symbol
ENSRNOG00000065435,,ensembl
Exog,Exog,symbol
Scn5a,Scn5a,symbol
Scn10a,Scn10a,symbol
Scn11a,Scn11a,symbol
AABR07071739.1,AABR07071739.1,symbol
Wdr48,Wdr48,symbol
Gorasp1,Gorasp1,symbol
Ttc21a,Ttc21a,symbol
Csrnp1,Csrnp1,symbol
ENSRNOG00000069457,,ensembl
Xirp1,Xirp1,symbol
Cx3cr1,Cx3cr1,symbol
Ccr8,Ccr8,symbol
Slc25a38,Slc25a38,symbol
ENSRNOG00000068525,,ensembl
Rpsa,Rpsa,symbol
Snora6l1,Snora6l1,symbol
Snora73bl1,Snora73bl1,symbol
Snora62l1,Snora62l1,symbol
ENSRNOG00000065520,,ensembl
Mobp,Mobp,symbol
AABR07071746.1,AABR07071746.1,symbol
Myrip,Myrip,symbol
LOC120094297,LOC120094297,symbol
Eif1b,Eif1b,symbol
Entpd3,Entpd3,symbol
Rpl14,Rpl14,symbol
Snrpel1,Snrpel1,symbol
Ctnnb1,Ctnnb1,symbol
Ulk4,Ulk4,symbol
Trak1,Trak1,symbol
Cck,Cck,symbol
ENSRNOG00000062699,,ensembl
Lyzl4,Lyzl4,symbol
Vipr1,Vipr1,symbol
ENSRNOG00000068512,,ensembl
Sec22c,Sec22c,symbol
Ss18l2,Ss18l2,symbol
Nktr,Nktr,symbol
Zbtb47,Zbtb47,symbol
Klhl40,Klhl40,symbol
Hhatl,Hhatl,symbol
Ccdc13,Ccdc13,symbol
Higd1a,Higd1a,symbol
Cyp8b1,Cyp8b1,symbol
Ackr2,Ackr2,symbol
Krbox1,Krbox1,symbol
AC128212.1,AC128212.1,symbol
Gask1a,Gask1a,symbol
Pomgnt2,Pomgnt2,symbol
Snrk,Snrk,symbol
Ano10,Ano10,symbol
LOC102552874,LOC102552874,symbol
Abhd5,Abhd5,symbol
Mir138-1,Mir138-1,symbol
Topaz1,Topaz1,symbol
Tcaim,Tcaim,symbol
Gm35549,Gm35549,symbol
Zfp445,Zfp445,symbol
LOC120094411,LOC120094411,symbol
Zkscan7,Zkscan7,symbol
Znf660,Znf660,symbol
Zfp105,Zfp105,symbol
Rpl7-ps3,Rpl7-ps3,symbol
RGD1311745,RGD1311745,symbol
Kif15,Kif15,symbol
Tmem42,Tmem42,symbol
Tgm4,Tgm4,symbol
Zdhhc3,Zdhhc3,symbol
Exosc7,Exosc7,symbol
Clec3b,Clec3b,symbol
LOC120094492,LOC120094492,symbol
Cdcp1,Cdcp1,symbol
Tmem158,Tmem158,symbol
Lars2,Lars2,symbol
Limd1,Limd1,symbol
Sacm1l,Sacm1l,symbol
Slc6a20a,Slc6a20a,symbol
Slc6a20a,Slc6a20a,symbol
Lztfl1,Lztfl1,symbol
Ccr9,Ccr9,symbol
Fyco1,Fyco1,symbol
Cxcr6,Cxcr6,symbol
ENSRNOG00000070499,,ensembl
Xcr1,Xcr1,symbol
ENSRNOG00000064896,,ensembl
Ccr1l1,Ccr1l1,symbol
Ccr3,Ccr3,symbol
Ccr2,Ccr2,symbol
LOC120094308,LOC120094308,symbol
Ccr5,Ccr5,symbol
ENSRNOG00000063332,,ensembl
LOC102553278,LOC102553278,symbol
LOC102555317,LOC102555317,symbol
ENSRNOG00000063877,,ensembl
ENSRNOG00000062764,,ensembl
Uxs1,Uxs1,symbol
LOC102555289,LOC102555289,symbol
LOC120094900,LOC120094900,symbol
Ebi3,Ebi3,symbol
Yju2,Yju2,symbol
Shd,Shd,symbol
Fsd1,Fsd1,symbol
Stap2,Stap2,symbol
Mpnd,Mpnd,symbol
Sh3gl1,Sh3gl1,symbol
Chaf1a,Chaf1a,symbol
Ubxn6,Ubxn6,symbol
Hdgfl2,Hdgfl2,symbol
Plin4,Plin4,symbol
Plin5,Plin5,symbol
Lrg1,Lrg1,symbol
Sema6b,Sema6b,symbol
Tnfaip8l1,Tnfaip8l1,symbol
Mydgf,Mydgf,symbol
Dpp9,Dpp9,symbol
LOC103693194,LOC103693194,symbol
Mir9,Mir9,symbol
LOC120094864,LOC120094864,symbol
Fem1a,Fem1a,symbol
Plin3,Plin3,symbol
Arrdc5,Arrdc5,symbol
Uhrf1,Uhrf1,symbol
LOC100362987,LOC100362987,symbol
Kdm4b,Kdm4b,symbol
Ptprs,Ptprs,symbol
Znrf4,Znrf4,symbol
ENSRNOG00000062818,,ensembl
Safb2,Safb2,symbol
Safb,Safb,symbol
Micos13,Micos13,symbol
Lonp1,Lonp1,symbol
Catsperd,Catsperd,symbol
Ranbp3,Ranbp3,symbol
Caps,Caps,symbol
Vmac,Vmac,symbol
Ndufa11,Ndufa11,symbol
Y_RNA,Y_RNA,symbol
Nrtn,Nrtn,symbol
Dus3l,Dus3l,symbol
Prr22,Prr22,symbol
Rfx2,Rfx2,symbol
Acsbg2,Acsbg2,symbol
Acsbg3,Acsbg3,symbol
Mllt1,Mllt1,symbol
LOC120094875,LOC120094875,symbol
Acer1,Acer1,symbol
Clpp,Clpp,symbol
Alkbh7,Alkbh7,symbol
Pspn,Pspn,symbol
Gtf2f1,Gtf2f1,symbol
Gm17949,Gm17949,symbol
Khsrp,Khsrp,symbol
Slc25a41,Slc25a41,symbol
Slc25a23,Slc25a23,symbol
Crb3,Crb3,symbol
Dennd1c,Dennd1c,symbol
Tubb4a,Tubb4a,symbol
LOC120094884,LOC120094884,symbol
Tnfsf9,Tnfsf9,symbol
Brcc3,Brcc3,symbol
Cd70,Cd70,symbol
Tnfsf14,Tnfsf14,symbol
C3,C3,symbol
Gpr108,Gpr108,symbol
Trip10,Trip10,symbol
Vav1,Vav1,symbol
Adgre1,Adgre1,symbol
Vom2r79,Vom2r79,symbol
LOC120094604,LOC120094604,symbol
ENSRNOG00000069918,,ensembl
LOC120094607,LOC120094607,symbol
ENSRNOG00000070059,,ensembl
LOC120094605,LOC120094605,symbol
ENSRNOG00000066502,,ensembl
ENSRNOG00000066561,,ensembl
LOC120094606,LOC120094606,symbol
LOC120094612,LOC120094612,symbol
LOC100360856,LOC100360856,symbol
ENSRNOG00000066507,,ensembl
LOC108351878,LOC108351878,symbol
LOC120094611,LOC120094611,symbol
LOC120094615,LOC120094615,symbol
ENSRNOG00000070131,,ensembl
LOC120093071,LOC120093071,symbol
ENSRNOG00000070668,,ensembl
AABR07066416.2,AABR07066416.2,symbol
LOC120094619,LOC120094619,symbol
ENSRNOG00000063386,,ensembl
ENSRNOG00000064269,,ensembl
Plcl2,Plcl2,symbol
ENSRNOG00000068801,,ensembl
Tbc1d5,Tbc1d5,symbol
Rps20-ps11,Rps20-ps11,symbol
LOC120094889,LOC120094889,symbol
Satb1,Satb1,symbol
ENSRNOG00000068089,,ensembl
ENSRNOG00000067653,,ensembl
Kcnh8,Kcnh8,symbol
LOC120094948,LOC120094948,symbol
LOC689479,LOC689479,symbol
Efhb,Efhb,symbol
LOC103690615,LOC103690615,symbol
LOC120094882,LOC120094882,symbol
Rab5a,Rab5a,symbol
Pp2d1,Pp2d1,symbol
Kat2b,Kat2b,symbol
LOC120094907,LOC120094907,symbol
Sgo1,Sgo1,symbol
LOC301165,LOC301165,symbol
LOC120093086,LOC120093086,symbol
LOC102551938,LOC102551938,symbol
Sult1c2a,Sult1c2a,symbol
ENSRNOG00000069656,,ensembl
RGD1559960,RGD1559960,symbol
Sult1c3,Sult1c3,symbol
Slc5a7,Slc5a7,symbol
ENSRNOG00000062352,,ensembl
ENSRNOG00000068934,,ensembl
St6gal2,St6gal2,symbol
Vom2r76,Vom2r76,symbol
Vom2r77,Vom2r77,symbol
Pot1b,Pot1b,symbol
LOC120094870,LOC120094870,symbol
Adgre4,Adgre4,symbol
LOC691414,LOC691414,symbol
LOC103690742,LOC103690742,symbol
LOC108351885,LOC108351885,symbol
LOC360998,LOC360998,symbol
AABR07069611.1,AABR07069611.1,symbol
LOC102557419,LOC102557419,symbol
Dazl,Dazl,symbol
Rftn1,Rftn1,symbol
Kif6,Kif6,symbol
Daam2,Daam2,symbol
Mocs1,Mocs1,symbol
ENSRNOG00000069708,,ensembl
LOC120094938,LOC120094938,symbol
Lrfn2,Lrfn2,symbol
LOC120094909,LOC120094909,symbol
Unc5cl,Unc5cl,symbol
Tspo2,Tspo2,symbol
Apobec2,Apobec2,symbol
Oard1,Oard1,symbol
Nfya,Nfya,symbol
Treml1,Treml1,symbol
Trem2,Trem2,symbol
RGD1307182,RGD1307182,symbol
Treml2,Treml2,symbol
Treml4,Treml4,symbol
Trem3,Trem3,symbol
Trem1,Trem1,symbol
AABR07066753.1,AABR07066753.1,symbol
LOC680920,LOC680920,symbol
RGD1565959,RGD1565959,symbol
ENSRNOG00000066209,,ensembl
LOC680955,LOC680955,symbol
LOC100911489,LOC100911489,symbol
Foxp4,Foxp4,symbol
Mdfi,Mdfi,symbol
Tfeb,Tfeb,symbol
Pgc,Pgc,symbol
Frs3,Frs3,symbol
Prickle4,Prickle4,symbol
Usp49,Usp49,symbol
ENSRNOG00000066397,,ensembl
Med20,Med20,symbol
Bysl,Bysl,symbol
Ccnd3,Ccnd3,symbol
Taf8,Taf8,symbol
C9h6orf132,C9h6orf132,symbol
LOC100912849,LOC100912849,symbol
LOC120094981,LOC120094981,symbol
Guca1a,Guca1a,symbol
Guca1b,Guca1b,symbol
Mrps10,Mrps10,symbol
ENSRNOG00000064695,,ensembl
Trerf1,Trerf1,symbol
LOC120094873,LOC120094873,symbol
LOC120094859,LOC120094859,symbol
Ubr2,Ubr2,symbol
LOC120094984,LOC120094984,symbol
Prph2,Prph2,symbol
Tbcc,Tbcc,symbol
ENSRNOG00000071018,,ensembl
ENSRNOG00000069650,,ensembl
ENSRNOG00000069108,,ensembl
Bicral,Bicral,symbol
Rpl7l1,Rpl7l1,symbol
LOC120093043,LOC120093043,symbol
LOC681367,LOC681367,symbol
Ptcra,Ptcra,symbol
Cnpy3,Cnpy3,symbol
Gnmt,Gnmt,symbol
Pex6,Pex6,symbol
Ppp2r5d,Ppp2r5d,symbol
Mea1,Mea1,symbol
Klhdc3,Klhdc3,symbol
Rrp36,Rrp36,symbol
Cul7,Cul7,symbol
Mrpl2,Mrpl2,symbol
Klc4,Klc4,symbol
Ptk7,Ptk7,symbol
LOC120094784,LOC120094784,symbol
Srf,Srf,symbol
Cul9,Cul9,symbol
Dnph1,Dnph1,symbol
Ttbk1,Ttbk1,symbol
Slc22a7,Slc22a7,symbol
Crip3,Crip3,symbol
Zfp318,Zfp318,symbol
LOC120094892,LOC120094892,symbol
Abcc10,Abcc10,symbol
Dlk2,Dlk2,symbol
LOC120094867,LOC120094867,symbol
Tjap1,Tjap1,symbol
Lrrc73,Lrrc73,symbol
Yipf3,Yipf3,symbol
Polr1c,Polr1c,symbol
Xpo5,Xpo5,symbol
Polh,Polh,symbol
Metazoa_SRP,Metazoa_SRP,symbol
Gtpbp2,Gtpbp2,symbol
Rps2-ps6,Rps2-ps6,symbol
Mad2l1bp,Mad2l1bp,symbol
Rsph9,Rsph9,symbol
Mrps18a,Mrps18a,symbol
Vegfa,Vegfa,symbol
ENSRNOG00000070466,,ensembl
Aars2,Aars2,symbol
Mrpl14,Mrpl14,symbol
Tmem63b,Tmem63b,symbol
Capn11,Capn11,symbol
Mymx,Mymx,symbol
Slc29a1,Slc29a1,symbol
Hsp90ab1,Hsp90ab1,symbol
Nfkbie,Nfkbie,symbol
Slc35b2,Slc35b2,symbol
Tmem151b,Tmem151b,symbol
Tcte1,Tcte1,symbol
Spats1,Spats1,symbol
LOC103690502,LOC103690502,symbol
Cdc5l,Cdc5l,symbol
LOC102551267,LOC102551267,symbol
LOC120094887,LOC120094887,symbol
ENSRNOG00000065180,,ensembl
Supt3h,Supt3h,symbol
Znrd1as,Znrd1as,symbol
Runx2,Runx2,symbol
Clic5,Clic5,symbol
LOC108351895,LOC108351895,symbol
Enpp4,Enpp4,symbol
Enpp5,Enpp5,symbol
Rcan2,Rcan2,symbol
Cyp39a1,Cyp39a1,symbol
Slc25a27,Slc25a27,symbol
Tdrd6,Tdrd6,symbol
Pla2g7,Pla2g7,symbol
LOC120094968,LOC120094968,symbol
Ankrd66,Ankrd66,symbol
Mep1a,Mep1a,symbol
Adgrf5,Adgrf5,symbol
ENSRNOG00000066291,,ensembl
Adgrf1,Adgrf1,symbol
ENSRNOG00000064678,,ensembl
Tnfrsf21,Tnfrsf21,symbol
Cd2ap,Cd2ap,symbol
Adgrf2,Adgrf2,symbol
Adgrf4,Adgrf4,symbol
Opn5,Opn5,symbol
Ptchd4,Ptchd4,symbol
ENSRNOG00000066605,,ensembl
ENSRNOG00000067466,,ensembl
Mmut,Mmut,symbol
Cenpq,Cenpq,symbol
Glyatl3,Glyatl3,symbol
C9h6orf141,C9h6orf141,symbol
ENSRNOG00000064625,,ensembl
Cyp2ac1,Cyp2ac1,symbol
Rhag,Rhag,symbol
Crisp2,Crisp2,symbol
ENSRNOG00000068915,,ensembl
LOC102553880,LOC102553880,symbol
LOC108351994,LOC108351994,symbol
ENSRNOG00000066672,,ensembl
Uqcrb-ps2,Uqcrb-ps2,symbol
Crisp3,Crisp3,symbol
Pgk2,Pgk2,symbol
LOC120094927,LOC120094927,symbol
ENSRNOG00000068858,,ensembl
ENSRNOG00000066520,,ensembl
Crisp1,Crisp1,symbol
Defb49,Defb49,symbol
Defb18,Defb18,symbol
Defb16,Defb16,symbol
ENSRNOG00000069864,,ensembl
LOC120094874,LOC120094874,symbol
LOC120094879,LOC120094879,symbol
ENSRNOG00000064433,,ensembl
LOC120094920,LOC120094920,symbol
AABR07066994.1,AABR07066994.1,symbol
Tfap2d,Tfap2d,symbol
Tfap2b,Tfap2b,symbol
Pkhd1,Pkhd1,symbol
Mir206,Mir206,symbol
Mir133b,Mir133b,symbol
Il17a,Il17a,symbol
LOC120094868,LOC120094868,symbol
Il17f,Il17f,symbol
Mcm3,Mcm3,symbol
LOC120094940,LOC120094940,symbol
Paqr8,Paqr8,symbol
LOC120094937,LOC120094937,symbol
Efhc1,Efhc1,symbol
ENSRNOG00000064843,Tram2,ensembl
Tram2,Tram2,symbol
RGD1562107,RGD1562107,symbol
Tmem14a,Tmem14a,symbol
Gsta3,Gsta3,symbol
ENSRNOG00000064063,,ensembl
LOC120094861,LOC120094861,symbol
Gsta1,Gsta1,symbol
Rpl10a-ps1,Rpl10a-ps1,symbol
Tmem14a,Tmem14a,symbol
Gsta6,Gsta6,symbol
Khdc1,Khdc1,symbol
AABR07067042.3,AABR07067042.3,symbol
ENSRNOG00000068597,,ensembl
ENSRNOG00000066918,,ensembl
Kcnq5,Kcnq5,symbol
Rims1,Rims1,symbol
ENSRNOG00000068665,,ensembl
RGD1309049,RGD1309049,symbol
LOC120094650,LOC120094650,symbol
LOC120094935,LOC120094935,symbol
ENSRNOG00000063871,,ensembl
Mir30a,Mir30a,symbol
Mir30c2,Mir30c2,symbol
ENSRNOG00000066935,,ensembl
Ogfrl1,Ogfrl1,symbol
B3gat2,B3gat2,symbol
AABR07068694.1,AABR07068694.1,symbol
Smap1,Smap1,symbol
ENSRNOG00000068218,,ensembl
ENSRNOG00000067937,,ensembl
Fam135a,Fam135a,symbol
Col9a1,Col9a1,symbol
Col19a1,Col19a1,symbol
Lmbrd1,Lmbrd1,symbol
Adgrb3,Adgrb3,symbol
LOC120094962,LOC120094962,symbol
LOC120094965,LOC120094965,symbol
LOC120094898,LOC120094898,symbol
LOC120094978,LOC120094978,symbol
LOC120094941,LOC120094941,symbol
LOC689725,LOC689725,symbol
LOC120094866,LOC120094866,symbol
LOC120094982,LOC120094982,symbol
LOC120094934,LOC120094934,symbol
Spata31e1,Spata31e1,symbol
ENSRNOG00000065536,,ensembl
ENSRNOG00000063619,,ensembl
AABR07067267.1,AABR07067267.1,symbol
Phf3,Phf3,symbol
Ptp4a1,Ptp4a1,symbol
ENSRNOG00000066144,,ensembl
ENSRNOG00000067085,,ensembl
Lgsn,Lgsn,symbol
ENSRNOG00000070817,,ensembl
LOC120094931,LOC120094931,symbol
LOC120094908,LOC120094908,symbol
LOC120094869,LOC120094869,symbol
Khdrbs2,Khdrbs2,symbol
LOC120094876,LOC120094876,symbol
ENSRNOG00000065109,,ensembl
Prim2,Prim2,symbol
ENSRNOG00000066303,,ensembl
Rab23,Rab23,symbol
Bag2,Bag2,symbol
Zfp451,Zfp451,symbol
Bend6,Bend6,symbol
Dst,Dst,symbol
LOC102551518,LOC102551518,symbol
Ccdc115,Ccdc115,symbol
Imp4,Imp4,symbol
Ptpn18,Ptpn18,symbol
ENSRNOG00000064267,,ensembl
Prss39,Prss39,symbol
Cfc1,Cfc1,symbol
LOC120094893,LOC120094893,symbol
Prss40,Prss40,symbol
Amer3,Amer3,symbol
Arhgef4,Arhgef4,symbol
Fam168b,Fam168b,symbol
Plekhb2,Plekhb2,symbol
LOC120094916,LOC120094916,symbol
LOC120094913,LOC120094913,symbol
LOC120094922,LOC120094922,symbol
LOC120094862,LOC120094862,symbol
AABR07067388.1,AABR07067388.1,symbol
AABR07066440.1,AABR07066440.1,symbol
Hs6st1,Hs6st1,symbol
Uggt1,Uggt1,symbol
Neurl3,Neurl3,symbol
LOC102554222,LOC102554222,symbol
Arid5a,Arid5a,symbol
Kansl3,Kansl3,symbol
Fer1l5,Fer1l5,symbol
Lman2l,Lman2l,symbol
Cnnm4,Cnnm4,symbol
Cnnm3,Cnnm3,symbol
Ankrd23,Ankrd23,symbol
Ankrd39,Ankrd39,symbol
Sema4c,Sema4c,symbol
Fam178b,Fam178b,symbol
Cox5b,Cox5b,symbol
Actr1b,Actr1b,symbol
LOC100909859,LOC100909859,symbol
LOC120094966,LOC120094966,symbol
Zap70,Zap70,symbol
Tmem131,Tmem131,symbol
Vwa3b,Vwa3b,symbol
Cnga3,Cnga3,symbol
Inpp4a,Inpp4a,symbol
AC133270.1,AC133270.1,symbol
ENSRNOG00000064457,,ensembl
Unc50,Unc50,symbol
Mgat4a,Mgat4a,symbol
Cracdl,Cracdl,symbol
LOC120094963,LOC120094963,symbol
Tsga10,Tsga10,symbol
Lipt1,Lipt1,symbol
Mitd1,Mitd1,symbol
Mrpl30,Mrpl30,symbol
Lyg2,Lyg2,symbol
Lyg1,Lyg1,symbol
Txndc9,Txndc9,symbol
Txndc9,Txndc9,symbol
Eif5b,Eif5b,symbol
Rev1,Rev1,symbol
Aff3,Aff3,symbol
LOC120094904,LOC120094904,symbol
Lonrf2,Lonrf2,symbol
Chst10,Chst10,symbol
LOC120094971,LOC120094971,symbol
NMS,NMS,symbol
ENSRNOG00000067476,,ensembl
Pdcl3,Pdcl3,symbol
AABR07067441.3,AABR07067441.3,symbol
Npas2,Npas2,symbol
Rpl31,Rpl31,symbol
Tbc1d8,Tbc1d8,symbol
Cnot11,Cnot11,symbol
ENSRNOG00000067231,,ensembl
ENSRNOG00000065512,,ensembl
LOC120094944,LOC120094944,symbol
Rnf149,Rnf149,symbol
Creg2,Creg2,symbol
LOC120094921,LOC120094921,symbol
Rfx8,Rfx8,symbol
ENSRNOG00000068018,,ensembl
Map4k4,Map4k4,symbol
ENSRNOG00000065261,,ensembl
Il1r2,Il1r2,symbol
RGD1564447,RGD1564447,symbol
Il1r1,Il1r1,symbol
Il1rl2,Il1rl2,symbol
AABR07067459.1,AABR07067459.1,symbol
Il1rl1,Il1rl1,symbol
Il18r1,Il18r1,symbol
Il18rap,Il18rap,symbol
Slc9a4,Slc9a4,symbol
Slc9a2,Slc9a2,symbol
Mfsd9,Mfsd9,symbol
Tmem182,Tmem182,symbol
ENSRNOG00000064212,,ensembl
Pou3f3,Pou3f3,symbol
LOC103690528,LOC103690528,symbol
Mrps9,Mrps9,symbol
LOC120094930,LOC120094930,symbol
Arpc5l-ps1,Arpc5l-ps1,symbol
Gpr45,Gpr45,symbol
Tgfbrap1,Tgfbrap1,symbol
RGD1310553,RGD1310553,symbol
Fhl2,Fhl2,symbol
Hsp90ab1-ps13,Hsp90ab1-ps13,symbol
LOC120094961,LOC120094961,symbol
Nck2,Nck2,symbol
Ecrg4,Ecrg4,symbol
Tpp2,Tpp2,symbol
LOC120094976,LOC120094976,symbol
Mettl21c,Mettl21c,symbol
Ccdc168,Ccdc168,symbol
Tex30,Tex30,symbol
Poglut2,Poglut2,symbol
Bivm,Bivm,symbol
Ercc5,Ercc5,symbol
Mettl21cl1,Mettl21cl1,symbol
RGD1562067,RGD1562067,symbol
Gulp1,Gulp1,symbol
LOC120094972,LOC120094972,symbol
ENSRNOG00000064156,,ensembl
Col3a1,Col3a1,symbol
Col5a2,Col5a2,symbol
LOC120094964,LOC120094964,symbol
RGD1562143,RGD1562143,symbol
RNaseP_nuc,RNaseP_nuc,symbol
Wdr75,Wdr75,symbol
Slc40a1,Slc40a1,symbol
LOC685108,LOC685108,symbol
Asdurf,Asdurf,symbol
Ankar,Ankar,symbol
Osgepl1,Osgepl1,symbol
ENSRNOG00000068766,,ensembl
ENSRNOG00000069534,,ensembl
Ormdl1,Ormdl1,symbol
Pms1,Pms1,symbol
LOC120094923,LOC120094923,symbol
Mstn,Mstn,symbol
ENSRNOG00000070100,,ensembl
LOC685203,LOC685203,symbol
Hibch,Hibch,symbol
Inpp1,Inpp1,symbol
AABR07067600.1,AABR07067600.1,symbol
Mfsd6,Mfsd6,symbol
Nemp2,Nemp2,symbol
Nab1,Nab1,symbol
Gls,Gls,symbol
Stat4,Stat4,symbol
ENSRNOG00000062778,,ensembl
Myo1b,Myo1b,symbol
ENSRNOG00000067543,,ensembl
Nabp1,Nabp1,symbol
ENSRNOG00000064735,,ensembl
Cavin2,Cavin2,symbol
LOC120094969,LOC120094969,symbol
LOC120094903,LOC120094903,symbol
LOC120094970,LOC120094970,symbol
Tmeff2,Tmeff2,symbol
LOC120094929,LOC120094929,symbol
LOC120094959,LOC120094959,symbol
LOC120094983,LOC120094983,symbol
ENSRNOG00000069389,,ensembl
ENSRNOG00000068790,,ensembl
ENSRNOG00000067131,,ensembl
Slc39a10,Slc39a10,symbol
Dnah7,Dnah7,symbol
Stk17b,Stk17b,symbol
ENSRNOG00000066315,,ensembl
ENSRNOG00000070970,,ensembl
Hecw2,Hecw2,symbol
LOC120094953,LOC120094953,symbol
Ccdc150,Ccdc150,symbol
AABR07067749.1,AABR07067749.1,symbol
Gtf3c3,Gtf3c3,symbol
LOC686030,LOC686030,symbol
ENSRNOG00000065623,,ensembl
ENSRNOG00000064815,,ensembl
Pgap1,Pgap1,symbol
Ankrd44,Ankrd44,symbol
Tmem258b,Tmem258b,symbol
ENSRNOG00000065639,,ensembl
ENSRNOG00000066163,,ensembl
Sf3b1,Sf3b1,symbol
Coq10b,Coq10b,symbol
Hspd1,Hspd1,symbol
Hspe1,Hspe1,symbol
Mob4,Mob4,symbol
Rftn2,Rftn2,symbol
AABR07067762.1,AABR07067762.1,symbol
Mars2,Mars2,symbol
Boll,Boll,symbol
Plcl1,Plcl1,symbol
Hsfy2,Hsfy2,symbol
Satb2,Satb2,symbol
LOC120094880,LOC120094880,symbol
ENSRNOG00000065056,,ensembl
LOC102549484,LOC102549484,symbol
RGD1306941,RGD1306941,symbol
Tyw5,Tyw5,symbol
Maip1,Maip1,symbol
LOC120094912,LOC120094912,symbol
ENSRNOG00000063556,,ensembl
Spats2l,Spats2l,symbol
Kctd18,Kctd18,symbol
LOC120094872,LOC120094872,symbol
Sgo2,Sgo2,symbol
Aox1,Aox1,symbol
Aox3,Aox3,symbol
LOC120094932,LOC120094932,symbol
ENSRNOG00000068995,,ensembl
Aox2,Aox2,symbol
ENSRNOG00000062384,,ensembl
Bzw1,Bzw1,symbol
Clk1,Clk1,symbol
Ppil3,Ppil3,symbol
Nif3l1,Nif3l1,symbol
LOC120094958,LOC120094958,symbol
Orc2,Orc2,symbol
Hycc2,Hycc2,symbol
AABR07019088.1,AABR07019088.1,symbol
Ndufb3,Ndufb3,symbol
Cflar,Cflar,symbol
LOC102550737,LOC102550737,symbol
Casp8,Casp8,symbol
Flacc1,Flacc1,symbol
Trak2,Trak2,symbol
Stradb,Stradb,symbol
C2cd6,C2cd6,symbol
LOC120094911,LOC120094911,symbol
Tmem237,Tmem237,symbol
Mpp4,Mpp4,symbol
LOC120094797,LOC120094797,symbol
Als2,Als2,symbol
AABR07067814.1,AABR07067814.1,symbol
Cdk15,Cdk15,symbol
Fzd7,Fzd7,symbol
RGD1562029,RGD1562029,symbol
Sumo1,Sumo1,symbol
Nop58,Nop58,symbol
LOC120094899,LOC120094899,symbol
LOC120094942,LOC120094942,symbol
LOC120094943,LOC120094943,symbol
LOC120094947,LOC120094947,symbol
LOC120094946,LOC120094946,symbol
Bmpr2,Bmpr2,symbol
ENSRNOG00000066953,LOC134480579,ensembl
ENSRNOG00000064128,,ensembl
LOC301444,LOC301444,symbol
Fam117b,Fam117b,symbol
Ica1l,Ica1l,symbol
Wdr12,Wdr12,symbol
Carf,Carf,symbol
Nbeal1,Nbeal1,symbol
ENSRNOG00000068999,,ensembl
ENSRNOG00000070271,,ensembl
Cyp20a1,Cyp20a1,symbol
Abi2,Abi2,symbol
Raph1,Raph1,symbol
LOC120094895,LOC120094895,symbol
Cd28,Cd28,symbol
ENSRNOG00000068041,,ensembl
Ctla4,Ctla4,symbol
Icos,Icos,symbol
Pard3b,Pard3b,symbol
Nrp2,Nrp2,symbol
Rpl37-ps5,Rpl37-ps5,symbol
LOC120094933,LOC120094933,symbol
ENSRNOG00000069857,,ensembl
ENSRNOG00000070944,,ensembl
Ino80d,Ino80d,symbol
Ndufs1,Ndufs1,symbol
Eef1b2,Eef1b2,symbol
LOC120094886,LOC120094886,symbol
LOC120094888,LOC120094888,symbol
Cmklr2,Cmklr2,symbol
Zdbf2,Zdbf2,symbol
Adam23,Adam23,symbol
Fam237a,Fam237a,symbol
Dytn,Dytn,symbol
Mdh1b,Mdh1b,symbol
ENSRNOG00000063009,,ensembl
Fastkd2,Fastkd2,symbol
ENSRNOG00000063607,,ensembl
Klf7,Klf7,symbol
ENSRNOG00000064410,,ensembl
LOC103690545,LOC103690545,symbol
Creb1,Creb1,symbol
Mettl21a,Mettl21a,symbol
ENSRNOG00000066791,,ensembl
AC111319.1,AC111319.1,symbol
Ccnyl1,Ccnyl1,symbol
Fzd5,Fzd5,symbol
ENSRNOG00000065709,,ensembl
Plekhm3,Plekhm3,symbol
LOC120094952,LOC120094952,symbol
Cryga,Cryga,symbol
Crygd,Crygd,symbol
Crygc,Crygc,symbol
Crygb,Crygb,symbol
Cryga,Cryga,symbol
Idh1,Idh1,symbol
Pikfyve,Pikfyve,symbol
Pth2r,Pth2r,symbol
LOC120094967,LOC120094967,symbol
Crygf,Crygf,symbol
ENSRNOG00000068845,,ensembl
Map2,Map2,symbol
Unc80,Unc80,symbol
Rpe,Rpe,symbol
Kansl1l,Kansl1l,symbol
ENSRNOG00000063935,,ensembl
ENSRNOG00000065023,,ensembl
Acadl,Acadl,symbol
LOC120094878,LOC120094878,symbol
LOC120094910,LOC120094910,symbol
Myl1,Myl1,symbol
ENSRNOG00000068276,,ensembl
Lancl1,Lancl1,symbol
Cps1,Cps1,symbol
LOC120094918,LOC120094918,symbol
Erbb4,Erbb4,symbol
LOC120094945,LOC120094945,symbol
RGD1562431,RGD1562431,symbol
Ikzf2,Ikzf2,symbol
LOC102550841,LOC102550841,symbol
LOC120094917,LOC120094917,symbol
ENSRNOG00000069358,,ensembl
LOC120094902,LOC120094902,symbol
Vwc2l,Vwc2l,symbol
Bard1,Bard1,symbol
Abca12,Abca12,symbol
Atic,Atic,symbol
Fn1,Fn1,symbol
AABR07068042.1,AABR07068042.1,symbol
ENSRNOG00000063186,,ensembl
Metazoa_SRP,Metazoa_SRP,symbol
LOC102554284,LOC102554284,symbol
LOC120094960,LOC120094960,symbol
Mreg,Mreg,symbol
LOC120094956,LOC120094956,symbol
LOC120094954,LOC120094954,symbol
LOC120094955,LOC120094955,symbol
LOC120094957,LOC120094957,symbol
Pecr,Pecr,symbol
Tmem169,Tmem169,symbol
Xrcc5,Xrcc5,symbol
Marchf4,Marchf4,symbol
ENSRNOG00000063848,,ensembl
Smarcal1,Smarcal1,symbol
ENSRNOG00000065880,,ensembl
ENSRNOG00000063418,Rpl37a,ensembl
Igfbp2,Igfbp2,symbol
Igfbp5,Igfbp5,symbol
Tnp1,Tnp1,symbol
LOC120094901,LOC120094901,symbol
Tns1,Tns1,symbol
Rufy4,Rufy4,symbol
Cxcr2,Cxcr2,symbol
Cxcr1,Cxcr1,symbol
Arpc2,Arpc2,symbol
Gpbar1,Gpbar1,symbol
Aamp,Aamp,symbol
Pnkd,Pnkd,symbol
ENSRNOG00000062745,,ensembl
Tmbim1,Tmbim1,symbol
Catip,Catip,symbol
Slc11a1,Slc11a1,symbol
Ctdsp1,Ctdsp1,symbol
Mir26b,Mir26b,symbol
Vil1,Vil1,symbol
Usp37,Usp37,symbol
Cnot9,Cnot9,symbol
Plcd4,Plcd4,symbol
Zfp142,Zfp142,symbol
Bcs1l,Bcs1l,symbol
Rnf25,Rnf25,symbol
Stk36,Stk36,symbol
Ttll4,Ttll4,symbol
Cyp27a1,Cyp27a1,symbol
Prkag3,Prkag3,symbol
ENSRNOG00000067128,,ensembl
Wnt6,Wnt6,symbol
Wnt10a,Wnt10a,symbol
AC132020.1,AC132020.1,symbol
Cdk5r2,Cdk5r2,symbol
Fev,Fev,symbol
Cryba2,Cryba2,symbol
ENSRNOG00000064453,,ensembl
Mir375,Mir375,symbol
Cfap65,Cfap65,symbol
Ihh,Ihh,symbol
Nhej1,Nhej1,symbol
AABR07068084.1,AABR07068084.1,symbol
Slc23a3,Slc23a3,symbol
Cnppd1,Cnppd1,symbol
Retreg2,Retreg2,symbol
ENSRNOG00000065469,,ensembl
Zfand2b,Zfand2b,symbol
Abcb6,Abcb6,symbol
Atg9a,Atg9a,symbol
Ankzf1,Ankzf1,symbol
Glb1l,Glb1l,symbol
Stk16,Stk16,symbol
Tuba4a,Tuba4a,symbol
ENSRNOG00000066987,,ensembl
ENSRNOG00000065306,,ensembl
ENSRNOG00000065392,,ensembl
Dnajb2,Dnajb2,symbol
Ptprn,Ptprn,symbol
Resp18,Resp18,symbol
Dnpep,Dnpep,symbol
Des,Des,symbol
Speg,Speg,symbol
Gmppa,Gmppa,symbol
LOC108351955,LOC108351955,symbol
Asic4,Asic4,symbol
Chpf,Chpf,symbol
Tmem198,Tmem198,symbol
Obsl1,Obsl1,symbol
Inha,Inha,symbol
Stk11ip,Stk11ip,symbol
Slc4a3,Slc4a3,symbol
ENSRNOG00000067248,,ensembl
ENSRNOG00000066376,,ensembl
LOC108351965,LOC108351965,symbol
LOC120094891,LOC120094891,symbol
Epha4,Epha4,symbol
LOC120094905,LOC120094905,symbol
Pax3,Pax3,symbol
ENSRNOG00000064675,,ensembl
LOC120094975,LOC120094975,symbol
Sgpp2,Sgpp2,symbol
Farsb,Farsb,symbol
Mogat1,Mogat1,symbol
LOC102551819,LOC102551819,symbol
Acsl3,Acsl3,symbol
Kcne4,Kcne4,symbol
Hdac1l,Hdac1l,symbol
ENSRNOG00000067739,,ensembl
Scg2,Scg2,symbol
LOC120094936,LOC120094936,symbol
Ap1s3,Ap1s3,symbol
Wdfy1,Wdfy1,symbol
Mrpl44,Mrpl44,symbol
AABR07039648.1,AABR07039648.1,symbol
Serpine2,Serpine2,symbol
Fam124b,Fam124b,symbol
Cul3,Cul3,symbol
ENSRNOG00000068281,Ccdc195,ensembl
AABR07068154.1,AABR07068154.1,symbol
Dock10,Dock10,symbol
Rnf11l2,Rnf11l2,symbol
Nyap2,Nyap2,symbol
Irs1,Irs1,symbol
ENSRNOG00000067978,,ensembl
Rhbdd1,Rhbdd1,symbol
Col4a4,Col4a4,symbol
Col4a3,Col4a3,symbol
ENSRNOG00000070735,,ensembl
Mff,Mff,symbol
Tm4sf20,Tm4sf20,symbol
Gm47791,Gm47791,symbol
Agfg1,Agfg1,symbol
ENSRNOG00000063123,,ensembl
A030014E15Rik,A030014E15Rik,symbol
ENSRNOG00000067364,,ensembl
Slc19a3,Slc19a3,symbol
Krtap28-10,Krtap28-10,symbol
ENSRNOG00000069111,,ensembl
ENSRNOG00000069638,LOC134480297,ensembl
Krtap28-13,Krtap28-13,symbol
Ccl20,Ccl20,symbol
Daw1,Daw1,symbol
Sphkap,Sphkap,symbol
LOC120094919,LOC120094919,symbol
Pid1,Pid1,symbol
Dner,Dner,symbol
Mir5126,Mir5126,symbol
Trip12,Trip12,symbol
Fbxo36,Fbxo36,symbol
Slc16a14,Slc16a14,symbol
Csprs,Csprs,symbol
Sp110,Sp110,symbol
Sp140,Sp140,symbol
AABR07068248.1,AABR07068248.1,symbol
ENSRNOG00000066026,,ensembl
Sp100,Sp100,symbol
RGD1563917,RGD1563917,symbol
Cab39,Cab39,symbol
Itm2c,Itm2c,symbol
LOC120094894,LOC120094894,symbol
Gpr55,Gpr55,symbol
AABR07068253.1,AABR07068253.1,symbol
Spata3,Spata3,symbol
LOC100362216,LOC100362216,symbol
Psmd1,Psmd1,symbol
Htr2b,Htr2b,symbol
Armc9,Armc9,symbol
B3gnt7,B3gnt7,symbol
Ncl,Ncl,symbol
LOC120094881,LOC120094881,symbol
LOC120094885,LOC120094885,symbol
LOC120094883,LOC120094883,symbol
Nmur1,Nmur1,symbol
LOC103690563,LOC103690563,symbol
Tex44,Tex44,symbol
LOC100359583,LOC100359583,symbol
LOC120094949,LOC120094949,symbol
Pde6d,Pde6d,symbol
Cops7b,Cops7b,symbol
Nppc,Nppc,symbol
Dis3l2,Dis3l2,symbol
Alpg,Alpg,symbol
Alpp,Alpp,symbol
Alpi,Alpi,symbol
LOC120094871,LOC120094871,symbol
Akp3,Akp3,symbol
Ecel1,Ecel1,symbol
Prss56,Prss56,symbol
Chrnd,Chrnd,symbol
Chrng,Chrng,symbol
LOC120094860,LOC120094860,symbol
Efhd1,Efhd1,symbol
Gigyf2,Gigyf2,symbol
Kcnj13,Kcnj13,symbol
Snorc,Snorc,symbol
Ngef,Ngef,symbol
AABR07068274.1,AABR07068274.1,symbol
Neu2,Neu2,symbol
Inpp5d,Inpp5d,symbol
Atg16l1,Atg16l1,symbol
LOC120094897,LOC120094897,symbol
LOC120094896,LOC120094896,symbol
Sag,Sag,symbol
Dgkd,Dgkd,symbol
Usp40,Usp40,symbol
Ugt1a8,Ugt1a8,symbol
Dnajb3,Dnajb3,symbol
Mroh2a,Mroh2a,symbol
Hjurp,Hjurp,symbol
Trpm8,Trpm8,symbol
LOC120094914,LOC120094914,symbol
Spp2,Spp2,symbol
Arl4c,Arl4c,symbol
Sh3bp4,Sh3bp4,symbol
LOC120094980,LOC120094980,symbol
ENSRNOG00000067510,,ensembl
Agap1,Agap1,symbol
ENSRNOG00000062796,,ensembl
ENSRNOG00000065093,,ensembl
Gbx2,Gbx2,symbol
Asb18,Asb18,symbol
Iqca1,Iqca1,symbol
Ackr3,Ackr3,symbol
Cops8,Cops8,symbol
Col6a3,Col6a3,symbol
Mlph,Mlph,symbol
Prlh,Prlh,symbol
Rab17,Rab17,symbol
Lrrfip1,Lrrfip1,symbol
Rbm44,Rbm44,symbol
ENSRNOG00000066608,,ensembl
Ramp1,Ramp1,symbol
Ube2f,Ube2f,symbol
Scly,Scly,symbol
Espnl,Espnl,symbol
Klhl30,Klhl30,symbol
Erfe,Erfe,symbol
Ilkap,Ilkap,symbol
ENSRNOG00000068035,,ensembl
Hes6,Hes6,symbol
Per2,Per2,symbol
AC141966.1,AC141966.1,symbol
Traf3ip1,Traf3ip1,symbol
LOC120094985,LOC120094985,symbol
Asb1,Asb1,symbol
Twist2,Twist2,symbol
Hdac4,Hdac4,symbol
ENSRNOG00000068729,,ensembl
LOC120094890,LOC120094890,symbol
AABR07068327.1,AABR07068327.1,symbol
Ndufa10,Ndufa10,symbol
Or6b2,Or6b2,symbol
Or6b2b,Or6b2b,symbol
Or6b3,Or6b3,symbol
Or9s23b,Or9s23b,symbol
Or9s23,Or9s23,symbol
Or9s27,Or9s27,symbol
Or9s15,Or9s15,symbol
Or9s27,Or9s27,symbol
Or9s14,Or9s14,symbol
Or9s13,Or9s13,symbol
Cops9,Cops9,symbol
Otos,Otos,symbol
Gpc1,Gpc1,symbol
Mir149,Mir149,symbol
Ankmy1,Ankmy1,symbol
Rnpepl1,Rnpepl1,symbol
ENSRNOG00000070844,,ensembl
Capn10,Capn10,symbol
LOC120094865,LOC120094865,symbol
Gpr35,Gpr35,symbol
ENSRNOG00000065967,,ensembl
ENSRNOG00000070524,,ensembl
Aqp12a,Aqp12a,symbol
Kif1a,Kif1a,symbol
Agxt,Agxt,symbol
Mab21l4,Mab21l4,symbol
Crocc2,Crocc2,symbol
Sned1,Sned1,symbol
Mterf4,Mterf4,symbol
Pask,Pask,symbol
LOC102549694,LOC102549694,symbol
AABR07068351.1,AABR07068351.1,symbol
LOC120094986,LOC120094986,symbol
ENSRNOG00000064727,,ensembl
Ano7,Ano7,symbol
ENSRNOG00000066866,,ensembl
Hdlbp,Hdlbp,symbol
Septin2,Septin2,symbol
LOC100362040,LOC100362040,symbol
Farp2,Farp2,symbol
LOC120094951,LOC120094951,symbol
Stk25,Stk25,symbol
Bok,Bok,symbol
Thap4,Thap4,symbol
AC109427.1,AC109427.1,symbol
Atg4b,Atg4b,symbol
Dtymk,Dtymk,symbol
Ing5,Ing5,symbol
D2hgdh,D2hgdh,symbol
Gal3st2c,Gal3st2c,symbol
Neu4,Neu4,symbol
Pdcd1,Pdcd1,symbol
Chchd2l3,Chchd2l3,symbol
LOC120094939,LOC120094939,symbol
Fam174a,Fam174a,symbol
ENSRNOG00000062997,,ensembl
St8sia4,St8sia4,symbol
LOC120094925,LOC120094925,symbol
Slco4c1,Slco4c1,symbol
ENSRNOG00000071096,,ensembl
Slco6b1,Slco6b1,symbol
AABR07068417.1,AABR07068417.1,symbol
Slco6c1,Slco6c1,symbol
Slco6d1,Slco6d1,symbol
Pam,Pam,symbol
Gin1,Gin1,symbol
Ppip5k2,Ppip5k2,symbol
Macir,Macir,symbol
ENSRNOG00000065695,,ensembl
ENSRNOG00000067328,,ensembl
Pdzph1,Pdzph1,symbol
Nudt12,Nudt12,symbol
LOC120094926,LOC120094926,symbol
AABR07068536.1,AABR07068536.1,symbol
LOC120094979,LOC120094979,symbol
LOC120094950,LOC120094950,symbol
AABR07068554.1,AABR07068554.1,symbol
Bmpr1a-ps1,Bmpr1a-ps1,symbol
AABR07068587.1,AABR07068587.1,symbol
Efna5,Efna5,symbol
Fbxl17,Fbxl17,symbol
LOC120094928,LOC120094928,symbol
ENSRNOG00000066414,,ensembl
Fer,Fer,symbol
ENSRNOG00000070018,,ensembl
Pja2,Pja2,symbol
LOC120094974,LOC120094974,symbol
ENSRNOG00000066246,,ensembl
Man2a1,Man2a1,symbol
LOC120094924,LOC120094924,symbol
ENSRNOG00000064659,,ensembl
LOC120094858,LOC120094858,symbol
Tmem232,Tmem232,symbol
ENSRNOG00000070592,,ensembl
Vapa,Vapa,symbol
Txndc2,Txndc2,symbol
Rab31,Rab31,symbol
ENSRNOG00000069232,,ensembl
Ppp4r1,Ppp4r1,symbol
Ralbp1,Ralbp1,symbol
Twsg1,Twsg1,symbol
Ankrd12,Ankrd12,symbol
Ndufv2,Ndufv2,symbol
Washc1,Washc1,symbol
ENSRNOG00000068250,,ensembl
ENSRNOG00000070710,,ensembl
LOC102554935,LOC102554935,symbol
ENSRNOG00000065032,,ensembl
Ddx11,Ddx11,symbol
AABR07068650.1,AABR07068650.1,symbol
LOC689520,LOC689520,symbol
ENSRNOG00000063606,,ensembl
ENSRNOG00000069191,,ensembl
ENSRNOG00000068893,,ensembl
ENSRNOG00000063759,,ensembl
LOC102555239,LOC102555239,symbol
ENSRNOG00000071060,,ensembl
Washc1-ps2,Washc1-ps2,symbol
ENSRNOG00000066428,Smokl9,ensembl
ENSRNOG00000065763,,ensembl
Mtcl1,Mtcl1,symbol
Rab12,Rab12,symbol
AABR07039169.1,AABR07039169.1,symbol
Themis3,Themis3,symbol
Ptprm,Ptprm,symbol
Lrrc30,Lrrc30,symbol
Lama1,Lama1,symbol
Arhgap28,Arhgap28,symbol
Rps26-ps4,Rps26-ps4,symbol
L3mbtl4,L3mbtl4,symbol
Tmem200c,Tmem200c,symbol
Epb41l3,Epb41l3,symbol
ENSRNOG00000064760,,ensembl
ENSRNOG00000064857,,ensembl
Zfp161,Zfp161,symbol
Akain1,Akain1,symbol
ENSRNOG00000069381,,ensembl
Dlgap1,Dlgap1,symbol
Tgif1,Tgif1,symbol
ENSRNOG00000067920,LOC120094777,ensembl
Myl12b,Myl12b,symbol
Myom1,Myom1,symbol
ENSRNOG00000067557,,ensembl
LOC120094977,LOC120094977,symbol
Lpin2,Lpin2,symbol
LOC120094877,LOC120094877,symbol
Emilin2,Emilin2,symbol
Smchd1,Smchd1,symbol
ENSRNOG00000064739,,ensembl
ENSRNOG00000066469,,ensembl
ENSRNOG00000064017,,ensembl
Ndc80,Ndc80,symbol
ENSRNOG00000069721,,ensembl
Mettl4,Mettl4,symbol
AABR07068799.1,AABR07068799.1,symbol
ENSRNOG00000064420,,ensembl
Fam114a1l1,Fam114a1l1,symbol
LOC120094863,LOC120094863,symbol
LOC120094915,LOC120094915,symbol
LOC120094906,LOC120094906,symbol
ENSRNOG00000068876,,ensembl
LOC120094973,LOC120094973,symbol
ENSRNOG00000068134,,ensembl
Ppidl1,Ppidl1,symbol
Adcyap1,Adcyap1,symbol
Yes1,Yes1,symbol
Tyms,Tyms,symbol
Clul1,Clul1,symbol
ENSRNOG00000070300,Znf729l-ps1,ensembl
LOC108348229,LOC108348229,symbol
ENSRNOG00000067845,,ensembl
LOC100911813,LOC100911813,symbol
LOC120094815,LOC120094815,symbol
ENSRNOG00000067790,,ensembl
ENSRNOG00000066827,LOC134478907,ensembl
Tipinl1,Tipinl1,symbol
ENSRNOG00000067205,LOC120093136,ensembl
ENSRNOG00000063904,,ensembl
ENSRNOG00000069319,,ensembl
LOC103693502,LOC103693502,symbol
LOC120094817,LOC120094817,symbol
ENSRNOG00000070049,,ensembl
ENSRNOG00000069312,Zfp120l2,ensembl
ENSRNOG00000068563,Zfp950l2,ensembl
LOC102556463,LOC102556463,symbol
ENSRNOG00000069207,,ensembl
LOC108349479,LOC108349479,symbol
LOC120095374,LOC120095374,symbol
ENSRNOG00000067700,,ensembl
Abcc1,Abcc1,symbol
ENSRNOG00000064754,,ensembl
Cep20,Cep20,symbol
Myh11,Myh11,symbol
Nde1,Nde1,symbol
Mir484,Mir484,symbol
Marf1,Marf1,symbol
Ercc4l1,Ercc4l1,symbol
Mrtfb,Mrtfb,symbol
Mir193b,Mir193b,symbol
Mir365-1,Mir365-1,symbol
Parn,Parn,symbol
LOC679822,LOC679822,symbol
ENSRNOG00000067470,,ensembl
Bfar,Bfar,symbol
Pla2g10,Pla2g10,symbol
ENSRNOG00000070674,,ensembl
Bmerb1,Bmerb1,symbol
ENSRNOG00000065385,,ensembl
Mpv17l,Mpv17l,symbol
ENSRNOG00000065985,,ensembl
Pdxdc1,Pdxdc1,symbol
Rrn3,Rrn3,symbol
LOC120095382,LOC120095382,symbol
AABR07028997.1,AABR07028997.1,symbol
RGD1565158,RGD1565158,symbol
ENSRNOG00000068337,,ensembl
Ercc4,Ercc4,symbol
ENSRNOG00000070353,,ensembl
LOC120095010,LOC120095010,symbol
ENSRNOG00000065762,,ensembl
ENSRNOG00000068375,,ensembl
Shisa9,Shisa9,symbol
Cpped1,Cpped1,symbol
LOC120095441,LOC120095441,symbol
Snx29,Snx29,symbol
Tnfrsf17,Tnfrsf17,symbol
ENSRNOG00000062613,,ensembl
Gspt1,Gspt1,symbol
Rsl1d1,Rsl1d1,symbol
Rsl1d1,Rsl1d1,symbol
AC118115.1,AC118115.1,symbol
Zc3h7a,Zc3h7a,symbol
LOC120095438,LOC120095438,symbol
Txndc11,Txndc11,symbol
Snn,Snn,symbol
ENSRNOG00000070139,,ensembl
Litaf,Litaf,symbol
Rmi2,Rmi2,symbol
ENSRNOG00000064075,,ensembl
ENSRNOG00000070067,,ensembl
Prm2,Prm2,symbol
Prm3,Prm3,symbol
Tnp2,Tnp2,symbol
Socs1,Socs1,symbol
Clec16a,Clec16a,symbol
ENSRNOG00000065892,,ensembl
Dexi,Dexi,symbol
Ciita,Ciita,symbol
ENSRNOG00000065351,,ensembl
Tvp23a,Tvp23a,symbol
ENSRNOG00000064022,,ensembl
Tekt5,Tekt5,symbol
Emp2,Emp2,symbol
Atf7ip2,Atf7ip2,symbol
Rpl39l,Rpl39l,symbol
Grin2a,Grin2a,symbol
Y_RNA,Y_RNA,symbol
Hapstr1,Hapstr1,symbol
Usp7,Usp7,symbol
Litafd,Litafd,symbol
Carhsp1,Carhsp1,symbol
Pmm2,Pmm2,symbol
Tmem186,Tmem186,symbol
Abat,Abat,symbol
Mettl22,Mettl22,symbol
Tmem114,Tmem114,symbol
LOC120095443,LOC120095443,symbol
LOC120095362,LOC120095362,symbol
LOC120095501,LOC120095501,symbol
ENSRNOG00000064673,,ensembl
Rbfox1,Rbfox1,symbol
Rbm25l1,Rbm25l1,symbol
LOC120095436,LOC120095436,symbol
ENSRNOG00000067764,,ensembl
ENSRNOG00000069050,,ensembl
Eef2kmt,Eef2kmt,symbol
Alg1,Alg1,symbol
RGD1565166,RGD1565166,symbol
Nagpa,Nagpa,symbol
Sec14l5,Sec14l5,symbol
Ppl,Ppl,symbol
Ubn1,Ubn1,symbol
Glyr1,Glyr1,symbol
Rogdi,Rogdi,symbol
Septin12,Septin12,symbol
Dnaaf8,Dnaaf8,symbol
Anks3,Anks3,symbol
Nudt16l1,Nudt16l1,symbol
Mgrn1,Mgrn1,symbol
Mir3568,Mir3568,symbol
Rpl37a-ps12,Rpl37a-ps12,symbol
Ubald1,Ubald1,symbol
AABR07072078.2,AABR07072078.2,symbol
Cdip1,Cdip1,symbol
Hmox2,Hmox2,symbol
Nmral1,Nmral1,symbol
Dnaja3,Dnaja3,symbol
Coro7,Coro7,symbol
Vasn,Vasn,symbol
Pam16,Pam16,symbol
Glis2,Glis2,symbol
Tfap4,Tfap4,symbol
Srl,Srl,symbol
Adcy9,Adcy9,symbol
Crebbp,Crebbp,symbol
Trap1,Trap1,symbol
Dnase1,Dnase1,symbol
ENSRNOG00000070989,,ensembl
Slx4,Slx4,symbol
Nlrc3,Nlrc3,symbol
Naa60,Naa60,symbol
Cluap1,Cluap1,symbol
RGD1561796,RGD1561796,symbol
Zfp597,Zfp597,symbol
Zfp174,Zfp174,symbol
Or2c1,Or2c1,symbol
ENSRNOG00000069490,,ensembl
ENSRNOG00000068899,,ensembl
Zfp263,Zfp263,symbol
Mefv,Mefv,symbol
ENSRNOG00000067983,,ensembl
ENSRNOG00000066620,,ensembl
Or1f21b,Or1f21b,symbol
ENSRNOG00000064298,,ensembl
Or1f21c,Or1f21c,symbol
Or1f20d,Or1f20d,symbol
Or1f32,Or1f32,symbol
Or1f21,Or1f21,symbol
ENSRNOG00000064191,,ensembl
Or1f20,Or1f20,symbol
ENSRNOG00000068785,,ensembl
Or1f20e,Or1f20e,symbol
ENSRNOG00000065805,,ensembl
Or1f19e,Or1f19e,symbol
Or1f19f,Or1f19f,symbol
Or1f19,Or1f19,symbol
Or1f27,Or1f27,symbol
Or1f34,Or1f34,symbol
Or1f33,Or1f33,symbol
ENSRNOG00000068012,,ensembl
Or1f31,Or1f31,symbol
Or1f30,Or1f30,symbol
Or1f28,Or1f28,symbol
ENSRNOG00000063807,Rps2-ps17,ensembl
Casp16,Casp16,symbol
Zfp213,Zfp213,symbol
ENSRNOG00000063817,,ensembl
ENSRNOG00000066738,,ensembl
Zfp13,Zfp13,symbol
Zscan10,Zscan10,symbol
LOC120095421,LOC120095421,symbol
Mmp25,Mmp25,symbol
Tnfrsf12a,Tnfrsf12a,symbol
Bicdl2,Bicdl2,symbol
Thoc6,Thoc6,symbol
Hcfc1r1,Hcfc1r1,symbol
Cldn9,Cldn9,symbol
Grep1,Grep1,symbol
Pkmyt1,Pkmyt1,symbol
Paqr4,Paqr4,symbol
Kremen2,Kremen2,symbol
RGD1561157,RGD1561157,symbol
Flywch1,Flywch1,symbol
Flywch2,Flywch2,symbol
Srrm2,Srrm2,symbol
Mir5125,Mir5125,symbol
Elob,Elob,symbol
Prss33,Prss33,symbol
Prss41,Prss41,symbol
LOC120095042,LOC120095042,symbol
Prss32,Prss32,symbol
Prss21,Prss21,symbol
Csap1,Csap1,symbol
Sbp,Sbp,symbol
Zg16b,Zg16b,symbol
Prss30,Prss30,symbol
ENSRNOG00000068966,,ensembl
Prss22,Prss22,symbol
LOC120095452,LOC120095452,symbol
Prss27,Prss27,symbol
Kctd5,Kctd5,symbol
Pdpk1,Pdpk1,symbol
ENSRNOG00000067886,,ensembl
Amdhd2,Amdhd2,symbol
Atp6v0c,Atp6v0c,symbol
Tbc1d24,Tbc1d24,symbol
Ntn3,Ntn3,symbol
Tedc2,Tedc2,symbol
Ccnf,Ccnf,symbol
Abca17,Abca17,symbol
Abca3,Abca3,symbol
AC103090.1,AC103090.1,symbol
Rnps1,Rnps1,symbol
Eci1,Eci1,symbol
Dnase1l2,Dnase1l2,symbol
E4f1,E4f1,symbol
ENSRNOG00000068639,,ensembl
Pgp,Pgp,symbol
Bricd5,Bricd5,symbol
Mlst8,Mlst8,symbol
Caskin1,Caskin1,symbol
Traf7,Traf7,symbol
Snord60,Snord60,symbol
Rab26,Rab26,symbol
Pkd1,Pkd1,symbol
Tsc2,Tsc2,symbol
Nthl1,Nthl1,symbol
Nherf2,Nherf2,symbol
Npw,Npw,symbol
Zfp598,Zfp598,symbol
Syngr3,Syngr3,symbol
Gfer,Gfer,symbol
Noxo1,Noxo1,symbol
Tbl3,Tbl3,symbol
Rnf151,Rnf151,symbol
LOC120095472,LOC120095472,symbol
Rps2,Rps2,symbol
Snora64,Snora64,symbol
Ndufb10,Ndufb10,symbol
Rpl3l,Rpl3l,symbol
Msrb1,Msrb1,symbol
Hs3st6,Hs3st6,symbol
Meiob,Meiob,symbol
Fahd1,Fahd1,symbol
Hagh,Hagh,symbol
Igfals,Igfals,symbol
Nubp2,Nubp2,symbol
Spsb3,Spsb3,symbol
Eme2,Eme2,symbol
Mrps34,Mrps34,symbol
Nme3,Nme3,symbol
Mapk8ip3,Mapk8ip3,symbol
Jpt2,Jpt2,symbol
Cramp1,Cramp1,symbol
Ift140,Ift140,symbol
Tmem204,Tmem204,symbol
Telo2,Telo2,symbol
Ptx4,Ptx4,symbol
Clcn7,Clcn7,symbol
Ccdc154,Ccdc154,symbol
Percc1,Percc1,symbol
Snrpc-ps3,Snrpc-ps3,symbol
Uqcc4,Uqcc4,symbol
Unkl,Unkl,symbol
Gnptg,Gnptg,symbol
Tsr3,Tsr3,symbol
Baiap3,Baiap3,symbol
Mir3547,Mir3547,symbol
Ube2i,Ube2i,symbol
Prss34,Prss34,symbol
LOC120095389,LOC120095389,symbol
Prss28l-ps1,Prss28l-ps1,symbol
Prss29,Prss29,symbol
RGD1559662,RGD1559662,symbol
Tpsab1,Tpsab1,symbol
Tpsb2,Tpsb2,symbol
Tpsg1,Tpsg1,symbol
Cacna1h,Cacna1h,symbol
Tekt4,Tekt4,symbol
Sstr5,Sstr5,symbol
Sox8,Sox8,symbol
Lmf1,Lmf1,symbol
Gng13,Gng13,symbol
Chtf18,Chtf18,symbol
Rpusd1,Rpusd1,symbol
ENSRNOG00000068436,,ensembl
Mslnl,Mslnl,symbol
Msln,Msln,symbol
Ciao3,Ciao3,symbol
Haghl,Haghl,symbol
Ccdc78,Ccdc78,symbol
Antkmt,Antkmt,symbol
Metrn,Metrn,symbol
Fbxl16,Fbxl16,symbol
Wdr24,Wdr24,symbol
Jmjd8,Jmjd8,symbol
Stub1,Stub1,symbol
Rhbdl1,Rhbdl1,symbol
Rhot2,Rhot2,symbol
Wdr90,Wdr90,symbol
Mcrip2,Mcrip2,symbol
Mettl26,Mettl26,symbol
Wfikkn1,Wfikkn1,symbol
Rab40c,Rab40c,symbol
Pigq,Pigq,symbol
ENSRNOG00000067173,,ensembl
Prr35,Prr35,symbol
Rpl36a-ps7,Rpl36a-ps7,symbol
Capn15,Capn15,symbol
Rab11fip3,Rab11fip3,symbol
Pgap6,Pgap6,symbol
Mrpl28,Mrpl28,symbol
Axin1,Axin1,symbol
LOC120095465,LOC120095465,symbol
Pdia2,Pdia2,symbol
Arhgdig,Arhgdig,symbol
Rgs11,Rgs11,symbol
Fam234a,Fam234a,symbol
ENSRNOG00000070910,,ensembl
LOC120095416,LOC120095416,symbol
Luc7l,Luc7l,symbol
LOC120095468,LOC120095468,symbol
Hba-a1,Hba-a1,symbol
ENSRNOG00000070249,,ensembl
Hba-a3,Hba-a3,symbol
Hbq1b,Hbq1b,symbol
Hbz,Hbz,symbol
Nprl3,Nprl3,symbol
Mpg,Mpg,symbol
Rhbdf1,Rhbdf1,symbol
Snrnp25,Snrnp25,symbol
Il9r,Il9r,symbol
Metazoa_SRP,Metazoa_SRP,symbol
Nsg2,Nsg2,symbol
RGD1311343,RGD1311343,symbol
Cpeb4,Cpeb4,symbol
Bod1,Bod1,symbol
Stc2,Stc2,symbol
Nkx2-5,Nkx2-5,symbol
Bnip1,Bnip1,symbol
Crebrf,Crebrf,symbol
Atp6v0e1,Atp6v0e1,symbol
Ergic1,Ergic1,symbol
ENSRNOG00000066995,,ensembl
AC111369.1,AC111369.1,symbol
ENSRNOG00000069024,Dusp1,ensembl
Neurl1b,Neurl1b,symbol
Sh3pxd2b,Sh3pxd2b,symbol
Ubtd2,Ubtd2,symbol
Efcab9,Efcab9,symbol
Stk10,Stk10,symbol
ENSRNOG00000066039,,ensembl
Fbxw11,Fbxw11,symbol
Smim23,Smim23,symbol
Fgf18,Fgf18,symbol
Npm1,Npm1,symbol
Tlx3,Tlx3,symbol
Ranbp17,Ranbp17,symbol
Gabrp,Gabrp,symbol
Kcnip1,Kcnip1,symbol
AABR07029262.1,AABR07029262.1,symbol
AABR07029955.1,AABR07029955.1,symbol
Kcnmb1,Kcnmb1,symbol
Lcp2,Lcp2,symbol
C10H5orf58,C10H5orf58,symbol
Foxi1,Foxi1,symbol
Dock2,Dock2,symbol
Insyn2b,Insyn2b,symbol
Spdl1,Spdl1,symbol
ENSRNOG00000070177,,ensembl
LOC120095454,LOC120095454,symbol
LOC120095444,LOC120095444,symbol
LOC108352070,LOC108352070,symbol
LOC120095067,LOC120095067,symbol
LOC108352071,LOC108352071,symbol
Slit3,Slit3,symbol
LOC120095445,LOC120095445,symbol
Mir218-2,Mir218-2,symbol
Pank3,Pank3,symbol
Mir103a1,Mir103a1,symbol
Fbll1,Fbll1,symbol
Rars1,Rars1,symbol
Wwc1,Wwc1,symbol
Tenm2,Tenm2,symbol
LOC120095384,LOC120095384,symbol
LOC120095254,LOC120095254,symbol
ENSRNOG00000067425,,ensembl
ENSRNOG00000071157,,ensembl
Mat2b,Mat2b,symbol
Hmmr,Hmmr,symbol
Nudcd2,Nudcd2,symbol
LOC120095494,LOC120095494,symbol
Ccng1,Ccng1,symbol
ENSRNOG00000062373,,ensembl
LOC120095459,LOC120095459,symbol
Gabrg2,Gabrg2,symbol
Gabra1,Gabra1,symbol
Gabra6,Gabra6,symbol
Gabrb2,Gabrb2,symbol
Atp10b,Atp10b,symbol
LOC120095455,LOC120095455,symbol
LOC120095473,LOC120095473,symbol
Mir146a,Mir146a,symbol
Pttg1,Pttg1,symbol
Slu7,Slu7,symbol
C1qtnf2,C1qtnf2,symbol
Ccnjl,Ccnjl,symbol
Fabp6,Fabp6,symbol
ENSRNOG00000063337,,ensembl
ENSRNOG00000062359,,ensembl
Atp5if1-ps2,Atp5if1-ps2,symbol
Pwwp2a,Pwwp2a,symbol
ENSRNOG00000064611,,ensembl
Ttc1,Ttc1,symbol
Adra1b,Adra1b,symbol
AABR07029470.2,AABR07029470.2,symbol
ENSRNOG00000070342,,ensembl
Il12b,Il12b,symbol
Ublcp1,Ublcp1,symbol
Rnf145,Rnf145,symbol
Ebf1,Ebf1,symbol
LOC120095448,LOC120095448,symbol
Clint1,Clint1,symbol
Lsm11,Lsm11,symbol
Thg1l,Thg1l,symbol
Sox30,Sox30,symbol
LOC120095500,LOC120095500,symbol
Adam19,Adam19,symbol
Nipal4,Nipal4,symbol
Mir7239,Mir7239,symbol
Cyfip2,Cyfip2,symbol
Fndc9,Fndc9,symbol
Itk,Itk,symbol
Garin3,Garin3,symbol
Med7,Med7,symbol
Havcr2,Havcr2,symbol
LOC100359777,LOC100359777,symbol
LOC120095353,LOC120095353,symbol
LOC689968,LOC689968,symbol
Dppa1,Dppa1,symbol
Timd2,Timd2,symbol
ENSRNOG00000067141,,ensembl
Havcr1,Havcr1,symbol
ENSRNOG00000065581,,ensembl
ENSRNOG00000065527,,ensembl
Timd4,Timd4,symbol
Sgcd,Sgcd,symbol
ENSRNOG00000067540,,ensembl
ENSRNOG00000063521,,ensembl
LOC120095475,LOC120095475,symbol
LOC120095453,LOC120095453,symbol
Rpl30-ps1,Rpl30-ps1,symbol
Rack1,Rack1,symbol
LOC120095394,LOC120095394,symbol
Snord96a,Snord96a,symbol
Snord95,Snord95,symbol
Trim41,Trim41,symbol
LOC120095506,LOC120095506,symbol
Trim7,Trim7,symbol
Irgm,Irgm,symbol
RGD1559575,RGD1559575,symbol
Ifi47,Ifi47,symbol
Or2v2c,Or2v2c,symbol
Fam98b-ps1,Fam98b-ps1,symbol
Or2v2,Or2v2,symbol
AC103024.1,AC103024.1,symbol
Or2v2b,Or2v2b,symbol
Or2v1,Or2v1,symbol
Or2t26,Or2t26,symbol
LOC684471,LOC684471,symbol
Btnl9,Btnl9,symbol
Zfp62,Zfp62,symbol
ENSRNOG00000066219,,ensembl
Mgat1,Mgat1,symbol
Or2y1g,Or2y1g,symbol
Or2y1h,Or2y1h,symbol
Or2y1e,Or2y1e,symbol
Or2y17-ps1,Or2y17-ps1,symbol
ENSRNOG00000066319,,ensembl
Or2y1d,Or2y1d,symbol
Or2y16,Or2y16,symbol
Or2y15,Or2y15,symbol
Or2y1c,Or2y1c,symbol
Or2y1i,Or2y1i,symbol
Or2y14,Or2y14,symbol
Or2y13,Or2y13,symbol
Or2y12,Or2y12,symbol
ENSRNOG00000063730,,ensembl
Or2y11,Or2y11,symbol
LOC102555091,LOC102555091,symbol
Flt4,Flt4,symbol
Scgb3a1,Scgb3a1,symbol
Cnot6,Cnot6,symbol
Gfpt2,Gfpt2,symbol
Mapk9,Mapk9,symbol
Mir336,Mir336,symbol
Rasgef1c,Rasgef1c,symbol
Rnf130,Rnf130,symbol
Mir340-2,Mir340-2,symbol
Tbc1d9b,Tbc1d9b,symbol
Mrnip,Mrnip,symbol
Sqstm1,Sqstm1,symbol
Mgat4b,Mgat4b,symbol
Ltc4s,Ltc4s,symbol
Maml1,Maml1,symbol
Canx,Canx,symbol
Cby3,Cby3,symbol
Hnrnph1,Hnrnph1,symbol
Rufy1,Rufy1,symbol
Adamts2,Adamts2,symbol
Zfp354c,Zfp354c,symbol
Zfp879,Zfp879,symbol
Grm6,Grm6,symbol
Znf454,Znf454,symbol
Zfp2,Zfp2,symbol
ENSRNOG00000067059,,ensembl
Prop1,Prop1,symbol
Or1ad6,Or1ad6,symbol
Or1ad1,Or1ad1,symbol
Or1ad5,Or1ad5,symbol
Or1ad8,Or1ad8,symbol
AC128290.1,AC128290.1,symbol
Or1x2b,Or1x2b,symbol
Or1x2,Or1x2,symbol
Or1x2c,Or1x2c,symbol
Or1x2d,Or1x2d,symbol
ENSRNOG00000065826,,ensembl
Zfp354a,Zfp354a,symbol
LOC120095486,LOC120095486,symbol
LOC120095094,LOC120095094,symbol
Msantd5,Msantd5,symbol
Clk4,Clk4,symbol
Col23a1,Col23a1,symbol
Phykpl,Phykpl,symbol
Hnrnpab,Hnrnpab,symbol
Nhp2,Nhp2,symbol
Rmnd5b,Rmnd5b,symbol
N4bp3,N4bp3,symbol
Trappc2b,Trappc2b,symbol
Sec24a,Sec24a,symbol
Sar1b,Sar1b,symbol
Jade2,Jade2,symbol
ENSRNOG00000062965,,ensembl
AABR07038578.1,AABR07038578.1,symbol
LOC120095363,LOC120095363,symbol
LOC120095388,LOC120095388,symbol
Cdkn2aipnl,Cdkn2aipnl,symbol
Ube2b,Ube2b,symbol
Cdkl3,Cdkl3,symbol
ENSRNOG00000064621,,ensembl
ENSRNOG00000064660,,ensembl
Ppp2ca,Ppp2ca,symbol
LOC120095320,LOC120095320,symbol
Skp1,Skp1,symbol
LOC120095419,LOC120095419,symbol
Tcf7,Tcf7,symbol
Vdac1,Vdac1,symbol
C10h5orf15,C10h5orf15,symbol
ENSRNOG00000067101,,ensembl
Rpl30l2,Rpl30l2,symbol
Fstl4,Fstl4,symbol
Hspa4,Hspa4,symbol
ENSRNOG00000066323,,ensembl
AABR07072108.1,AABR07072108.1,symbol
Aff4,Aff4,symbol
Leap2,Leap2,symbol
Uqcrq,Uqcrq,symbol
Gdf9,Gdf9,symbol
Shroom1,Shroom1,symbol
ENSRNOG00000065856,Sowaha,ensembl
Sowaha,Sowaha,symbol
Septin8,Septin8,symbol
Kif3a,Kif3a,symbol
Il4,Il4,symbol
Il13,Il13,symbol
Rad50,Rad50,symbol
Il5,Il5,symbol
Irf1,Irf1,symbol
Slc22a5,Slc22a5,symbol
Slc22a21,Slc22a21,symbol
Slc22a4,Slc22a4,symbol
Pdlim4,Pdlim4,symbol
P4ha2,P4ha2,symbol
ENSRNOG00000068705,,ensembl
Csf2,Csf2,symbol
Il3,Il3,symbol
Acsl6,Acsl6,symbol
Meikin,Meikin,symbol
Fnip1,Fnip1,symbol
LOC120095375,LOC120095375,symbol
Rapgef6,Rapgef6,symbol
Cdc42se2-ps1,Cdc42se2-ps1,symbol
LOC120095449,LOC120095449,symbol
Lyrm7,Lyrm7,symbol
ENSRNOG00000064200,,ensembl
Gpx3,Gpx3,symbol
ENSRNOG00000067610,,ensembl
Tnip1,Tnip1,symbol
Anxa6,Anxa6,symbol
LOC100362400,LOC100362400,symbol
Ybx1-ps20,Ybx1-ps20,symbol
Ccdc69,Ccdc69,symbol
Gm2a,Gm2a,symbol
Slc36a3,Slc36a3,symbol
Slc36a2,Slc36a2,symbol
Slc36a1,Slc36a1,symbol
ENSRNOG00000065424,Slc36a1,ensembl
Fat2,Fat2,symbol
Sparc,Sparc,symbol
Atox1,Atox1,symbol
G3bp1,G3bp1,symbol
LOC120095428,LOC120095428,symbol
Glra1,Glra1,symbol
RGD1563668,RGD1563668,symbol
LOC120093045,LOC120093045,symbol
Nmur2,Nmur2,symbol
LOC102552619,LOC102552619,symbol
LOC120095104,LOC120095104,symbol
LOC102552882,LOC102552882,symbol
ENSRNOG00000069020,,ensembl
Gria1,Gria1,symbol
Fam114a2,Fam114a2,symbol
Mfap3,Mfap3,symbol
Galnt10,Galnt10,symbol
Sap30l,Sap30l,symbol
Hand1,Hand1,symbol
Larp1,Larp1,symbol
Atp5mk-ps2,Atp5mk-ps2,symbol
ENSRNOG00000068140,,ensembl
Faxdc2,Faxdc2,symbol
Cnot8,Cnot8,symbol
ENSRNOG00000062540,,ensembl
Gemin5,Gemin5,symbol
Mrpl22,Mrpl22,symbol
Igtp,Igtp,symbol
LOC120095409,LOC120095409,symbol
RGD1308564,RGD1308564,symbol
Zfp692,Zfp692,symbol
Zfp672,Zfp672,symbol
ENSRNOG00000070864,,ensembl
Sh3bp5l,Sh3bp5l,symbol
LOC120095469,LOC120095469,symbol
Lypd8,Lypd8,symbol
ENSRNOG00000070347,,ensembl
LOC691277,LOC691277,symbol
LOC24906,LOC24906,symbol
LOC691286,LOC691286,symbol
Or2z2,Or2z2,symbol
Or2av10,Or2av10,symbol
Or2av9,Or2av9,symbol
Or2t48e,Or2t48e,symbol
Or2t48b,Or2t48b,symbol
Or2t48,Or2t48,symbol
Or2t48c-ps1,Or2t48c-ps1,symbol
Or2t46-ps1,Or2t46-ps1,symbol
Or2t47e,Or2t47e,symbol
Or2t48d,Or2t48d,symbol
Or2t47d,Or2t47d,symbol
Or2t29,Or2t29,symbol
Or2t47,Or2t47,symbol
Or2t43,Or2t43,symbol
Olr1428,Olr1428,symbol
Or2t29b-ps1,Or2t29b-ps1,symbol
Or2ab1,Or2ab1,symbol
LOC691352,LOC691352,symbol
Or11l3,Or11l3,symbol
Trim58,Trim58,symbol
Olr1433,Olr1433,symbol
Or2ak6e,Or2ak6e,symbol
Or2ak5e,Or2ak5e,symbol
Or2ak4,Or2ak4,symbol
Or2ak6c,Or2ak6c,symbol
ENSRNOG00000065470,Or2ak4c,ensembl
Or2ak6,Or2ak6,symbol
Or2ak5d,Or2ak5d,symbol
Or2ak4e,Or2ak4e,symbol
Or2ak5b,Or2ak5b,symbol
Or2ak5,Or2ak5,symbol
AABR07029675.1,AABR07029675.1,symbol
Or2ak4c,Or2ak4c,symbol
Olr1451,Olr1451,symbol
Or2t44b,Or2t44b,symbol
Or2t45b,Or2t45b,symbol
Olr1454,Olr1454,symbol
Or2t45b,Or2t45b,symbol
Or2t44,Or2t44,symbol
Cfap144,Cfap144,symbol
Or5af1b,Or5af1b,symbol
Or5af1,Or5af1,symbol
Or5af1c,Or5af1c,symbol
Or9e1b,Or9e1b,symbol
RGD1561277,RGD1561277,symbol
LOC102555635,LOC102555635,symbol
Zfp39,Zfp39,symbol
Btnl10,Btnl10,symbol
Rnf187,Rnf187,symbol
Hist3h2ba,Hist3h2ba,symbol
H2bu1,H2bu1,symbol
H2ac25,H2ac25,symbol
H2ac25,H2ac25,symbol
Trim11,Trim11,symbol
Obscn,Obscn,symbol
Iba57,Iba57,symbol
ENSRNOG00000067459,,ensembl
Gjc2,Gjc2,symbol
Guk1,Guk1,symbol
Mrpl55,Mrpl55,symbol
C10h1orf35,C10h1orf35,symbol
Arf1,Arf1,symbol
Wnt3a,Wnt3a,symbol
Wnt9a,Wnt9a,symbol
Prss38,Prss38,symbol
LOC102546363,LOC102546363,symbol
ENSRNOG00000064350,,ensembl
Snap47,Snap47,symbol
Jmjd4,Jmjd4,symbol
ENSRNOG00000067217,,ensembl
Zfp867,Zfp867,symbol
Ftl1,Ftl1,symbol
Zfp496,Zfp496,symbol
Nlrp3,Nlrp3,symbol
Or2b11,Or2b11,symbol
Or2aa1,Or2aa1,symbol
LOC120095414,LOC120095414,symbol
Olfr225,Olfr225,symbol
Mprip,Mprip,symbol
Pld6,Pld6,symbol
Flcn,Flcn,symbol
Cops3,Cops3,symbol
LOC120095427,LOC120095427,symbol
ENSRNOG00000070178,,ensembl
ENSRNOG00000069764,,ensembl
Nt5m,Nt5m,symbol
Med9,Med9,symbol
Rasd1,Rasd1,symbol
Pemt,Pemt,symbol
Rai1,Rai1,symbol
Srebf1,Srebf1,symbol
Tom1l2,Tom1l2,symbol
Drc3,Drc3,symbol
Atpaf2,Atpaf2,symbol
Gid4,Gid4,symbol
Gid4,Gid4,symbol
Drg2,Drg2,symbol
Myo15a,Myo15a,symbol
Alkbh5,Alkbh5,symbol
LOC120095380,LOC120095380,symbol
AC128967.1,AC128967.1,symbol
Llgl1,Llgl1,symbol
Flii,Flii,symbol
LOC120095412,LOC120095412,symbol
Mief2,Mief2,symbol
Top3a,Top3a,symbol
Smcr8,Smcr8,symbol
Shmt1,Shmt1,symbol
RGD1559667,RGD1559667,symbol
Dhrs7b,Dhrs7b,symbol
LOC120095440,LOC120095440,symbol
Tmem11,Tmem11,symbol
LOC102546946,LOC102546946,symbol
Map2k3,Map2k3,symbol
Kcnj12,Kcnj12,symbol
Tnfrsf13b,Tnfrsf13b,symbol
ENSRNOG00000063438,Tnfrsf13b,ensembl
Usp22,Usp22,symbol
LOC120095435,LOC120095435,symbol
Aldh3a1,Aldh3a1,symbol
Aldh3a2,Aldh3a2,symbol
LOC120095413,LOC120095413,symbol
Slc47a2,Slc47a2,symbol
Slc47a1,Slc47a1,symbol
Rnf112,Rnf112,symbol
Mfap4,Mfap4,symbol
Mapk7,Mapk7,symbol
B9d1,B9d1,symbol
Epn2,Epn2,symbol
Grap,Grap,symbol
Slc5a10,Slc5a10,symbol
Fam83g,Fam83g,symbol
Prpsap2,Prpsap2,symbol
Ulk2,Ulk2,symbol
ENSRNOG00000066378,,ensembl
Akap10,Akap10,symbol
LOC120095356,LOC120095356,symbol
Specc1,Specc1,symbol
LOC120095487,LOC120095487,symbol
AABR07029732.1,AABR07029732.1,symbol
Adora2b,Adora2b,symbol
Zswim7,Zswim7,symbol
Ttc19,Ttc19,symbol
Ncor1,Ncor1,symbol
Pigl,Pigl,symbol
Cenpv,Cenpv,symbol
Ubb,Ubb,symbol
LOC120095326,LOC120095326,symbol
ENSRNOG00000066110,,ensembl
LOC120095429,LOC120095429,symbol
Trpv2,Trpv2,symbol
Snord49b,Snord49b,symbol
Lrrc75a,Lrrc75a,symbol
Snord49a,Snord49a,symbol
Snord65,Snord65,symbol
Mmgt2,Mmgt2,symbol
Zfp287,Zfp287,symbol
LOC120095502,LOC120095502,symbol
LOC120095403,LOC120095403,symbol
Zfp286a,Zfp286a,symbol
Fbxw10,Fbxw10,symbol
LOC120095495,LOC120095495,symbol
Tvp23b,Tvp23b,symbol
LOC120095116,LOC120095116,symbol
LOC102552952,LOC102552952,symbol
Cdrt4,Cdrt4,symbol
Tekt3,Tekt3,symbol
Pmp22,Pmp22,symbol
LOC100360645,LOC100360645,symbol
LOC120095507,LOC120095507,symbol
Hs3st3b1,Hs3st3b1,symbol
ENSRNOG00000064285,,ensembl
Cox10,Cox10,symbol
ENSRNOG00000070061,,ensembl
Hs3st3a1,Hs3st3a1,symbol
ENSRNOG00000070207,,ensembl
ENSRNOG00000070920,,ensembl
ENSRNOG00000066015,,ensembl
Elac2,Elac2,symbol
Arhgap44,Arhgap44,symbol
ENSRNOG00000067151,,ensembl
Myocd,Myocd,symbol
Map2k4,Map2k4,symbol
Zfp18,Zfp18,symbol
Dnah9,Dnah9,symbol
Shisa6,Shisa6,symbol
ENSRNOG00000069007,,ensembl
LOC120095442,LOC120095442,symbol
Pirt,Pirt,symbol
ENSRNOG00000069550,Tmem238l,ensembl
Tmem220,Tmem220,symbol
Adprm,Adprm,symbol
Sco1,Sco1,symbol
Myh3,Myh3,symbol
Myh2,Myh2,symbol
Myh4,Myh4,symbol
Myh8,Myh8,symbol
Myh13,Myh13,symbol
Gas7,Gas7,symbol
Rcvrn,Rcvrn,symbol
Glp2r,Glp2r,symbol
Gsg1l2,Gsg1l2,symbol
Dhrs7c,Dhrs7c,symbol
Usp43,Usp43,symbol
Cfap52,Cfap52,symbol
Stx8,Stx8,symbol
Ntn1,Ntn1,symbol
Pik3r5,Pik3r5,symbol
Pik3r6,Pik3r6,symbol
Mfsd6l,Mfsd6l,symbol
Ccdc42,Ccdc42,symbol
RGD1564148,RGD1564148,symbol
Myh10,Myh10,symbol
Rpl30,Rpl30,symbol
Ndel1,Ndel1,symbol
Rnf222,Rnf222,symbol
ENSRNOG00000066549,,ensembl
Rpl26,Rpl26,symbol
LOC120095368,LOC120095368,symbol
Odf4,Odf4,symbol
Arhgef15,Arhgef15,symbol
ENSRNOG00000065061,,ensembl
Slc25a35,Slc25a35,symbol
Rangrf,Rangrf,symbol
Pfas,Pfas,symbol
LOC120095420,LOC120095420,symbol
Ctc1,Ctc1,symbol
Aurkb,Aurkb,symbol
Borcs6,Borcs6,symbol
Tmem107,Tmem107,symbol
Snord118,Snord118,symbol
ENSRNOG00000067865,,ensembl
Vamp2,Vamp2,symbol
Per1,Per1,symbol
Hes7,Hes7,symbol
Aloxe3,Aloxe3,symbol
LOC100359495,LOC100359495,symbol
Alox12b,Alox12b,symbol
Alox15b,Alox15b,symbol
Gucy2d,Gucy2d,symbol
LOC120095371,LOC120095371,symbol
Cntrob,Cntrob,symbol
Trappc1,Trappc1,symbol
Kcnab3,Kcnab3,symbol
Rnf227,Rnf227,symbol
Chd3,Chd3,symbol
LOC120095464,LOC120095464,symbol
ENSRNOG00000071012,,ensembl
Cyb5d1,Cyb5d1,symbol
Naa38,Naa38,symbol
Tmem88,Tmem88,symbol
Kdm6b,Kdm6b,symbol
Dnah2,Dnah2,symbol
ENSRNOG00000069370,,ensembl
Efnb3,Efnb3,symbol
Wrap53,Wrap53,symbol
Tp53,Tp53,symbol
Atp1b2,Atp1b2,symbol
Shbg,Shbg,symbol
Sat2,Sat2,symbol
Fxr2,Fxr2,symbol
Sox15,Sox15,symbol
Mpdu1,Mpdu1,symbol
Cd68,Cd68,symbol
Eif4a1,Eif4a1,symbol
LOC120095401,LOC120095401,symbol
Snord10,Snord10,symbol
LOC120095433,LOC120095433,symbol
Senp3,Senp3,symbol
Tnfsf13,Tnfsf13,symbol
Tnfsf12,Tnfsf12,symbol
Polr2a,Polr2a,symbol
Slc35g3,Slc35g3,symbol
Zbtb4,Zbtb4,symbol
Chrnb1,Chrnb1,symbol
Fgf11,Fgf11,symbol
Tmem102,Tmem102,symbol
ENSRNOG00000064962,,ensembl
Spem3,Spem3,symbol
Spem2,Spem2,symbol
Spem1,Spem1,symbol
Nlgn2,Nlgn2,symbol
Tmem256,Tmem256,symbol
Plscr3,Plscr3,symbol
Tnk1,Tnk1,symbol
Kctd11,Kctd11,symbol
Tmem95,Tmem95,symbol
Acap1,Acap1,symbol
LOC497940,LOC497940,symbol
Neurl4,Neurl4,symbol
Gps2,Gps2,symbol
Eif5a,Eif5a,symbol
Ybx2,Ybx2,symbol
Slc2a4,Slc2a4,symbol
AABR07029863.4,AABR07029863.4,symbol
Cldn7,Cldn7,symbol
Elp5,Elp5,symbol
Ctdnep1,Ctdnep1,symbol
Gabarap,Gabarap,symbol
Phf23,Phf23,symbol
Dvl2,Dvl2,symbol
Acadvl,Acadvl,symbol
Mir324,Mir324,symbol
Dlg4,Dlg4,symbol
Asgr1,Asgr1,symbol
Asgr2,Asgr2,symbol
Clec10a,Clec10a,symbol
ENSRNOG00000069674,,ensembl
ENSRNOG00000065225,,ensembl
Slc16a13,Slc16a13,symbol
Slc16a11,Slc16a11,symbol
Bcl6b,Bcl6b,symbol
Mir497,Mir497,symbol
Mir195,Mir195,symbol
RGD1308134,RGD1308134,symbol
Alox12,Alox12,symbol
Alox12e,Alox12e,symbol
Alox15,Alox15,symbol
Pelp1,Pelp1,symbol
Arrb2,Arrb2,symbol
Med11,Med11,symbol
Cxcl16,Cxcl16,symbol
Zmynd15,Zmynd15,symbol
Tm4sf5,Tm4sf5,symbol
Vmo1,Vmo1,symbol
Gltpd2,Gltpd2,symbol
Psmb6,Psmb6,symbol
Tomm7-ps4,Tomm7-ps4,symbol
ENSRNOG00000071118,,ensembl
Pld2,Pld2,symbol
Mink1,Mink1,symbol
Chrne,Chrne,symbol
LOC687707,LOC687707,symbol
Rpl36al,Rpl36al,symbol
Gp1ba,Gp1ba,symbol
Slc25a11,Slc25a11,symbol
Rnf167,Rnf167,symbol
Pfn1,Pfn1,symbol
Eno3,Eno3,symbol
Spag7,Spag7,symbol
Camta2,Camta2,symbol
Inca1,Inca1,symbol
ENSRNOG00000070350,LOC120095492,ensembl
LOC120095492,LOC120095492,symbol
Kif1c,Kif1c,symbol
LOC120095361,LOC120095361,symbol
Zfp3,Zfp3,symbol
Scimp,Scimp,symbol
LOC120095133,LOC120095133,symbol
Rabep1,Rabep1,symbol
Nup88,Nup88,symbol
Rpain,Rpain,symbol
C1qbp,C1qbp,symbol
Dhx33,Dhx33,symbol
Derl2,Derl2,symbol
Mis12,Mis12,symbol
LOC691995,LOC691995,symbol
Nlrp1a,Nlrp1a,symbol
Nlrp1b,Nlrp1b,symbol
ENSRNOG00000063936,Ankrd40,ensembl
LOC120095447,LOC120095447,symbol
Wscd1,Wscd1,symbol
LOC120095446,LOC120095446,symbol
Aipl1,Aipl1,symbol
Pimreg,Pimreg,symbol
Pitpnm3,Pitpnm3,symbol
RGD1304728,RGD1304728,symbol
ENSRNOG00000065343,LOC134480818,ensembl
LOC100912483,LOC100912483,symbol
Med31,Med31,symbol
Slc13a5,Slc13a5,symbol
Xaf1,Xaf1,symbol
Fbxo39,Fbxo39,symbol
Tekt1,Tekt1,symbol
Smtnl2,Smtnl2,symbol
Ggt6,Ggt6,symbol
Mybbp1a,Mybbp1a,symbol
Spns2,Spns2,symbol
Spns3,Spns3,symbol
Metazoa_SRP,Metazoa_SRP,symbol
Ube2g1,Ube2g1,symbol
Ankfy1,Ankfy1,symbol
Cyb5d2,Cyb5d2,symbol
Zzef1,Zzef1,symbol
LOC120095437,LOC120095437,symbol
LOC120095418,LOC120095418,symbol
Atp2a3,Atp2a3,symbol
Itgae,Itgae,symbol
Itgae,Itgae,symbol
P2rx1,P2rx1,symbol
Camkk1,Camkk1,symbol
Ncbp3,Ncbp3,symbol
Haspin,Haspin,symbol
P2rx5,P2rx5,symbol
Emc6,Emc6,symbol
Tax1bp3,Tax1bp3,symbol
Ctns,Ctns,symbol
Shpk,Shpk,symbol
Trpv1,Trpv1,symbol
Trpv3,Trpv3,symbol
Aspa,Aspa,symbol
Spata22,Spata22,symbol
Or1e1,Or1e1,symbol
Or1e1c,Or1e1c,symbol
Or1e18,Or1e18,symbol
Olr1469,Olr1469,symbol
Or1e33,Or1e33,symbol
Olr1471,Olr1471,symbol
Or1e21,Or1e21,symbol
ENSRNOG00000067327,,ensembl
Or1e20b,Or1e20b,symbol
ENSRNOG00000068288,,ensembl
Or1e19b-ps1,Or1e19b-ps1,symbol
ENSRNOG00000068635,,ensembl
Or1e20-ps1,Or1e20-ps1,symbol
Olr1481,Olr1481,symbol
Or1e16,Or1e16,symbol
ENSRNOG00000068333,,ensembl
Or1e23,Or1e23,symbol
Or1e26b,Or1e26b,symbol
Or1e26-ps1,Or1e26-ps1,symbol
Or1e27,Or1e27,symbol
Or1e27b,Or1e27b,symbol
Or1e25,Or1e25,symbol
ENSRNOG00000065691,,ensembl
Olr1493,Olr1493,symbol
LOC120095328,LOC120095328,symbol
ENSRNOG00000065977,,ensembl
Or1e31,Or1e31,symbol
Or1e29-ps1,Or1e29-ps1,symbol
LOC687881,LOC687881,symbol
ENSRNOG00000065692,,ensembl
LOC120095497,LOC120095497,symbol
Olr1500,Olr1500,symbol
Or1e1e,Or1e1e,symbol
Or1e35,Or1e35,symbol
Or1e35b,Or1e35b,symbol
Olr1505,Olr1505,symbol
Or1e1d,Or1e1d,symbol
LOC687896,LOC687896,symbol
Or1r1,Or1r1,symbol
ENSRNOG00000068961,,ensembl
Or3a4,Or3a4,symbol
Or3a1f,Or3a1f,symbol
Or3a1e,Or3a1e,symbol
Or1a1,Or1a1,symbol
Or1a1b,Or1a1b,symbol
Or1p1,Or1p1,symbol
Or3a1,Or3a1,symbol
LOC120095377,LOC120095377,symbol
Olfr411,Olfr411,symbol
Or1d2,Or1d2,symbol
ENSRNOG00000067184,,ensembl
Rap1gap2,Rap1gap2,symbol
Ccdc92b,Ccdc92b,symbol
Cluh,Cluh,symbol
Pafah1b1,Pafah1b1,symbol
LOC120095365,LOC120095365,symbol
LOC120095488,LOC120095488,symbol
Mettl16,Mettl16,symbol
ENSRNOG00000068527,,ensembl
Mnt,Mnt,symbol
Sgsm2,Sgsm2,symbol
Tsr1,Tsr1,symbol
LOC120095462,LOC120095462,symbol
LOC120095461,LOC120095461,symbol
Srr,Srr,symbol
Smg6,Smg6,symbol
LOC120095370,LOC120095370,symbol
Hic1,Hic1,symbol
Mir212,Mir212,symbol
Mir132,Mir132,symbol
Dph1,Dph1,symbol
Rtn4rl1,Rtn4rl1,symbol
Rpa1,Rpa1,symbol
Smyd4,Smyd4,symbol
Rpl37-ps4,Rpl37-ps4,symbol
Serpinf1,Serpinf1,symbol
Serpinf2,Serpinf2,symbol
Wdr81,Wdr81,symbol
Mir6326,Mir6326,symbol
Mir22,Mir22,symbol
Tlcd2,Tlcd2,symbol
Prpf8,Prpf8,symbol
Rilp,Rilp,symbol
Scarf1,Scarf1,symbol
Slc43a2,Slc43a2,symbol
Pitpna,Pitpna,symbol
Inpp5k,Inpp5k,symbol
Myo1c,Myo1c,symbol
Crk,Crk,symbol
ENSRNOG00000064121,,ensembl
LOC120095485,LOC120095485,symbol
Ywhae,Ywhae,symbol
Doc2b,Doc2b,symbol
LOC120095350,LOC120095350,symbol
Rph3al,Rph3al,symbol
C10h17orf97,C10h17orf97,symbol
ENSRNOG00000064143,,ensembl
Rflnb,Rflnb,symbol
Vps53,Vps53,symbol
Rpl37l1,Rpl37l1,symbol
Tlcd3a,Tlcd3a,symbol
Gemin4,Gemin4,symbol
Gemin4,Gemin4,symbol
Mrm3,Mrm3,symbol
Nxn,Nxn,symbol
Timm22,Timm22,symbol
Abr,Abr,symbol
Gosr1,Gosr1,symbol
Gosr1,Gosr1,symbol
Gosr1,Gosr1,symbol
Bhlha9,Bhlha9,symbol
Trarg1,Trarg1,symbol
Cpd,Cpd,symbol
LOC120095360,LOC120095360,symbol
Tmigd1,Tmigd1,symbol
Blmh,Blmh,symbol
Slc6a4,Slc6a4,symbol
Nsrp1,Nsrp1,symbol
Mir423,Mir423,symbol
Efcab5,Efcab5,symbol
Ssh2,Ssh2,symbol
AABR07030019.1,AABR07030019.1,symbol
Coro6,Coro6,symbol
Ankrd13b,Ankrd13b,symbol
Git1,Git1,symbol
Tp53i13,Tp53i13,symbol
Abhd15,Abhd15,symbol
ENSRNOG00000063978,,ensembl
ENSRNOG00000065243,,ensembl
Taok1,Taok1,symbol
ENSRNOG00000063840,LOC120095266,ensembl
ENSRNOG00000069823,,ensembl
LOC120095450,LOC120095450,symbol
LOC103693441,LOC103693441,symbol
Nufip2,Nufip2,symbol
Cryba1,Cryba1,symbol
Myo18a,Myo18a,symbol
ENSRNOG00000066916,,ensembl
Pipox,Pipox,symbol
Sez6,Sez6,symbol
Phf12,Phf12,symbol
Flot2,Flot2,symbol
Mir144,Mir144,symbol
Mir451a,Mir451a,symbol
Eral1,Eral1,symbol
Fam222b,Fam222b,symbol
Traf4,Traf4,symbol
Nek8,Nek8,symbol
Tlcd1,Tlcd1,symbol
Rpl23a,Rpl23a,symbol
Snord42a,Snord42a,symbol
Snord4a,Snord4a,symbol
Snord42b,Snord42b,symbol
Rab34,Rab34,symbol
Proca1,Proca1,symbol
Supt6h,Supt6h,symbol
Sdf2,Sdf2,symbol
Rskr,Rskr,symbol
LOC120095505,LOC120095505,symbol
Spag5,Spag5,symbol
Aldoc,Aldoc,symbol
Pigs,Pigs,symbol
Unc119,Unc119,symbol
Foxn1,Foxn1,symbol
AABR07029195.1,AABR07029195.1,symbol
Slc13a2,Slc13a2,symbol
Slc46a1,Slc46a1,symbol
Sarm1,Sarm1,symbol
Vtn,Vtn,symbol
Sebox,Sebox,symbol
Tmem199,Tmem199,symbol
Poldip2,Poldip2,symbol
Tnfaip1,Tnfaip1,symbol
Ift20,Ift20,symbol
Tmem97,Tmem97,symbol
LOC120095392,LOC120095392,symbol
Ccnq,Ccnq,symbol
Lyrm9,Lyrm9,symbol
Nos2,Nos2,symbol
Lgals5,Lgals5,symbol
Lgals9,Lgals9,symbol
Ksr1,Ksr1,symbol
AABR07030085.1,AABR07030085.1,symbol
Wsb1,Wsb1,symbol
Nf1,Nf1,symbol
Omg,Omg,symbol
Evi2b,Evi2b,symbol
Evi2a,Evi2a,symbol
ENSRNOG00000071081,,ensembl
ENSRNOG00000068781,,ensembl
Rab11fip4,Rab11fip4,symbol
LOC120095372,LOC120095372,symbol
LOC120095373,LOC120095373,symbol
LOC120095366,LOC120095366,symbol
Mir193a,Mir193a,symbol
Mir365b,Mir365b,symbol
ENSRNOG00000069468,Krt18,ensembl
Utp6,Utp6,symbol
LOC120095270,LOC120095270,symbol
ENSRNOG00000069932,,ensembl
Suz12,Suz12,symbol
Crlf3,Crlf3,symbol
Atad5,Atad5,symbol
Tefm,Tefm,symbol
LOC120095424,LOC120095424,symbol
Nme1-ps3,Nme1-ps3,symbol
Adap2,Adap2,symbol
Rhot1,Rhot1,symbol
Rhbdl3,Rhbdl3,symbol
RGD1310429,RGD1310429,symbol
Zfp207,Zfp207,symbol
Mir632,Mir632,symbol
ENSRNOG00000068928,,ensembl
ENSRNOG00000070850,,ensembl
Psmd11,Psmd11,symbol
Cdk5r1,Cdk5r1,symbol
Myo1d,Myo1d,symbol
LOC120095458,LOC120095458,symbol
Tmem98,Tmem98,symbol
Spaca3,Spaca3,symbol
Asic2,Asic2,symbol
ENSRNOG00000069495,,ensembl
AABR07030122.1,AABR07030122.1,symbol
ENSRNOG00000063667,,ensembl
Mir6327,Mir6327,symbol
ENSRNOG00000068272,,ensembl
Ccl2,Ccl2,symbol
Ccl7,Ccl7,symbol
Ccl11,Ccl11,symbol
Ccl12,Ccl12,symbol
Ccl1,Ccl1,symbol
Tmem132e,Tmem132e,symbol
Cct6b,Cct6b,symbol
AC095947.1,AC095947.1,symbol
Zfp830,Zfp830,symbol
Lig3,Lig3,symbol
Rffl,Rffl,symbol
Fndc8,Fndc8,symbol
LOC120095352,LOC120095352,symbol
Nle1,Nle1,symbol
Unc45b,Unc45b,symbol
ENSRNOG00000062443,,ensembl
Slfn5,Slfn5,symbol
ENSRNOG00000062350,,ensembl
Slfn13,Slfn13,symbol
ENSRNOG00000063847,,ensembl
LOC108352183,LOC108352183,symbol
Slfn2,Slfn2,symbol
Slfn1,Slfn1,symbol
Slfn4,Slfn4,symbol
Slfn4,Slfn4,symbol
LOC688925,LOC688925,symbol
AC118772.2,AC118772.2,symbol
ENSRNOG00000062983,Slfn4l1,ensembl
AC118772.1,AC118772.1,symbol
LOC120095481,LOC120095481,symbol
ENSRNOG00000064716,,ensembl
Snord7,Snord7,symbol
Pex12,Pex12,symbol
Ap2b1,Ap2b1,symbol
LOC120095451,LOC120095451,symbol
Rasl10b,Rasl10b,symbol
Gas2l2,Gas2l2,symbol
LOC689039,LOC689039,symbol
Mmp28,Mmp28,symbol
Taf15,Taf15,symbol
Heatr9,Heatr9,symbol
Ccl5,Ccl5,symbol
Ccl9,Ccl9,symbol
Ccl6,Ccl6,symbol
Ccl3,Ccl3,symbol
Ccl4,Ccl4,symbol
ENSRNOG00000070672,,ensembl
LOC103695128,LOC103695128,symbol
LOC100909660,LOC100909660,symbol
ENSRNOG00000066744,,ensembl
Anos1,Anos1,symbol
ENSRNOG00000067505,,ensembl
Wfdc18,Wfdc18,symbol
AABR07030143.1,AABR07030143.1,symbol
Wfdc21,Wfdc21,symbol
Heatr6,Heatr6,symbol
AABR07030147.1,AABR07030147.1,symbol
Hnf1b,Hnf1b,symbol
Ddx52,Ddx52,symbol
Synrg,Synrg,symbol
Ac1576,Ac1576,symbol
Dusp14,Dusp14,symbol
Tada2a,Tada2a,symbol
Acaca,Acaca,symbol
LOC102552988,LOC102552988,symbol
Aatf,Aatf,symbol
Lhx1,Lhx1,symbol
Mrm1,Mrm1,symbol
Dhrs11,Dhrs11,symbol
Ube2i,Ube2i,symbol
Ggnbp2,Ggnbp2,symbol
ENSRNOG00000070561,,ensembl
Pigw,Pigw,symbol
Myo19,Myo19,symbol
Znhit3,Znhit3,symbol
LOC120095499,LOC120095499,symbol
AABR07030156.1,AABR07030156.1,symbol
Car4,Car4,symbol
ENSRNOG00000067083,,ensembl
Usp32,Usp32,symbol
ENSRNOG00000069734,,ensembl
Chct1,Chct1,symbol
Appbp2,Appbp2,symbol
AABR07030162.1,AABR07030162.1,symbol
Ppm1d,Ppm1d,symbol
Bcas3,Bcas3,symbol
Tbx2,Tbx2,symbol
Tbx4,Tbx4,symbol
Brip1,Brip1,symbol
Ints2,Ints2,symbol
Med13,Med13,symbol
LOC120095364,LOC120095364,symbol
Rnft1,Rnft1,symbol
Rps6kb1,Rps6kb1,symbol
Tubd1,Tubd1,symbol
Mir21,Mir21,symbol
Vmp1,Vmp1,symbol
Ptrh2,Ptrh2,symbol
Cltc,Cltc,symbol
Dhx40,Dhx40,symbol
Ypel2,Ypel2,symbol
Gdpd1,Gdpd1,symbol
Smg8,Smg8,symbol
Prr11,Prr11,symbol
Ska2,Ska2,symbol
Mir301a,Mir301a,symbol
Trim37,Trim37,symbol
Ppm1e,Ppm1e,symbol
LOC120095391,LOC120095391,symbol
LOC120095359,LOC120095359,symbol
Rad51c,Rad51c,symbol
Tex14,Tex14,symbol
LOC120095396,LOC120095396,symbol
LOC120095385,LOC120095385,symbol
LOC120095490,LOC120095490,symbol
LOC120095496,LOC120095496,symbol
LOC120095489,LOC120095489,symbol
Zfp146,Zfp146,symbol
LOC120095491,LOC120095491,symbol
Septin4,Septin4,symbol
ENSRNOG00000066333,,ensembl
ENSRNOG00000066693,,ensembl
Mtmr4,Mtmr4,symbol
Hsf5,Hsf5,symbol
Rnf43,Rnf43,symbol
LOC120095369,LOC120095369,symbol
Supt4h1,Supt4h1,symbol
Mir142,Mir142,symbol
Tspoap1,Tspoap1,symbol
Mpo,Mpo,symbol
Lpo,Lpo,symbol
Mks1,Mks1,symbol
Epx,Epx,symbol
Or4d2b,Or4d2b,symbol
Or4d2b,Or4d2b,symbol
Olr1523,Olr1523,symbol
Dynll2,Dynll2,symbol
LOC120095169,LOC120095169,symbol
ENSRNOG00000066341,,ensembl
Srsf1,Srsf1,symbol
ENSRNOG00000067337,,ensembl
Vezf1,Vezf1,symbol
Cuedc1,Cuedc1,symbol
Mrps23,Mrps23,symbol
Ccdc182,Ccdc182,symbol
Msi2,Msi2,symbol
Akap1,Akap1,symbol
LOC120095503,LOC120095503,symbol
Scpep1,Scpep1,symbol
AC119015.3,AC119015.3,symbol
Elob-ps4,Elob-ps4,symbol
AC119015.2,AC119015.2,symbol
RGD1562272,RGD1562272,symbol
Coil,Coil,symbol
Trim25,Trim25,symbol
Dgke,Dgke,symbol
C10h17orf67,C10h17orf67,symbol
LOC120095466,LOC120095466,symbol
Nog,Nog,symbol
Ankfn1,Ankfn1,symbol
Pctp,Pctp,symbol
Tmem100,Tmem100,symbol
Smim36,Smim36,symbol
Mmd,Mmd,symbol
Hlf,Hlf,symbol
ENSRNOG00000063722,,ensembl
Stxbp4,Stxbp4,symbol
Cox11,Cox11,symbol
Tom1l1,Tom1l1,symbol
LOC120095456,LOC120095456,symbol
ENSRNOG00000069962,,ensembl
AABR07013200.1,AABR07013200.1,symbol
LOC100363469,LOC100363469,symbol
LOC108352225,LOC108352225,symbol
ENSRNOG00000069870,,ensembl
LOC120095439,LOC120095439,symbol
Car10,Car10,symbol
ENSRNOG00000064064,,ensembl
LOC100911361,LOC100911361,symbol
Tmsb10-ps6,Tmsb10-ps6,symbol
Utp18,Utp18,symbol
Mbtd1,Mbtd1,symbol
Nme2,Nme2,symbol
Nme1,Nme1,symbol
Spag9,Spag9,symbol
Tob1,Tob1,symbol
Wfikkn2,Wfikkn2,symbol
Ankrd40cl,Ankrd40cl,symbol
Luc7l3,Luc7l3,symbol
Ankrd40,Ankrd40,symbol
Abcc3,Abcc3,symbol
Cacna1g,Cacna1g,symbol
Spata20,Spata20,symbol
Epn3,Epn3,symbol
Mycbpap,Mycbpap,symbol
Rsad1,Rsad1,symbol
Acsf2,Acsf2,symbol
Chad,Chad,symbol
Lrrc59,Lrrc59,symbol
Eme1,Eme1,symbol
Mrpl27,Mrpl27,symbol
Xylt2,Xylt2,symbol
ENSRNOG00000067840,,ensembl
ENSRNOG00000062464,LOC100364194,ensembl
ENSRNOG00000067153,,ensembl
LOC103693451,LOC103693451,symbol
ENSRNOG00000070925,,ensembl
ENSRNOG00000068780,,ensembl
ENSRNOG00000068575,,ensembl
Col1a1,Col1a1,symbol
Sgca,Sgca,symbol
Hils1,Hils1,symbol
Ppp1r9b,Ppp1r9b,symbol
Samd14,Samd14,symbol
Pdk2,Pdk2,symbol
Itga3,Itga3,symbol
Dlx3,Dlx3,symbol
Dlx4,Dlx4,symbol
Tac4,Tac4,symbol
Kat7,Kat7,symbol
AABR07030375.1,AABR07030375.1,symbol
Fam117a,Fam117a,symbol
Slc35b1,Slc35b1,symbol
Spop,Spop,symbol
LOC120095411,LOC120095411,symbol
Nxph3,Nxph3,symbol
Ngfr,Ngfr,symbol
Phb1,Phb1,symbol
ENSRNOG00000068461,,ensembl
LOC120095179,LOC120095179,symbol
Zfp652,Zfp652,symbol
ENSRNOG00000068958,,ensembl
Phospho1,Phospho1,symbol
Abi3,Abi3,symbol
B4galnt2,B4galnt2,symbol
ENSRNOG00000068274,,ensembl
Igf2bp1,Igf2bp1,symbol
Gip,Gip,symbol
Snf8,Snf8,symbol
Ube2z,Ube2z,symbol
Atp5mc1,Atp5mc1,symbol
Atp5mc1,Atp5mc1,symbol
ENSRNOG00000066153,,ensembl
Ttll6,Ttll6,symbol
Hoxb13,Hoxb13,symbol
Mir196c,Mir196c,symbol
Hoxb9,Hoxb9,symbol
Hoxb8,Hoxb8,symbol
Hoxb7,Hoxb7,symbol
ENSRNOG00000070316,,ensembl
Hoxb6,Hoxb6,symbol
Hoxb5,Hoxb5,symbol
Mir10a,Mir10a,symbol
Hoxb4,Hoxb4,symbol
Hoxb3,Hoxb3,symbol
Hoxb2,Hoxb2,symbol
Hoxb1,Hoxb1,symbol
Skap1,Skap1,symbol
Snx11,Snx11,symbol
Cbx1,Cbx1,symbol
Nfe2l1,Nfe2l1,symbol
Copz2,Copz2,symbol
Mir152,Mir152,symbol
Cdk5rap3,Cdk5rap3,symbol
Prr15l,Prr15l,symbol
Pnpo,Pnpo,symbol
Sp2,Sp2,symbol
Sp6,Sp6,symbol
Scrn2,Scrn2,symbol
Lrrc46,Lrrc46,symbol
Mrpl10,Mrpl10,symbol
Osbpl7,Osbpl7,symbol
Tbx21,Tbx21,symbol
Tbkbp1,Tbkbp1,symbol
Kpnb1,Kpnb1,symbol
AABR07030425.1,AABR07030425.1,symbol
Npepps,Npepps,symbol
Mrpl45,Mrpl45,symbol
Gpr179,Gpr179,symbol
Socs7,Socs7,symbol
Arhgap23,Arhgap23,symbol
AABR07030435.1,AABR07030435.1,symbol
Srcin1,Srcin1,symbol
Epop,Epop,symbol
Mllt6,Mllt6,symbol
Cisd3,Cisd3,symbol
Pcgf2,Pcgf2,symbol
Psmb3,Psmb3,symbol
Pip4k2b,Pip4k2b,symbol
Cwc25,Cwc25,symbol
LOC691189,LOC691189,symbol
Rpl23,Rpl23,symbol
Snora21,Snora21,symbol
Lasp1,Lasp1,symbol
Fbxo47,Fbxo47,symbol
LOC120095381,LOC120095381,symbol
Plxdc1,Plxdc1,symbol
ENSRNOG00000070737,,ensembl
Arl5c,Arl5c,symbol
Cacnb1,Cacnb1,symbol
Rpl19,Rpl19,symbol
Stac2,Stac2,symbol
Fbxl20,Fbxl20,symbol
Med1,Med1,symbol
Cdk12,Cdk12,symbol
Cdk12,Cdk12,symbol
Neurod2,Neurod2,symbol
Ppp1r1b,Ppp1r1b,symbol
Stard3,Stard3,symbol
Tcap,Tcap,symbol
Pnmt,Pnmt,symbol
Pgap3,Pgap3,symbol
Erbb2,Erbb2,symbol
LOC120095358,LOC120095358,symbol
Mien1,Mien1,symbol
Grb7,Grb7,symbol
Ikzf3,Ikzf3,symbol
LOC120095482,LOC120095482,symbol
LOC120095504,LOC120095504,symbol
Zpbp2,Zpbp2,symbol
Ormdl3,Ormdl3,symbol
Lrrc3c,Lrrc3c,symbol
Gsdma,Gsdma,symbol
Psmd3,Psmd3,symbol
Csf3,Csf3,symbol
Med24,Med24,symbol
LOC120095471,LOC120095471,symbol
Thra,Thra,symbol
Nr1d1,Nr1d1,symbol
Msl1,Msl1,symbol
Casc3,Casc3,symbol
Rapgefl1,Rapgefl1,symbol
Wipf2,Wipf2,symbol
LOC120095376,LOC120095376,symbol
Cdc6,Cdc6,symbol
Rara,Rara,symbol
Gjd3,Gjd3,symbol
Top2a,Top2a,symbol
Igfbp4,Igfbp4,symbol
Tns4,Tns4,symbol
Ccr7,Ccr7,symbol
LOC120095183,LOC120095183,symbol
Smarce1,Smarce1,symbol
Krt222,Krt222,symbol
Krt24,Krt24,symbol
Krt25,Krt25,symbol
Krt26,Krt26,symbol
Krt27,Krt27,symbol
Krt28,Krt28,symbol
Krt10,Krt10,symbol
Krt12,Krt12,symbol
Krt20,Krt20,symbol
Krt23,Krt23,symbol
Krt39,Krt39,symbol
Krt40,Krt40,symbol
Krtap3-3,Krtap3-3,symbol
ENSRNOG00000065101,,ensembl
Krtap3-2,Krtap3-2,symbol
LOC120095334,LOC120095334,symbol
Krtap3-1,Krtap3-1,symbol
Krtap1-5,Krtap1-5,symbol
Krtap1-1,Krtap1-1,symbol
Krtap1-3,Krtap1-3,symbol
LOC100365588,LOC100365588,symbol
RGD1561684,RGD1561684,symbol
Krtap2-1,Krtap2-1,symbol
Krtap2-4l,Krtap2-4l,symbol
Krtap2-4,Krtap2-4,symbol
LOC102553069,LOC102553069,symbol
ENSRNOG00000068861,,ensembl
Gm11555,Gm11555,symbol
AC099183.3,AC099183.3,symbol
ENSRNOG00000065399,,ensembl
AABR07030464.1,AABR07030464.1,symbol
LOC100909494,LOC100909494,symbol
Krtap4-3,Krtap4-3,symbol
Krtap9-7,Krtap9-7,symbol
Krtap9-7,Krtap9-7,symbol
LOC100910814,LOC100910814,symbol
ENSRNOG00000066770,,ensembl
LOC680428,LOC680428,symbol
Krtap31-2,Krtap31-2,symbol
Krtap31-1,Krtap31-1,symbol
LOC100364862,LOC100364862,symbol
Krtap29-1,Krtap29-1,symbol
Krtap16-1,Krtap16-1,symbol
Krtap17-1,Krtap17-1,symbol
Krt33a,Krt33a,symbol
Krt33b,Krt33b,symbol
Krt34,Krt34,symbol
Krt31,Krt31,symbol
Krt32,Krt32,symbol
Krt35,Krt35,symbol
Krt36,Krt36,symbol
Krt13,Krt13,symbol
Krt16,Krt16,symbol
Krt9,Krt9,symbol
Krt17,Krt17,symbol
Krt42,Krt42,symbol
Eif1,Eif1,symbol
Gast,Gast,symbol
Hap1,Hap1,symbol
Jup,Jup,symbol
P3h4,P3h4,symbol
Fkbp10,Fkbp10,symbol
Nt5c3b,Nt5c3b,symbol
Klhl10,Klhl10,symbol
Klhl11,Klhl11,symbol
Acly,Acly,symbol
Odad4,Odad4,symbol
Cnp,Cnp,symbol
Dnajc7,Dnajc7,symbol
Nkiras2,Nkiras2,symbol
Zfp385c,Zfp385c,symbol
LOC120095415,LOC120095415,symbol
Dhx58,Dhx58,symbol
Kat2a,Kat2a,symbol
Hspb9,Hspb9,symbol
Rab5c,Rab5c,symbol
Kcnh4,Kcnh4,symbol
Hcrt,Hcrt,symbol
Ghdc,Ghdc,symbol
Stat5b,Stat5b,symbol
Stat5a,Stat5a,symbol
Stat3,Stat3,symbol
LOC120095484,LOC120095484,symbol
ENSRNOG00000063787,,ensembl
ENSRNOG00000071138,,ensembl
Cavin1,Cavin1,symbol
LOC120095498,LOC120095498,symbol
Atp6v0a1,Atp6v0a1,symbol
Naglu,Naglu,symbol
Hsd17b1,Hsd17b1,symbol
Coasy,Coasy,symbol
Mlx,Mlx,symbol
Psmc3ip,Psmc3ip,symbol
Retreg3,Retreg3,symbol
Tubg1,Tubg1,symbol
Tubg2,Tubg2,symbol
Plekhh3,Plekhh3,symbol
Ccr10,Ccr10,symbol
Cntnap1,Cntnap1,symbol
Ezh1,Ezh1,symbol
Vps25,Vps25,symbol
Atp5mk-ps2,Atp5mk-ps2,symbol
Coa3,Coa3,symbol
Becn1,Becn1,symbol
G6pc1,G6pc1,symbol
LOC120095407,LOC120095407,symbol
Aarsd1,Aarsd1,symbol
Ptges3l,Ptges3l,symbol
Rundc1,Rundc1,symbol
Rpl27,Rpl27,symbol
Ifi35,Ifi35,symbol
Vat1,Vat1,symbol
Rnd2,Rnd2,symbol
Brca1,Brca1,symbol
Nbr1,Nbr1,symbol
Tmem106a,Tmem106a,symbol
Ccdc200,Ccdc200,symbol
LOC681314,LOC681314,symbol
LOC120095476,LOC120095476,symbol
Rdm1,Rdm1,symbol
LOC120095477,LOC120095477,symbol
LOC120095478,LOC120095478,symbol
LOC120095479,LOC120095479,symbol
ENSRNOG00000064047,,ensembl
LOC120095480,LOC120095480,symbol
Arl4d,Arl4d,symbol
Sap18,Sap18,symbol
Dhx8,Dhx8,symbol
Etv4,Etv4,symbol
Meox1,Meox1,symbol
Sost,Sost,symbol
Dusp3,Dusp3,symbol
Cfap97d1,Cfap97d1,symbol
Mpp3,Mpp3,symbol
Cd300lg,Cd300lg,symbol
Mpp2,Mpp2,symbol
Ppy,Ppy,symbol
Pyy,Pyy,symbol
Nags,Nags,symbol
Tmem101,Tmem101,symbol
Lsm12,Lsm12,symbol
G6pc3,G6pc3,symbol
Hdac5,Hdac5,symbol
Mir8101,Mir8101,symbol
LOC120095431,LOC120095431,symbol
Hrob,Hrob,symbol
Asb16,Asb16,symbol
Tmub2,Tmub2,symbol
Atxn7l3,Atxn7l3,symbol
Ubtf,Ubtf,symbol
Slc4a1,Slc4a1,symbol
ENSRNOG00000066543,,ensembl
Rundc3a,Rundc3a,symbol
Slc25a39,Slc25a39,symbol
Grn,Grn,symbol
Fam171a2,Fam171a2,symbol
Itga2b,Itga2b,symbol
Gpatch8,Gpatch8,symbol
ENSRNOG00000070851,,ensembl
Fzd2,Fzd2,symbol
AABR07030494.1,AABR07030494.1,symbol
Meioc,Meioc,symbol
Ccdc43,Ccdc43,symbol
Adam11,Adam11,symbol
Gjc1,Gjc1,symbol
Eftud2,Eftud2,symbol
FAM187A,FAM187A,symbol
Ccdc103,Ccdc103,symbol
Gfap,Gfap,symbol
Kif18b,Kif18b,symbol
C1ql1,C1ql1,symbol
Dcakd,Dcakd,symbol
Nmt1,Nmt1,symbol
Plcd3,Plcd3,symbol
Acbd4,Acbd4,symbol
Hexim1,Hexim1,symbol
ENSRNOG00000071112,,ensembl
Hexim2,Hexim2,symbol
Fmnl1,Fmnl1,symbol
Efcab15,Efcab15,symbol
Spata32,Spata32,symbol
Map3k14,Map3k14,symbol
Arhgap27,Arhgap27,symbol
Plekhm1,Plekhm1,symbol
ENSRNOG00000070671,,ensembl
Lrrc37a,Lrrc37a,symbol
Prp2l1,Prp2l1,symbol
ENSRNOG00000066876,,ensembl
Lyzl6,Lyzl6,symbol
Rprml,Rprml,symbol
Gosr2,Gosr2,symbol
AABR07030524.1,AABR07030524.1,symbol
Wnt9b,Wnt9b,symbol
Wnt3,Wnt3,symbol
Nsf,Nsf,symbol
Arf2,Arf2,symbol
Crhr1,Crhr1,symbol
ENSRNOG00000069887,,ensembl
Sppl2c,Sppl2c,symbol
Mapt,Mapt,symbol
Kansl1,Kansl1,symbol
LOC120095423,LOC120095423,symbol
Cdc27,Cdc27,symbol
Myl4,Myl4,symbol
ENSRNOG00000068963,,ensembl
Itgb3,Itgb3,symbol
AABR07030544.1,AABR07030544.1,symbol
ENSRNOG00000066734,,ensembl
Efcab3,Efcab3,symbol
LOC120095378,LOC120095378,symbol
Mettl2,Mettl2,symbol
ENSRNOG00000070404,,ensembl
ENSRNOG00000062812,,ensembl
Tlk2,Tlk2,symbol
LOC120095467,LOC120095467,symbol
Mrc2,Mrc2,symbol
Marchf10,Marchf10,symbol
Tanc2,Tanc2,symbol
LOC120095493,LOC120095493,symbol
LOC120095351,LOC120095351,symbol
Cyb561,Cyb561,symbol
Ace,Ace,symbol
Ace3,Ace3,symbol
Kcnh6,Kcnh6,symbol
Dcaf7,Dcaf7,symbol
Taco1,Taco1,symbol
ENSRNOG00000063680,,ensembl
ENSRNOG00000069213,,ensembl
Map3k3,Map3k3,symbol
Limd2,Limd2,symbol
Strada,Strada,symbol
LOC120095470,LOC120095470,symbol
Ccdc47,Ccdc47,symbol
Ddx42,Ddx42,symbol
Ftsj3,Ftsj3,symbol
Psmc5,Psmc5,symbol
LOC120095430,LOC120095430,symbol
Smarcd2,Smarcd2,symbol
Tcam1,Tcam1,symbol
Gh1,Gh1,symbol
Cd79b,Cd79b,symbol
Scn4a,Scn4a,symbol
Prr29,Prr29,symbol
Icam2,Icam2,symbol
Ern1,Ern1,symbol
Snord104,Snord104,symbol
LOC120095463,LOC120095463,symbol
Tex2,Tex2,symbol
ENSRNOG00000062516,,ensembl
Pecam1,Pecam1,symbol
ENSRNOG00000062837,,ensembl
Milr1,Milr1,symbol
Polg2,Polg2,symbol
Ddx5,Ddx5,symbol
Mir3064,Mir3064,symbol
Cep95,Cep95,symbol
Smurf2,Smurf2,symbol
LOC120095301,LOC120095301,symbol
Kpna2,Kpna2,symbol
C10h17orf58,C10h17orf58,symbol
Bptf,Bptf,symbol
LOC120095432,LOC120095432,symbol
Nol11,Nol11,symbol
Pitpnc1,Pitpnc1,symbol
LOC120095417,LOC120095417,symbol
LOC120095410,LOC120095410,symbol
RGD1359290,RGD1359290,symbol
ENSRNOG00000065925,,ensembl
AABR07002945.2,AABR07002945.2,symbol
Psmd12,Psmd12,symbol
Helz,Helz,symbol
ENSRNOG00000067362,,ensembl
ENSRNOG00000069533,,ensembl
Cacng1,Cacng1,symbol
Cacng4,Cacng4,symbol
Cacng5,Cacng5,symbol
ENSRNOG00000067823,,ensembl
Prkca,Prkca,symbol
Apoh,Apoh,symbol
AABR07030630.1,AABR07030630.1,symbol
Cep112,Cep112,symbol
Axin2,Axin2,symbol
AABR07064702.1,AABR07064702.1,symbol
RGD1565459,RGD1565459,symbol
Rgs9,Rgs9,symbol
AC106648.1,AC106648.1,symbol
Gna13,Gna13,symbol
ENSRNOG00000070367,,ensembl
Amz2,Amz2,symbol
Slc16a6,Slc16a6,symbol
Arsg,Arsg,symbol
Wipi1,Wipi1,symbol
Prkar1a,Prkar1a,symbol
Fam20a,Fam20a,symbol
RGD1559578,RGD1559578,symbol
Abca8,Abca8,symbol
Abca8a,Abca8a,symbol
Abca9,Abca9,symbol
Abca6,Abca6,symbol
ENSRNOG00000065020,,ensembl
Abca5,Abca5,symbol
Map2k6,Map2k6,symbol
Kcnj16,Kcnj16,symbol
LOC120095206,LOC120095206,symbol
Kcnj2,Kcnj2,symbol
ENSRNOG00000069739,,ensembl
Sox9,Sox9,symbol
Slc39a11,Slc39a11,symbol
Sstr2,Sstr2,symbol
Cog1,Cog1,symbol
Fam104a,Fam104a,symbol
MGC95210,MGC95210,symbol
Cpsf4l,Cpsf4l,symbol
Cdc42ep4,Cdc42ep4,symbol
AABR07030729.1,AABR07030729.1,symbol
Sdk2,Sdk2,symbol
Rpl38-ps9,Rpl38-ps9,symbol
Ttyh2,Ttyh2,symbol
Dnai2,Dnai2,symbol
LOC120095402,LOC120095402,symbol
Kif19,Kif19,symbol
Btbd17,Btbd17,symbol
Gpr142,Gpr142,symbol
Gprc5c,Gprc5c,symbol
Cd300a,Cd300a,symbol
Cd300lb,Cd300lb,symbol
AABR07030796.1,AABR07030796.1,symbol
RGD1562156,RGD1562156,symbol
Cd300ld,Cd300ld,symbol
LOC100909671,LOC100909671,symbol
RGD1562667,RGD1562667,symbol
ENSRNOG00000063289,,ensembl
RGD1559482,RGD1559482,symbol
ENSRNOG00000063511,,ensembl
Cd300c,Cd300c,symbol
Cd300c2,Cd300c2,symbol
ENSRNOG00000065197,,ensembl
Cd300le,Cd300le,symbol
Cd300e,Cd300e,symbol
LOC103693477,LOC103693477,symbol
Rab37,Rab37,symbol
Cd300lf,Cd300lf,symbol
Nherf1,Nherf1,symbol
Nat9,Nat9,symbol
Tmem104,Tmem104,symbol
Grin2c,Grin2c,symbol
Fdxr,Fdxr,symbol
Fads6,Fads6,symbol
Ush1g,Ush1g,symbol
Otop2,Otop2,symbol
Otop3,Otop3,symbol
Hid1,Hid1,symbol
Cdr2l,Cdr2l,symbol
Mrpl58,Mrpl58,symbol
Atp5pd,Atp5pd,symbol
Kctd2,Kctd2,symbol
Trim80,Trim80,symbol
Sumo2,Sumo2,symbol
Slc16a5,Slc16a5,symbol
Armc7,Armc7,symbol
Nt5c,Nt5c,symbol
LOC120093044,LOC120093044,symbol
ENSRNOG00000063769,,ensembl
Nup85,Nup85,symbol
Gga3,Gga3,symbol
LOC120095367,LOC120095367,symbol
Mrps7,Mrps7,symbol
Slc25a19,Slc25a19,symbol
Grb2,Grb2,symbol
LOC108350839,LOC108350839,symbol
LOC120095390,LOC120095390,symbol
LOC120095355,LOC120095355,symbol
Tmem94,Tmem94,symbol
Mir3577,Mir3577,symbol
Caskin2,Caskin2,symbol
Tsen54,Tsen54,symbol
Llgl2,Llgl2,symbol
Myo15b,Myo15b,symbol
Recql5,Recql5,symbol
Smim5,Smim5,symbol
Sap30bp,Sap30bp,symbol
Rps18l1,Rps18l1,symbol
Itgb4,Itgb4,symbol
Galk1,Galk1,symbol
ENSRNOG00000069138,,ensembl
H3f3a,H3f3a,symbol
Unk,Unk,symbol
Unc13d,Unc13d,symbol
Wbp2,Wbp2,symbol
Trim47,Trim47,symbol
Trim65,Trim65,symbol
Mrpl38,Mrpl38,symbol
Fbf1,Fbf1,symbol
LOC120095425,LOC120095425,symbol
Acox1,Acox1,symbol
Ten1,Ten1,symbol
Evpl,Evpl,symbol
Srp68,Srp68,symbol
Galr2,Galr2,symbol
Exoc7,Exoc7,symbol
Rnf157,Rnf157,symbol
AABR07030823.1,AABR07030823.1,symbol
Ubald2,Ubald2,symbol
Qrich2,Qrich2,symbol
Prpsap1,Prpsap1,symbol
Sphk1,Sphk1,symbol
Ube2o,Ube2o,symbol
LOC120095357,LOC120095357,symbol
AABR07072207.1,AABR07072207.1,symbol
Aanat,Aanat,symbol
Rhbdf2,Rhbdf2,symbol
Cygb,Cygb,symbol
ENSRNOG00000062933,,ensembl
ENSRNOG00000067573,,ensembl
ENSRNOG00000063207,,ensembl
Snord1c,Snord1c,symbol
LOC120095397,LOC120095397,symbol
St6galnac2,St6galnac2,symbol
St6galnac2,St6galnac2,symbol
St6galnac1,St6galnac1,symbol
Mxra7,Mxra7,symbol
Jmjd6,Jmjd6,symbol
Mettl23,Mettl23,symbol
Srsf2,Srsf2,symbol
Mfsd11,Mfsd11,symbol
Mgat5b,Mgat5b,symbol
LOC120095426,LOC120095426,symbol
Sec14l1,Sec14l1,symbol
Septin9,Septin9,symbol
Tnrc6c,Tnrc6c,symbol
Tmc6,Tmc6,symbol
Tmc8,Tmc8,symbol
LOC688282,LOC688282,symbol
LOC120095354,LOC120095354,symbol
Syngr2,Syngr2,symbol
Tk1,Tk1,symbol
Afmid,Afmid,symbol
Birc5,Birc5,symbol
Tmem235,Tmem235,symbol
Tha1,Tha1,symbol
Socs3,Socs3,symbol
Pgs1,Pgs1,symbol
Dnah17,Dnah17,symbol
Cyth1,Cyth1,symbol
Usp36,Usp36,symbol
Cant1,Cant1,symbol
Timp2,Timp2,symbol
Lgals3bp,Lgals3bp,symbol
C1qtnf1,C1qtnf1,symbol
Engase,Engase,symbol
Rbfox3,Rbfox3,symbol
ENSRNOG00000066900,,ensembl
Enpp7,Enpp7,symbol
Cbx2,Cbx2,symbol
ENSRNOG00000067449,,ensembl
Cbx8,Cbx8,symbol
ENSRNOG00000070446,,ensembl
ENSRNOG00000067529,,ensembl
Cbx4,Cbx4,symbol
Tbc1d16,Tbc1d16,symbol
Ccdc40,Ccdc40,symbol
Gaa,Gaa,symbol
Eif4a3,Eif4a3,symbol
LOC108352165,LOC108352165,symbol
Card14,Card14,symbol
Sgsh,Sgsh,symbol
Slc26a11,Slc26a11,symbol
Rnf213,Rnf213,symbol
Endov,Endov,symbol
Nptx1,Nptx1,symbol
AABR07030911.1,AABR07030911.1,symbol
Rptor,Rptor,symbol
Chmp6,Chmp6,symbol
ENSRNOG00000065499,,ensembl
Baiap2,Baiap2,symbol
Aatk,Aatk,symbol
Mir3065,Mir3065,symbol
Cep131,Cep131,symbol
Mir3594,Mir3594,symbol
Mir3562,Mir3562,symbol
Tepsin,Tepsin,symbol
Slc38a10,Slc38a10,symbol
ENSRNOG00000065844,,ensembl
Bahcc1,Bahcc1,symbol
Actg1,Actg1,symbol
Fscn2,Fscn2,symbol
Faap100,Faap100,symbol
Nploc4,Nploc4,symbol
Tspan10,Tspan10,symbol
Pde6g,Pde6g,symbol
Oxld1,Oxld1,symbol
Ccdc137,Ccdc137,symbol
Arl16,Arl16,symbol
Hgs,Hgs,symbol
Mrpl12,Mrpl12,symbol
Slc25a10,Slc25a10,symbol
Gcgr,Gcgr,symbol
Mcrip1,Mcrip1,symbol
Ppp1r27,Ppp1r27,symbol
P4hb,P4hb,symbol
Arhgdia,Arhgdia,symbol
Alyref,Alyref,symbol
Npb,Npb,symbol
Pcyt2,Pcyt2,symbol
Sirt7,Sirt7,symbol
Mafg,Mafg,symbol
Pycr1,Pycr1,symbol
Myadml2,Myadml2,symbol
Notum,Notum,symbol
Aspscr1,Aspscr1,symbol
Cbr2,Cbr2,symbol
Lrrc45,Lrrc45,symbol
Rac3,Rac3,symbol
LOC688321,LOC688321,symbol
Rfng,Rfng,symbol
Gps1,Gps1,symbol
Dus1l,Dus1l,symbol
Fasn,Fasn,symbol
Ccdc57,Ccdc57,symbol
Slc16a3,Slc16a3,symbol
Csnk1d,Csnk1d,symbol
Cd7,Cd7,symbol
Sectm1b,Sectm1b,symbol
Sectm1a,Sectm1a,symbol
Tex19.2,Tex19.2,symbol
Tex19.1,Tex19.1,symbol
LOC120095483,LOC120095483,symbol
Uts2r,Uts2r,symbol
Ogfod3,Ogfod3,symbol
Hexd,Hexd,symbol
LOC120095457,LOC120095457,symbol
Cybc1,Cybc1,symbol
Pgam1-ps1,Pgam1-ps1,symbol
Narf,Narf,symbol
Foxk2,Foxk2,symbol
Wdr45b,Wdr45b,symbol
Rab40b,Rab40b,symbol
Fn3krp,Fn3krp,symbol
Fn3k,Fn3k,symbol
Tbcd,Tbcd,symbol
Znf750,Znf750,symbol
B3gntl1,B3gntl1,symbol
Metrnl,Metrnl,symbol
Ptchd3,Ptchd3,symbol
LOC120095434,LOC120095434,symbol
LOC102551980,LOC102551980,symbol
LOC120095349,LOC120095349,symbol
LOC102550944,LOC102550944,symbol
LOC120093061,LOC120093061,symbol
Arl13b,Arl13b,symbol
Stx19,Stx19,symbol
Pros1,Pros1,symbol
ENSRNOG00000068638,,ensembl
LOC120095789,LOC120095789,symbol
LOC120095801,LOC120095801,symbol
Epha3,Epha3,symbol
LOC120095722,LOC120095722,symbol
LOC120095723,LOC120095723,symbol
Csnka2ip,Csnka2ip,symbol
LOC120095814,LOC120095814,symbol
C11h3orf38,C11h3orf38,symbol
Zfp654,Zfp654,symbol
Cggbp1,Cggbp1,symbol
Htr1f,Htr1f,symbol
LOC120095746,LOC120095746,symbol
LOC120095754,LOC120095754,symbol
Pou1f1,Pou1f1,symbol
Chmp2b,Chmp2b,symbol
AABR07033045.1,AABR07033045.1,symbol
AABR07033047.1,AABR07033047.1,symbol
Vgll3,Vgll3,symbol
ENSRNOG00000070389,,ensembl
LOC120095711,LOC120095711,symbol
ENSRNOG00000069664,,ensembl
Cadm2,Cadm2,symbol
LOC680121,LOC680121,symbol
ENSRNOG00000062985,Haus8l2,ensembl
ENSRNOG00000064853,,ensembl
LOC120095765,LOC120095765,symbol
LOC120095740,LOC120095740,symbol
ENSRNOG00000062450,,ensembl
LOC120095779,LOC120095779,symbol
LOC120095794,LOC120095794,symbol
Gbe1,Gbe1,symbol
Snord22,Snord22,symbol
ENSRNOG00000063121,,ensembl
ENSRNOG00000069619,,ensembl
Chmp6-ps1,Chmp6-ps1,symbol
LOC120095811,LOC120095811,symbol
Robo1,Robo1,symbol
LOC120095755,LOC120095755,symbol
LOC120095742,LOC120095742,symbol
ENSRNOG00000069094,,ensembl
LOC120095784,LOC120095784,symbol
ENSRNOG00000069240,,ensembl
Robo2,Robo2,symbol
LOC120095760,LOC120095760,symbol
AABR07033236.1,AABR07033236.1,symbol
Lipi,Lipi,symbol
LOC120095819,LOC120095819,symbol
Rbm11,Rbm11,symbol
LOC120095809,LOC120095809,symbol
Hspa13,Hspa13,symbol
LOC103693505,LOC103693505,symbol
Samsn1,Samsn1,symbol
ENSRNOG00000069129,,ensembl
ENSRNOG00000069351,,ensembl
LOC120095752,LOC120095752,symbol
LOC108352292,LOC108352292,symbol
Nrip1,Nrip1,symbol
Usp25,Usp25,symbol
ENSRNOG00000063822,,ensembl
ENSRNOG00000069048,,ensembl
ENSRNOG00000067473,,ensembl
AABR07033287.1,AABR07033287.1,symbol
LOC120095539,LOC120095539,symbol
ENSRNOG00000063779,,ensembl
Mir99a,Mir99a,symbol
Mirlet7c1,Mirlet7c1,symbol
Mir3588,Mir3588,symbol
ENSRNOG00000066199,,ensembl
LOC120095805,LOC120095805,symbol
LOC120095757,LOC120095757,symbol
Cxadr,Cxadr,symbol
Btg3,Btg3,symbol
RGD1563888,RGD1563888,symbol
LOC120095597,LOC120095597,symbol
AABR07033324.1,AABR07033324.1,symbol
Chodl,Chodl,symbol
Tmprss15,Tmprss15,symbol
LOC120095753,LOC120095753,symbol
LOC120095718,LOC120095718,symbol
Ncam2,Ncam2,symbol
LOC120095802,LOC120095802,symbol
ENSRNOG00000067809,,ensembl
ENSRNOG00000063723,,ensembl
ENSRNOG00000070402,,ensembl
Mir155,Mir155,symbol
Mrpl39,Mrpl39,symbol
LOC120095730,LOC120095730,symbol
Jam2,Jam2,symbol
Atp5pf,Atp5pf,symbol
Gabpa,Gabpa,symbol
App,App,symbol
Cyyr1,Cyyr1,symbol
LOC120095815,LOC120095815,symbol
Adamts1,Adamts1,symbol
Adamts5,Adamts5,symbol
LOC102552725,LOC102552725,symbol
LOC120095790,LOC120095790,symbol
ENSRNOG00000070580,,ensembl
LOC120095764,LOC120095764,symbol
N6amt1,N6amt1,symbol
Ltn1,Ltn1,symbol
Rwdd2b,Rwdd2b,symbol
Usp16,Usp16,symbol
Cct8,Cct8,symbol
LOC120095748,LOC120095748,symbol
LOC103693536,LOC103693536,symbol
Map3k7cl,Map3k7cl,symbol
ENSRNOG00000068092,,ensembl
LOC102555219,LOC102555219,symbol
Bach1,Bach1,symbol
LOC120095766,LOC120095766,symbol
Grik1,Grik1,symbol
LOC102549158,LOC102549158,symbol
Cldn17,Cldn17,symbol
Cldn8,Cldn8,symbol
Krtap24-1,Krtap24-1,symbol
LOC100912272,LOC100912272,symbol
Krtap26-1,Krtap26-1,symbol
LOC108352303,LOC108352303,symbol
LOC100363136,LOC100363136,symbol
Krtap13-1,Krtap13-1,symbol
LOC100363236,LOC100363236,symbol
LOC100363287,LOC100363287,symbol
Krtap14l,Krtap14l,symbol
Krtap13-2,Krtap13-2,symbol
ENSRNOG00000069948,,ensembl
ENSRNOG00000070302,,ensembl
Krtap14,Krtap14,symbol
ENSRNOG00000064720,,ensembl
LOC102550973,LOC102550973,symbol
Krtap19-5,Krtap19-5,symbol
AABR07033579.1,AABR07033579.1,symbol
Krtap16-5,Krtap16-5,symbol
Krtap22-2,Krtap22-2,symbol
AABR07033579.3,AABR07033579.3,symbol
ENSRNOG00000071041,Krtap6-5,ensembl
ENSRNOG00000063192,,ensembl
ENSRNOG00000062680,,ensembl
ENSRNOG00000063701,,ensembl
LOC120095791,LOC120095791,symbol
ENSRNOG00000070582,,ensembl
LOC102551304,LOC102551304,symbol
LOC102551497,LOC102551497,symbol
LOC102551201,LOC102551201,symbol
Krtap20-1,Krtap20-1,symbol
LOC102551771,LOC102551771,symbol
LOC102552244,LOC102552244,symbol
AABR07033590.1,AABR07033590.1,symbol
Krtap8-1,Krtap8-1,symbol
AABR07033607.1,AABR07033607.1,symbol
Krtap7-1,Krtap7-1,symbol
Krtap11-1,Krtap11-1,symbol
Tiam1,Tiam1,symbol
ENSRNOG00000067013,,ensembl
LOC102552925,LOC102552925,symbol
ENSRNOG00000070495,,ensembl
LOC120095606,LOC120095606,symbol
Sod1,Sod1,symbol
Scaf4,Scaf4,symbol
LOC120095710,LOC120095710,symbol
ENSRNOG00000068673,,ensembl
Hunk,Hunk,symbol
Mis18a,Mis18a,symbol
LOC100911990,LOC100911990,symbol
Mrap,Mrap,symbol
Urb1,Urb1,symbol
Eva1c,Eva1c,symbol
LOC120095736,LOC120095736,symbol
Cfap298,Cfap298,symbol
Synj1,Synj1,symbol
Paxbp1,Paxbp1,symbol
RGD1562726,RGD1562726,symbol
ENSRNOG00000063377,,ensembl
Olig2,Olig2,symbol
Olig1,Olig1,symbol
Ifnar2,Ifnar2,symbol
Il10rb,Il10rb,symbol
ENSRNOG00000063571,,ensembl
LOC120095617,LOC120095617,symbol
ENSRNOG00000066588,,ensembl
Ifnar1,Ifnar1,symbol
LOC120095773,LOC120095773,symbol
Ifngr2,Ifngr2,symbol
Tmem50b,Tmem50b,symbol
Dnajc28,Dnajc28,symbol
Gart,Gart,symbol
Son,Son,symbol
Donson,Donson,symbol
Cryzl1,Cryzl1,symbol
Itsn1,Itsn1,symbol
Atp5po,Atp5po,symbol
Slc5a3,Slc5a3,symbol
Mrps6,Mrps6,symbol
Kcne2,Kcne2,symbol
LOC120095786,LOC120095786,symbol
Smim11,Smim11,symbol
C11h21orf140,C11h21orf140,symbol
Kcne1,Kcne1,symbol
Rcan1,Rcan1,symbol
Clic6,Clic6,symbol
LOC120095806,LOC120095806,symbol
Runx1,Runx1,symbol
Mir802,Mir802,symbol
RGD1562683,RGD1562683,symbol
ENSRNOG00000067029,,ensembl
Setd4,Setd4,symbol
LOC120095803,LOC120095803,symbol
Cbr1l2,Cbr1l2,symbol
ENSRNOG00000067486,,ensembl
ENSRNOG00000067558,,ensembl
Cbr1l1,Cbr1l1,symbol
ENSRNOG00000063617,,ensembl
LOC100360601,LOC100360601,symbol
Cbr3,Cbr3,symbol
Dop1b,Dop1b,symbol
Ifitm7,Ifitm7,symbol
Morc3,Morc3,symbol
Chaf1b,Chaf1b,symbol
Cldn14,Cldn14,symbol
Sim2,Sim2,symbol
Hlcs,Hlcs,symbol
LOC108352309,LOC108352309,symbol
Ripply3,Ripply3,symbol
Pigp,Pigp,symbol
Ttc3,Ttc3,symbol
LOC120095762,LOC120095762,symbol
Vps26c,Vps26c,symbol
Dyrk1a,Dyrk1a,symbol
Kcnj6,Kcnj6,symbol
ENSRNOG00000068576,,ensembl
ENSRNOG00000070458,,ensembl
Kcnj15,Kcnj15,symbol
Erg,Erg,symbol
LOC120095800,LOC120095800,symbol
Ets2,Ets2,symbol
Psmg1,Psmg1,symbol
Brwd1,Brwd1,symbol
Mir6324,Mir6324,symbol
ENSRNOG00000063218,,ensembl
ENSRNOG00000067977,,ensembl
Hmgn1,Hmgn1,symbol
ENSRNOG00000068065,,ensembl
Get1,Get1,symbol
Lca5l,Lca5l,symbol
Sh3bgr,Sh3bgr,symbol
B3galt5,B3galt5,symbol
Mir6325,Mir6325,symbol
Igsf5,Igsf5,symbol
ENSRNOG00000063024,,ensembl
Pcp4,Pcp4,symbol
Dscam,Dscam,symbol
Tsnax-ps1,Tsnax-ps1,symbol
Bace2,Bace2,symbol
Mx1,Mx1,symbol
Fam3b,Fam3b,symbol
ENSRNOG00000065231,,ensembl
Mx2,Mx2,symbol
Tmprss2,Tmprss2,symbol
ENSRNOG00000070902,,ensembl
LOC120095741,LOC120095741,symbol
Ripk4,Ripk4,symbol
Prdm15,Prdm15,symbol
C2cd2,C2cd2,symbol
Zbtb21,Zbtb21,symbol
Nsun3,Nsun3,symbol
RGD1565472,RGD1565472,symbol
LOC120095714,LOC120095714,symbol
LOC120095759,LOC120095759,symbol
LOC103693547,LOC103693547,symbol
AABR07033851.2,AABR07033851.2,symbol
LOC120095777,LOC120095777,symbol
LOC120095808,LOC120095808,symbol
Epha6,Epha6,symbol
LOC120095724,LOC120095724,symbol
Arl6,Arl6,symbol
Crybg3,Crybg3,symbol
Riox2,Riox2,symbol
Gabrr3,Gabrr3,symbol
Or5ac25,Or5ac25,symbol
Or5ac24,Or5ac24,symbol
Or5ac23,Or5ac23,symbol
Or5ac23b,Or5ac23b,symbol
Or5ac22,Or5ac22,symbol
Or5ac21,Or5ac21,symbol
Or5ac19,Or5ac19,symbol
Or5h26,Or5h26,symbol
Or5h27,Or5h27,symbol
LOC120095566,LOC120095566,symbol
Or5ac19,Or5ac19,symbol
Or5h27b,Or5h27b,symbol
Or5h25b,Or5h25b,symbol
Or5k3,Or5k3,symbol
Or5ac15,Or5ac15,symbol
Or5h25c-ps1,Or5h25c-ps1,symbol
Or5h25b,Or5h25b,symbol
ENSRNOG00000069234,,ensembl
ENSRNOG00000063020,,ensembl
Or5h24,Or5h24,symbol
Or5h24b,Or5h24b,symbol
Or5h18,Or5h18,symbol
Or5h19-ps1,Or5h19-ps1,symbol
Or5h17,Or5h17,symbol
Or5h17b,Or5h17b,symbol
Or5h17c,Or5h17c,symbol
Or5k15,Or5k15,symbol
Or5k16,Or5k16,symbol
Or5k15,Or5k15,symbol
Or5k8,Or5k8,symbol
ENSRNOG00000066621,,ensembl
Olr1563,Olr1563,symbol
Olr1564,Olr1564,symbol
Or5k1-ps1,Or5k1-ps1,symbol
LOC120095756,LOC120095756,symbol
Cldnd1,Cldnd1,symbol
Gpr15,Gpr15,symbol
Cpox,Cpox,symbol
ENSRNOG00000064835,,ensembl
Ftdc2,Ftdc2,symbol
LOC108352322,LOC108352322,symbol
ENSRNOG00000067860,,ensembl
St3gal6,St3gal6,symbol
ENSRNOG00000068560,,ensembl
Dcbld2,Dcbld2,symbol
ENSRNOG00000067941,,ensembl
LOC120095745,LOC120095745,symbol
ENSRNOG00000062397,,ensembl
Col8a1,Col8a1,symbol
ENSRNOG00000064142,,ensembl
Cmss1,Cmss1,symbol
Filip1l,Filip1l,symbol
ENSRNOG00000068775,,ensembl
Tmem30c,Tmem30c,symbol
Tbc1d23,Tbc1d23,symbol
Nit2,Nit2,symbol
Tomm70,Tomm70,symbol
Tmem45a2,Tmem45a2,symbol
ENSRNOG00000068299,,ensembl
Lnp1,Lnp1,symbol
ENSRNOG00000069996,,ensembl
Tmem45a,Tmem45a,symbol
AABR07033979.1,AABR07033979.1,symbol
Adgrg7,Adgrg7,symbol
Tfg,Tfg,symbol
Abi3bp,Abi3bp,symbol
Impg2,Impg2,symbol
Senp7,Senp7,symbol
Trmt10c,Trmt10c,symbol
LOC120095729,LOC120095729,symbol
Pcnp,Pcnp,symbol
Zbtb11,Zbtb11,symbol
Gng5-ps4,Gng5-ps4,symbol
LOC120095738,LOC120095738,symbol
Rpl24,Rpl24,symbol
Cep97,Cep97,symbol
Nxpe3,Nxpe3,symbol
Nfkbiz,Nfkbiz,symbol
LOC120095713,LOC120095713,symbol
Zpld1,Zpld1,symbol
LOC120095796,LOC120095796,symbol
LOC120095720,LOC120095720,symbol
LOC120095816,LOC120095816,symbol
LOC120095758,LOC120095758,symbol
LOC120095767,LOC120095767,symbol
LOC120095804,LOC120095804,symbol
Hmgb2l1,Hmgb2l1,symbol
LOC120095769,LOC120095769,symbol
LOC120095771,LOC120095771,symbol
Alcam,Alcam,symbol
Cblb,Cblb,symbol
LOC120095787,LOC120095787,symbol
ENSRNOG00000069704,,ensembl
Ccdc54,Ccdc54,symbol
LOC120095707,LOC120095707,symbol
Bbx,Bbx,symbol
Rpl26-ps9,Rpl26-ps9,symbol
ENSRNOG00000066320,,ensembl
Cd47,Cd47,symbol
Ift57,Ift57,symbol
LOC100909977,LOC100909977,symbol
Myh15,Myh15,symbol
LOC120095735,LOC120095735,symbol
Cip2a,Cip2a,symbol
Dzip3,Dzip3,symbol
Retnlg,Retnlg,symbol
Retnla,Retnla,symbol
Retnlb,Retnlb,symbol
Trat1,Trat1,symbol
Morc1,Morc1,symbol
Gm5485,Gm5485,symbol
ENSRNOG00000063813,,ensembl
ENSRNOG00000064614,Dppa2,ensembl
Dppa4,Dppa4,symbol
H3f3a-ps9,H3f3a-ps9,symbol
LOC120095721,LOC120095721,symbol
LOC120095817,LOC120095817,symbol
LOC120095820,LOC120095820,symbol
Nectin3,Nectin3,symbol
Cd96,Cd96,symbol
Plcxd2,Plcxd2,symbol
Phldb2,Phldb2,symbol
LOC120095778,LOC120095778,symbol
Abhd10,Abhd10,symbol
Tagln3,Tagln3,symbol
Tmprss7,Tmprss7,symbol
LOC685680,LOC685680,symbol
Gcsam,Gcsam,symbol
Slc9c1,Slc9c1,symbol
ENSRNOG00000071059,,ensembl
LOC685716,LOC685716,symbol
LOC685767,LOC685767,symbol
Cd200,Cd200,symbol
Btla,Btla,symbol
Atg3,Atg3,symbol
Slc35a5,Slc35a5,symbol
ENSRNOG00000062881,,ensembl
Ccdc80,Ccdc80,symbol
Cd200r1l,Cd200r1l,symbol
Cd200r1,Cd200r1,symbol
Gtpbp8,Gtpbp8,symbol
Nepro,Nepro,symbol
Boc,Boc,symbol
Cfap44,Cfap44,symbol
Spice1,Spice1,symbol
Sidt1,Sidt1,symbol
ENSRNOG00000063446,,ensembl
Usf3,Usf3,symbol
LOC120095793,LOC120095793,symbol
Naa50,Naa50,symbol
Atp6v1a,Atp6v1a,symbol
Gramd1c,Gramd1c,symbol
ENSRNOG00000069912,,ensembl
Zdhhc23,Zdhhc23,symbol
Ccdc191,Ccdc191,symbol
Qtrt2,Qtrt2,symbol
LOC120095780,LOC120095780,symbol
LOC120095768,LOC120095768,symbol
Drd3,Drd3,symbol
Tigit,Tigit,symbol
Mir568,Mir568,symbol
ENSRNOG00000066003,,ensembl
Zbtb20,Zbtb20,symbol
ENSRNOG00000066115,,ensembl
LOC120095547,LOC120095547,symbol
ENSRNOG00000070522,,ensembl
LOC120095788,LOC120095788,symbol
Gap43,Gap43,symbol
AABR07034249.1,AABR07034249.1,symbol
ENSRNOG00000070595,,ensembl
Lsamp,Lsamp,symbol
LOC120095737,LOC120095737,symbol
ENSRNOG00000038987,,ensembl
AABR07034328.1,AABR07034328.1,symbol
LOC120095810,LOC120095810,symbol
Igsf11,Igsf11,symbol
LOC120095708,LOC120095708,symbol
RGD1563835,RGD1563835,symbol
ENSRNOG00000067288,,ensembl
Tex55,Tex55,symbol
Upk1b,Upk1b,symbol
B4galt4,B4galt4,symbol
Arhgap31,Arhgap31,symbol
Tmem39a,Tmem39a,symbol
Poglut1,Poglut1,symbol
Timmdc1,Timmdc1,symbol
Cd80,Cd80,symbol
Adprh,Adprh,symbol
Pla1a,Pla1a,symbol
Popdc2,Popdc2,symbol
ENSRNOG00000067986,,ensembl
ENSRNOG00000063961,,ensembl
Cfap91,Cfap91,symbol
Nr1i2,Nr1i2,symbol
ENSRNOG00000066813,,ensembl
Gsk3b,Gsk3b,symbol
Gm25617,Gm25617,symbol
LOC120095744,LOC120095744,symbol
Gpr156,Gpr156,symbol
Fstl1,Fstl1,symbol
ENSRNOG00000064655,,ensembl
Lrrc58,Lrrc58,symbol
LOC102552404,LOC102552404,symbol
Ndufb4,Ndufb4,symbol
ENSRNOG00000065592,,ensembl
Hgd,Hgd,symbol
Rabl3,Rabl3,symbol
Gtf2e1,Gtf2e1,symbol
ENSRNOG00000068521,,ensembl
Stxbp5l,Stxbp5l,symbol
LOC120095798,LOC120095798,symbol
Polq,Polq,symbol
Gng10-ps1,Gng10-ps1,symbol
Fbxo40,Fbxo40,symbol
Hcls1,Hcls1,symbol
Golgb1,Golgb1,symbol
Iqcb1,Iqcb1,symbol
Eaf2,Eaf2,symbol
Ildr1,Ildr1,symbol
Slc15a2,Slc15a2,symbol
Cd86,Cd86,symbol
Casr,Casr,symbol
Stfa3,Stfa3,symbol
LOC120095716,LOC120095716,symbol
LOC689230,LOC689230,symbol
LOC120095717,LOC120095717,symbol
ENSRNOG00000066258,Cstdc4,ensembl
LOC120095709,LOC120095709,symbol
Stfa2l1,Stfa2l1,symbol
LOC120095719,LOC120095719,symbol
Cstdc4,Cstdc4,symbol
Stfa2l2,Stfa2l2,symbol
LOC120095715,LOC120095715,symbol
LOC120095659,LOC120095659,symbol
Stfa2,Stfa2,symbol
Stfa2l3,Stfa2l3,symbol
Stfa3l1,Stfa3l1,symbol
Csta,Csta,symbol
LOC120095712,LOC120095712,symbol
RGD1565297,RGD1565297,symbol
Mix23,Mix23,symbol
Fam162a,Fam162a,symbol
Wdr5b,Wdr5b,symbol
Kpna1,Kpna1,symbol
Parp9,Parp9,symbol
Dtx3l,Dtx3l,symbol
ENSRNOG00000069467,,ensembl
Parp14,Parp14,symbol
Hspbap1,Hspbap1,symbol
LOC120095731,LOC120095731,symbol
Slc49a4,Slc49a4,symbol
Sema5b,Sema5b,symbol
Pdia5,Pdia5,symbol
LOC120095785,LOC120095785,symbol
Sec22a,Sec22a,symbol
Adcy5,Adcy5,symbol
Hacd2,Hacd2,symbol
Mylk,Mylk,symbol
Ccdc14,Ccdc14,symbol
Ropn1,Ropn1,symbol
Kalrn,Kalrn,symbol
Metazoa_SRP,Metazoa_SRP,symbol
Umps,Umps,symbol
Itgb5,Itgb5,symbol
AC133403.1,AC133403.1,symbol
Heg1,Heg1,symbol
Muc13,Muc13,symbol
Slc12a8,Slc12a8,symbol
Zfp148,Zfp148,symbol
LOC120095732,LOC120095732,symbol
AC110981.1,AC110981.1,symbol
Snx4,Snx4,symbol
ENSRNOG00000071064,,ensembl
Osbpl11,Osbpl11,symbol
RNaseP_nuc,RNaseP_nuc,symbol
Lmln,Lmln,symbol
Rpl35a,Rpl35a,symbol
Iqcg,Iqcg,symbol
Lrch3,Lrch3,symbol
Fyttd1,Fyttd1,symbol
Rubcn,Rubcn,symbol
LOC100910650,LOC100910650,symbol
Muc20,Muc20,symbol
Tnk2,Tnk2,symbol
LOC120095795,LOC120095795,symbol
Tfrc,Tfrc,symbol
LOC120095807,LOC120095807,symbol
Zdhhc19,Zdhhc19,symbol
Slc51a,Slc51a,symbol
Pcyt1a,Pcyt1a,symbol
Dynlt2b,Dynlt2b,symbol
Tm4sf19,Tm4sf19,symbol
AABR07034438.1,AABR07034438.1,symbol
Rnf168,Rnf168,symbol
Smco1,Smco1,symbol
Wdr53,Wdr53,symbol
Fbxo45,Fbxo45,symbol
LOC120095776,LOC120095776,symbol
Nrros,Nrros,symbol
Cep19,Cep19,symbol
Pigx,Pigx,symbol
Pak2,Pak2,symbol
LOC120095749,LOC120095749,symbol
Senp5,Senp5,symbol
Ncbp2,Ncbp2,symbol
Ncbp2as2,Ncbp2as2,symbol
LOC108352348,LOC108352348,symbol
Meltf,Meltf,symbol
Dlg1,Dlg1,symbol
Bdh1,Bdh1,symbol
Apod,Apod,symbol
Ppp1r2,Ppp1r2,symbol
Acap2,Acap2,symbol
Xxylt1,Xxylt1,symbol
Fam43a,Fam43a,symbol
Lsg1,Lsg1,symbol
Tmem44,Tmem44,symbol
ENSRNOG00000064503,,ensembl
RGD1562415,RGD1562415,symbol
Atp13a3,Atp13a3,symbol
Gp5,Gp5,symbol
Lrrc15,Lrrc15,symbol
Cpn2,Cpn2,symbol
ENSRNOG00000063842,,ensembl
Hes1,Hes1,symbol
ENSRNOG00000068158,,ensembl
ENSRNOG00000063620,LOC134481017,ensembl
LOC102547530,LOC102547530,symbol
ENSRNOG00000063237,,ensembl
ENSRNOG00000064530,,ensembl
Opa1,Opa1,symbol
Atp13a4,Atp13a4,symbol
Il13ra1,Il13ra1,symbol
Atp13a5,Atp13a5,symbol
Plaat1,Plaat1,symbol
ENSRNOG00000063735,,ensembl
Mb21d2,Mb21d2,symbol
Fgf12,Fgf12,symbol
LOC120095792,LOC120095792,symbol
ENSRNOG00000067098,,ensembl
Ccdc50,Ccdc50,symbol
Uts2b,Uts2b,symbol
Ostn,Ostn,symbol
ENSRNOG00000066346,,ensembl
Gmnc,Gmnc,symbol
ENSRNOG00000069380,,ensembl
Il1rap,Il1rap,symbol
Tmem207,Tmem207,symbol
Cldn16,Cldn16,symbol
Cldn1,Cldn1,symbol
P3h2,P3h2,symbol
Tp63,Tp63,symbol
Tprg1,Tprg1,symbol
ENSRNOG00000065035,,ensembl
ENSRNOG00000063170,,ensembl
ENSRNOG00000068345,,ensembl
Lpp,Lpp,symbol
LOC120095763,LOC120095763,symbol
Mir28,Mir28,symbol
LOC100365839,LOC100365839,symbol
LOC120095725,LOC120095725,symbol
Bcl6,Bcl6,symbol
Gm37419,Gm37419,symbol
Rtp2,Rtp2,symbol
Sst,Sst,symbol
Rtp4,Rtp4,symbol
Masp1,Masp1,symbol
Rtp1,Rtp1,symbol
LOC120095747,LOC120095747,symbol
St6gal1,St6gal1,symbol
ENSRNOG00000062535,,ensembl
LOC120095690,LOC120095690,symbol
Adipoq,Adipoq,symbol
Rfc4,Rfc4,symbol
Eif4a2,Eif4a2,symbol
Snora4,Snora4,symbol
LOC120095726,LOC120095726,symbol
Snora81,Snora81,symbol
LOC120095727,LOC120095727,symbol
Snord2,Snord2,symbol
ENSRNOG00000066829,,ensembl
Kng1,Kng1,symbol
ENSRNOG00000069473,,ensembl
Kng2,Kng2,symbol
LOC681544,LOC681544,symbol
LOC681544,LOC681544,symbol
Fetub,Fetub,symbol
Ahsg,Ahsg,symbol
Dnajb11,Dnajb11,symbol
Tbccd1,Tbccd1,symbol
Crygs,Crygs,symbol
AABR07034636.1,AABR07034636.1,symbol
Dgkg,Dgkg,symbol
Etv5,Etv5,symbol
RGD1559972,RGD1559972,symbol
Tra2b,Tra2b,symbol
AABR07034641.1,AABR07034641.1,symbol
Igf2bp2,Igf2bp2,symbol
Senp2,Senp2,symbol
Liph,Liph,symbol
Tmem41a,Tmem41a,symbol
Map3k13,Map3k13,symbol
LOC120095693,LOC120095693,symbol
Ehhadh,Ehhadh,symbol
C11h3orf70,C11h3orf70,symbol
Vps8,Vps8,symbol
Ephb3,Ephb3,symbol
LOC120095818,LOC120095818,symbol
RGD1560559,RGD1560559,symbol
LOC120095751,LOC120095751,symbol
LOC120095783,LOC120095783,symbol
RGD1563956,RGD1563956,symbol
Chrd,Chrd,symbol
Thpol1,Thpol1,symbol
Polr2h,Polr2h,symbol
Clcn2,Clcn2,symbol
Fam131a,Fam131a,symbol
Eif4g1,Eif4g1,symbol
Snord66,Snord66,symbol
Psmd2,Psmd2,symbol
Ece2,Ece2,symbol
Eef1akmt4,Eef1akmt4,symbol
Alg3,Alg3,symbol
Vwa5b2,Vwa5b2,symbol
Mir1224,Mir1224,symbol
Ap2m1,Ap2m1,symbol
Abcf3,Abcf3,symbol
Dvl3,Dvl3,symbol
Eif2b5,Eif2b5,symbol
Rps15al2,Rps15al2,symbol
Abcc5,Abcc5,symbol
Cyp2ab1,Cyp2ab1,symbol
Parl,Parl,symbol
LOC120095734,LOC120095734,symbol
Map6d1,Map6d1,symbol
Yeats2,Yeats2,symbol
Klhl24,Klhl24,symbol
Klhl6,Klhl6,symbol
Mir6323,Mir6323,symbol
AABR07034706.1,AABR07034706.1,symbol
B3gnt5,B3gnt5,symbol
Lamp3,Lamp3,symbol
Or2aj4b,Or2aj4b,symbol
Or2aj4,Or2aj4,symbol
ENSRNOG00000069526,,ensembl
Or2l13c,Or2l13c,symbol
Or2l5,Or2l5,symbol
Or2l13,Or2l13,symbol
LOC120095813,LOC120095813,symbol
Olfr164,Olfr164,symbol
LOC120095761,LOC120095761,symbol
AABR07034729.1,AABR07034729.1,symbol
ENSRNOG00000065670,,ensembl
AABR07034730.3,AABR07034730.3,symbol
AABR07034730.2,AABR07034730.2,symbol
AABR07034736.1,AABR07034736.1,symbol
ENSRNOG00000064806,,ensembl
AC109901.2,AC109901.2,symbol
ENSRNOG00000070163,,ensembl
ENSRNOG00000064181,,ensembl
ENSRNOG00000069898,,ensembl
ENSRNOG00000069249,,ensembl
ENSRNOG00000064589,,ensembl
RGD1564318,RGD1564318,symbol
ENSRNOG00000070540,,ensembl
Iglc1,Iglc1,symbol
Hira,Hira,symbol
LOC120095770,LOC120095770,symbol
Mrpl40,Mrpl40,symbol
LOC498122,LOC498122,symbol
Ufd1,Ufd1,symbol
Cdc45,Cdc45,symbol
Cdc45,Cdc45,symbol
LOC100362453,LOC100362453,symbol
Septin5,Septin5,symbol
Gp1bb,Gp1bb,symbol
Tbx1,Tbx1,symbol
Gnb1l,Gnb1l,symbol
ENSRNOG00000062945,,ensembl
Txnrd2,Txnrd2,symbol
Comt,Comt,symbol
Arvcf,Arvcf,symbol
LOC120095774,LOC120095774,symbol
Tango2,Tango2,symbol
Mir185,Mir185,symbol
Dgcr8,Dgcr8,symbol
Gm24572,Gm24572,symbol
Mir1306,Mir1306,symbol
Trmt2a,Trmt2a,symbol
ENSRNOG00000066515,,ensembl
Ranbp1,Ranbp1,symbol
LOC120095775,LOC120095775,symbol
Zdhhc8,Zdhhc8,symbol
Ccdc188,Ccdc188,symbol
LOC102555338,LOC102555338,symbol
ENSRNOG00000069760,,ensembl
Rtn4r,Rtn4r,symbol
Prodh,Prodh,symbol
Dgcr6,Dgcr6,symbol
Vpreb2,Vpreb2,symbol
Slc25a1,Slc25a1,symbol
Gsc2,Gsc2,symbol
Ess2,Ess2,symbol
Tssk1b,Tssk1b,symbol
Dgcr2,Dgcr2,symbol
Car15,Car15,symbol
LOC120095536,LOC120095536,symbol
Scarf2,Scarf2,symbol
Klhl22,Klhl22,symbol
Med15,Med15,symbol
Ccdc74a,Ccdc74a,symbol
LOC120095812,LOC120095812,symbol
Smpd4,Smpd4,symbol
ENSRNOG00000062339,,ensembl
Slc7a4,Slc7a4,symbol
P2rx6,P2rx6,symbol
Lrrc74b,Lrrc74b,symbol
Thap7,Thap7,symbol
Lztr1,Lztr1,symbol
Aifm3,Aifm3,symbol
Crkl,Crkl,symbol
Snap29,Snap29,symbol
Pi4ka,Pi4ka,symbol
Serpind1,Serpind1,symbol
Tmem191c,Tmem191c,symbol
Hic2,Hic2,symbol
Rimbp3,Rimbp3,symbol
Ube2l3,Ube2l3,symbol
LOC120095739,LOC120095739,symbol
Ydjc,Ydjc,symbol
Ccdc116,Ccdc116,symbol
Sdf2l1,Sdf2l1,symbol
Mir301b,Mir301b,symbol
Mir130b,Mir130b,symbol
RGD1308065,RGD1308065,symbol
Ppil2,Ppil2,symbol
ENSRNOG00000069502,,ensembl
ENSRNOG00000067652,,ensembl
Mapk1,Mapk1,symbol
Ppm1f,Ppm1f,symbol
Top3b,Top3b,symbol
Vpreb1,Vpreb1,symbol
Igll1,Igll1,symbol
LOC120095750,LOC120095750,symbol
Spag6l,Spag6l,symbol
LOC102546862,LOC102546862,symbol
LOC100912028,LOC100912028,symbol
Fgd4,Fgd4,symbol
Dnm1l,Dnm1l,symbol
Yars2,Yars2,symbol
AABR07034767.1,AABR07034767.1,symbol
LOC120095799,LOC120095799,symbol
Cebpd,Cebpd,symbol
Spidr,Spidr,symbol
Mzt2b,Mzt2b,symbol
Prkdc,Prkdc,symbol
Mcm4,Mcm4,symbol
Ube2v2,Ube2v2,symbol
LOC120095797,LOC120095797,symbol
Clxn,Clxn,symbol
Snai2,Snai2,symbol
Zar1l,Zar1l,symbol
Brca2,Brca2,symbol
LOC120096086,LOC120096086,symbol
N4bp2l1,N4bp2l1,symbol
N4bp2l2,N4bp2l2,symbol
ENSRNOG00000064841,,ensembl
LOC120096101,LOC120096101,symbol
LOC120096119,LOC120096119,symbol
Pds5b,Pds5b,symbol
AABR07034928.1,AABR07034928.1,symbol
ENSRNOG00000069531,,ensembl
Kl,Kl,symbol
Stard13,Stard13,symbol
Rfc3,Rfc3,symbol
LOC120096076,LOC120096076,symbol
LOC120096025,LOC120096025,symbol
LOC120096044,LOC120096044,symbol
LOC120096024,LOC120096024,symbol
LOC120096026,LOC120096026,symbol
LOC120096057,LOC120096057,symbol
LOC120096068,LOC120096068,symbol
LOC120096079,LOC120096079,symbol
LOC120096045,LOC120096045,symbol
LOC120096087,LOC120096087,symbol
LOC120096098,LOC120096098,symbol
LOC120096109,LOC120096109,symbol
LOC120096047,LOC120096047,symbol
LOC120096120,LOC120096120,symbol
LOC120096128,LOC120096128,symbol
LOC120096035,LOC120096035,symbol
LOC120096046,LOC120096046,symbol
LOC120096042,LOC120096042,symbol
LOC120096043,LOC120096043,symbol
LOC120096129,LOC120096129,symbol
ENSRNOG00000071056,,ensembl
LOC120096130,LOC120096130,symbol
ENSRNOG00000066843,,ensembl
LOC120096131,LOC120096131,symbol
LOC120096030,LOC120096030,symbol
ENSRNOG00000068853,,ensembl
LOC120096132,LOC120096132,symbol
LOC120096032,LOC120096032,symbol
LOC120096133,LOC120096133,symbol
LOC120096134,LOC120096134,symbol
LOC120096135,LOC120096135,symbol
LOC120096136,LOC120096136,symbol
LOC120096077,LOC120096077,symbol
LOC120096137,LOC120096137,symbol
LOC120096027,LOC120096027,symbol
LOC120096029,LOC120096029,symbol
LOC120096139,LOC120096139,symbol
LOC120096069,LOC120096069,symbol
LOC120096140,LOC120096140,symbol
LOC120096141,LOC120096141,symbol
LOC120096142,LOC120096142,symbol
LOC120096143,LOC120096143,symbol
LOC120096144,LOC120096144,symbol
LOC120096033,LOC120096033,symbol
LOC120096037,LOC120096037,symbol
LOC120096052,LOC120096052,symbol
Rn5s,Rn5s,symbol
LOC120096053,LOC120096053,symbol
LOC120096054,LOC120096054,symbol
LOC120096055,LOC120096055,symbol
LOC120096072,LOC120096072,symbol
LOC120096056,LOC120096056,symbol
LOC120096073,LOC120096073,symbol
LOC120096058,LOC120096058,symbol
LOC120096034,LOC120096034,symbol
LOC120096126,LOC120096126,symbol
Insr,Insr,symbol
Arhgef18,Arhgef18,symbol
Pex11g,Pex11g,symbol
Tex45,Tex45,symbol
Zfp358,Zfp358,symbol
Mcoln1,Mcoln1,symbol
Pnpla6,Pnpla6,symbol
Camsap3,Camsap3,symbol
Xab2,Xab2,symbol
Pet100,Pet100,symbol
Pcp2,Pcp2,symbol
LOC103690858,LOC103690858,symbol
Stxbp2,Stxbp2,symbol
Retn,Retn,symbol
Mcemp1,Mcemp1,symbol
Trappc5,Trappc5,symbol
Fcer2,Fcer2,symbol
AABR07034964.1,AABR07034964.1,symbol
Clec4g,Clec4g,symbol
Cd209a,Cd209a,symbol
Cd209e,Cd209e,symbol
Cd209d,Cd209d,symbol
Clec4m,Clec4m,symbol
Cd209c,Cd209c,symbol
LOC100363914,LOC100363914,symbol
Ranbp1-ps2,Ranbp1-ps2,symbol
ENSRNOG00000066133,,ensembl
LOC688858,LOC688858,symbol
ENSRNOG00000069757,,ensembl
LOC102554944,LOC102554944,symbol
Uba3-ps2,Uba3-ps2,symbol
RGD1564571,RGD1564571,symbol
LOC100363064,LOC100363064,symbol
Cd209f,Cd209f,symbol
Evi5l,Evi5l,symbol
Prr36,Prr36,symbol
Lrrc8e,Lrrc8e,symbol
Map2k7,Map2k7,symbol
Tgfbr3l,Tgfbr3l,symbol
Snapc2,Snapc2,symbol
Timm44,Timm44,symbol
ENSRNOG00000068850,,ensembl
ENSRNOG00000068822,,ensembl
ENSRNOG00000066996,,ensembl
Elavl1,Elavl1,symbol
Ccl25,Ccl25,symbol
Higd2al1,Higd2al1,symbol
Dppa1-ps1,Dppa1-ps1,symbol
Cers4,Cers4,symbol
Vom2r59,Vom2r59,symbol
Pabpc4-ps1,Pabpc4-ps1,symbol
Vom2r58,Vom2r58,symbol
LOC120093129,LOC120093129,symbol
ENSRNOG00000069956,,ensembl
LOC120095871,LOC120095871,symbol
ENSRNOG00000065248,,ensembl
Zfp958,Zfp958,symbol
LOC120096067,LOC120096067,symbol
LOC120096066,LOC120096066,symbol
LOC120096074,LOC120096074,symbol
LOC120096061,LOC120096061,symbol
LOC120096070,LOC120096070,symbol
LOC120096065,LOC120096065,symbol
LOC120096051,LOC120096051,symbol
LOC120096145,LOC120096145,symbol
LOC120096036,LOC120096036,symbol
LOC120096063,LOC120096063,symbol
LOC120096075,LOC120096075,symbol
LOC120096038,LOC120096038,symbol
LOC120096039,LOC120096039,symbol
LOC120096146,LOC120096146,symbol
ENSRNOG00000065050,,ensembl
LOC120096147,LOC120096147,symbol
ENSRNOG00000070313,,ensembl
LOC120096148,LOC120096148,symbol
ENSRNOG00000062582,,ensembl
LOC120096150,LOC120096150,symbol
ENSRNOG00000070934,,ensembl
LOC120096040,LOC120096040,symbol
LOC120096151,LOC120096151,symbol
ENSRNOG00000069126,,ensembl
LOC120096152,LOC120096152,symbol
ENSRNOG00000070778,,ensembl
LOC120096153,LOC120096153,symbol
ENSRNOG00000063908,,ensembl
LOC120096154,LOC120096154,symbol
LOC120096155,LOC120096155,symbol
ENSRNOG00000069155,,ensembl
LOC120096156,LOC120096156,symbol
LOC120096157,LOC120096157,symbol
ENSRNOG00000066373,,ensembl
LOC120096158,LOC120096158,symbol
LOC120096138,LOC120096138,symbol
ENSRNOG00000064620,,ensembl
LOC120096159,LOC120096159,symbol
LOC120096071,LOC120096071,symbol
LOC120096149,LOC120096149,symbol
LOC120096048,LOC120096048,symbol
LOC120096059,LOC120096059,symbol
LOC120096049,LOC120096049,symbol
LOC120096031,LOC120096031,symbol
LOC120096050,LOC120096050,symbol
LOC120096060,LOC120096060,symbol
LOC120096161,LOC120096161,symbol
LOC120096162,LOC120096162,symbol
LOC120096163,LOC120096163,symbol
LOC120096164,LOC120096164,symbol
LOC120096041,LOC120096041,symbol
LOC120096165,LOC120096165,symbol
LOC120096020,LOC120096020,symbol
LOC120096021,LOC120096021,symbol
LOC120096023,LOC120096023,symbol
LOC120096062,LOC120096062,symbol
LOC120096160,LOC120096160,symbol
LOC120096022,LOC120096022,symbol
LOC120096028,LOC120096028,symbol
LOC120096064,LOC120096064,symbol
LOC304239,LOC304239,symbol
ENSRNOG00000070543,,ensembl
LOC102548389,LOC102548389,symbol
Fry,Fry,symbol
ENSRNOG00000065898,,ensembl
ENSRNOG00000071084,,ensembl
Rxfp2,Rxfp2,symbol
B3glct,B3glct,symbol
LOC120096107,LOC120096107,symbol
LOC108352411,LOC108352411,symbol
Hsph1,Hsph1,symbol
Wdr95,Wdr95,symbol
Tex26,Tex26,symbol
Medag,Medag,symbol
AABR07035203.1,AABR07035203.1,symbol
LOC120096091,LOC120096091,symbol
Alox5ap,Alox5ap,symbol
Uspl1,Uspl1,symbol
LOC108352413,LOC108352413,symbol
AABR07035218.1,AABR07035218.1,symbol
LOC120096113,LOC120096113,symbol
Metazoa_SRP,Metazoa_SRP,symbol
ENSRNOG00000069263,,ensembl
ENSRNOG00000071178,,ensembl
ENSRNOG00000069011,,ensembl
Rpl35a-ps6,Rpl35a-ps6,symbol
Katnal1,Katnal1,symbol
ENSRNOG00000067247,,ensembl
Ubl3,Ubl3,symbol
Slc7a1,Slc7a1,symbol
Mtus2,Mtus2,symbol
LOC120096082,LOC120096082,symbol
Slc46a3,Slc46a3,symbol
Pomp,Pomp,symbol
Flt1,Flt1,symbol
Pan3,Pan3,symbol
ENSRNOG00000062935,,ensembl
ENSRNOG00000071077,,ensembl
Flt3,Flt3,symbol
Urad,Urad,symbol
Cdx2,Cdx2,symbol
Pdx1,Pdx1,symbol
LOC120096117,LOC120096117,symbol
Gsx1,Gsx1,symbol
Polr1d,Polr1d,symbol
Lnx2,Lnx2,symbol
Mtif3,Mtif3,symbol
Gtf3a,Gtf3a,symbol
Rasl11a,Rasl11a,symbol
Rpl21,Rpl21,symbol
Snora27,Snora27,symbol
Snord102,Snord102,symbol
ENSRNOG00000069788,,ensembl
ENSRNOG00000067035,,ensembl
Usp12,Usp12,symbol
Gpr12,Gpr12,symbol
Wasf3,Wasf3,symbol
LOC120095889,LOC120095889,symbol
LOC684427,LOC684427,symbol
AABR07035338.1,AABR07035338.1,symbol
Rnf6,Rnf6,symbol
ENSRNOG00000065556,,ensembl
Cyp3a18,Cyp3a18,symbol
RNaseP_nuc,RNaseP_nuc,symbol
Cyp3a73,Cyp3a73,symbol
Cyp3a73,Cyp3a73,symbol
Cyp3a2,Cyp3a2,symbol
Cyp3a23-3a1,Cyp3a23-3a1,symbol
ENSRNOG00000063231,,ensembl
ENSRNOG00000062654,,ensembl
Cyp3a23-3a1,Cyp3a23-3a1,symbol
Zscan25,Zscan25,symbol
ENSRNOG00000069152,,ensembl
Zfp655,Zfp655,symbol
Zkscan5,Zkscan5,symbol
Zfp394,Zfp394,symbol
Atp5mf,Atp5mf,symbol
Cpsf4,Cpsf4,symbol
Ptcd1,Ptcd1,symbol
Bud31,Bud31,symbol
Pdap1,Pdap1,symbol
Arpc1b,Arpc1b,symbol
Arpc1a,Arpc1a,symbol
Kpna7,Kpna7,symbol
ENSRNOG00000070742,,ensembl
Smurf1,Smurf1,symbol
Trrap,Trrap,symbol
LOC120096103,LOC120096103,symbol
ENSRNOG00000066251,LOC134481436,ensembl
Tmem130,Tmem130,symbol
Nptx2,Nptx2,symbol
LOC100360200,LOC100360200,symbol
RGD1565131,RGD1565131,symbol
LOC120096089,LOC120096089,symbol
Baiap2l1,Baiap2l1,symbol
Bri3,Bri3,symbol
Tecpr1,Tecpr1,symbol
Bhlha15,Bhlha15,symbol
Lmtk2,Lmtk2,symbol
Ocm,Ocm,symbol
Ccz1b,Ccz1b,symbol
Rsph10b,Rsph10b,symbol
Pms2,Pms2,symbol
LOC120096114,LOC120096114,symbol
Aimp2,Aimp2,symbol
Eif2ak1,Eif2ak1,symbol
Ankrd61,Ankrd61,symbol
Usp42,Usp42,symbol
Cyth3,Cyth3,symbol
Fam220a,Fam220a,symbol
ENSRNOG00000065731,,ensembl
Rac1,Rac1,symbol
Daglb,Daglb,symbol
Kdelr2,Kdelr2,symbol
Grid2ip,Grid2ip,symbol
Zdhhc4,Zdhhc4,symbol
Ints15,Ints15,symbol
Zfp853,Zfp853,symbol
Zfp316,Zfp316,symbol
Zfp12,Zfp12,symbol
Spdye4,Spdye4,symbol
Rbak,Rbak,symbol
AABR07072272.1,AABR07072272.1,symbol
LOC103693627,LOC103693627,symbol
Rnf216,Rnf216,symbol
Fscn1,Fscn1,symbol
Actb,Actb,symbol
Fbxl18,Fbxl18,symbol
ENSRNOG00000064604,,ensembl
Tnrc18,Tnrc18,symbol
Slc29a4,Slc29a4,symbol
ENSRNOG00000068394,,ensembl
ENSRNOG00000067802,,ensembl
Wipi2,Wipi2,symbol
Mmd2,Mmd2,symbol
Radil,Radil,symbol
Papolb,Papolb,symbol
AABR07035428.2,AABR07035428.2,symbol
AABR07035428.3,AABR07035428.3,symbol
Foxk1,Foxk1,symbol
Sdk1,Sdk1,symbol
ENSRNOG00000069236,,ensembl
LOC120096102,LOC120096102,symbol
Card11,Card11,symbol
Gna12,Gna12,symbol
Amz1,Amz1,symbol
Brat1,Brat1,symbol
Iqce,Iqce,symbol
Ttyh3,Ttyh3,symbol
Lfng,Lfng,symbol
Grifin,Grifin,symbol
Chst12,Chst12,symbol
LOC679924,LOC679924,symbol
LOC120096093,LOC120096093,symbol
Eif3b,Eif3b,symbol
Snx8,Snx8,symbol
Mrm2,Mrm2,symbol
Nudt1,Nudt1,symbol
ENSRNOG00000069694,,ensembl
Mad1l1,Mad1l1,symbol
Elfn1,Elfn1,symbol
Psmg3,Psmg3,symbol
Tmem184a,Tmem184a,symbol
Mafk,Mafk,symbol
Mafk,Mafk,symbol
LOC102546414,LOC102546414,symbol
Ints1,Ints1,symbol
Micall2,Micall2,symbol
Uncx,Uncx,symbol
LOC498152,LOC498152,symbol
Zfand2a,Zfand2a,symbol
LOC498154,LOC498154,symbol
Gper1,Gper1,symbol
LOC102546864,LOC102546864,symbol
Gpr146,Gpr146,symbol
Mir339,Mir339,symbol
Cyp2w1,Cyp2w1,symbol
Cox19,Cox19,symbol
Adap1,Adap1,symbol
Get4,Get4,symbol
Sun1,Sun1,symbol
Dnaaf5,Dnaaf5,symbol
Prkar1b,Prkar1b,symbol
ENSRNOG00000070246,,ensembl
Pdgfa,Pdgfa,symbol
ENSRNOG00000032693,,ensembl
Foxl3,Foxl3,symbol
Fam20c,Fam20c,symbol
ENSRNOG00000062742,,ensembl
Ppp1r14b-ps2,Ppp1r14b-ps2,symbol
Znf846,Znf846,symbol
Zfp68,Zfp68,symbol
ENSRNOG00000063916,,ensembl
AABR07035501.1,AABR07035501.1,symbol
Spn-ps6,Spn-ps6,symbol
MGC112692,MGC112692,symbol
Spnl1,Spnl1,symbol
ENSRNOG00000063487,,ensembl
Zfp157,Zfp157,symbol
Dhrsx,Dhrsx,symbol
Asmt,Asmt,symbol
Akap17a,Akap17a,symbol
Asmtl,Asmtl,symbol
Il3ra,Il3ra,symbol
ENSRNOG00000063095,,ensembl
Cyp3a62,Cyp3a62,symbol
ENSRNOG00000067225,,ensembl
ENSRNOG00000062963,,ensembl
ENSRNOG00000063039,,ensembl
ENSRNOG00000070660,,ensembl
Spry3,Spry3,symbol
Vamp7,Vamp7,symbol
Cyp3a9,Cyp3a9,symbol
Rpl31l4,Rpl31l4,symbol
Gjc3,Gjc3,symbol
Azgp1,Azgp1,symbol
Zkscan1,Zkscan1,symbol
LOC103691088,LOC103691088,symbol
Zscan21,Zscan21,symbol
Zfp113,Zfp113,symbol
Cops6,Cops6,symbol
Mcm7,Mcm7,symbol
Mir25,Mir25,symbol
Mir93,Mir93,symbol
Mir106b,Mir106b,symbol
Ap4m1,Ap4m1,symbol
Taf6,Taf6,symbol
Cnpy4,Cnpy4,symbol
ENSRNOG00000062376,,ensembl
Mblac1,Mblac1,symbol
ENSRNOG00000067181,,ensembl
Nxpe5,Nxpe5,symbol
LOC680825,LOC680825,symbol
Nxpe5l1,Nxpe5l1,symbol
LOC120095896,LOC120095896,symbol
RGD1562319,RGD1562319,symbol
Lamtor4,Lamtor4,symbol
Trappc14,Trappc14,symbol
Gal3st4,Gal3st4,symbol
Gpc2,Gpc2,symbol
Stag3,Stag3,symbol
Pvrig,Pvrig,symbol
LOC102546903,LOC102546903,symbol
Vom2r61,Vom2r61,symbol
ENSRNOG00000063102,,ensembl
Vom2r62,Vom2r62,symbol
Vom2r63,Vom2r63,symbol
RGD1562525,RGD1562525,symbol
LOC102554231,LOC102554231,symbol
ENSRNOG00000063623,,ensembl
LOC120095898,LOC120095898,symbol
Pilra,Pilra,symbol
ENSRNOG00000067283,,ensembl
LOC681182,LOC681182,symbol
ENSRNOG00000068770,,ensembl
ENSRNOG00000065220,,ensembl
RGD1563400,RGD1563400,symbol
RGD1560281,RGD1560281,symbol
Pilrb-ps7,Pilrb-ps7,symbol
Vom2r64,Vom2r64,symbol
Pilrb,Pilrb,symbol
RGD1563400,RGD1563400,symbol
ENSRNOG00000065766,,ensembl
Pilrb-ps6,Pilrb-ps6,symbol
ENSRNOG00000062810,,ensembl
ENSRNOG00000070312,,ensembl
LOC685157,LOC685157,symbol
ENSRNOG00000068745,,ensembl
ENSRNOG00000066432,,ensembl
RGD1561730,RGD1561730,symbol
LOC120095906,LOC120095906,symbol
LOC100910497,LOC100910497,symbol
Zcwpw1,Zcwpw1,symbol
Mepce,Mepce,symbol
Tsc22d4,Tsc22d4,symbol
Nyap1,Nyap1,symbol
Agfg2,Agfg2,symbol
Irs3,Irs3,symbol
Sap25,Sap25,symbol
Lrch4,Lrch4,symbol
Fbxo24,Fbxo24,symbol
Pcolce,Pcolce,symbol
Mospd3,Mospd3,symbol
Tfr2,Tfr2,symbol
Actl6b,Actl6b,symbol
Gnb2,Gnb2,symbol
Gigyf1,Gigyf1,symbol
Pop7,Pop7,symbol
Epo,Epo,symbol
Zan,Zan,symbol
ENSRNOG00000069461,,ensembl
ENSRNOG00000068603,,ensembl
Ephb4,Ephb4,symbol
Slc12a9,Slc12a9,symbol
Trip6,Trip6,symbol
Srrt,Srrt,symbol
Ufsp1,Ufsp1,symbol
Ache,Ache,symbol
Muc3a,Muc3a,symbol
ENSRNOG00000070500,,ensembl
Muc3,Muc3,symbol
Trim56,Trim56,symbol
Serpine1,Serpine1,symbol
Ap1s1,Ap1s1,symbol
Vgf,Vgf,symbol
Mogat3,Mogat3,symbol
Plod3,Plod3,symbol
Mir702,Mir702,symbol
Znhit1,Znhit1,symbol
Cldn15,Cldn15,symbol
Fis1,Fis1,symbol
Ift22,Ift22,symbol
Col26a1,Col26a1,symbol
Myl10,Myl10,symbol
Cux1,Cux1,symbol
Sh2b2,Sh2b2,symbol
Prkrip1,Prkrip1,symbol
Orai2,Orai2,symbol
Alkbh4,Alkbh4,symbol
Lrwd1,Lrwd1,symbol
Polr2j,Polr2j,symbol
Rasa4,Rasa4,symbol
Upk3bl1,Upk3bl1,symbol
Upk3b,Upk3b,symbol
Dtx2,Dtx2,symbol
LOC120096097,LOC120096097,symbol
Zp3,Zp3,symbol
Ssc4d,Ssc4d,symbol
LOC120096095,LOC120096095,symbol
Ywhag,Ywhag,symbol
Hspb1,Hspb1,symbol
Srrm3,Srrm3,symbol
Mdh2,Mdh2,symbol
Styxl1,Styxl1,symbol
Tmem120a,Tmem120a,symbol
Por,Por,symbol
AABR07035832.1,AABR07035832.1,symbol
Rhbdd2,Rhbdd2,symbol
Ccl24,Ccl24,symbol
Ccl26,Ccl26,symbol
Rps13-ps4,Rps13-ps4,symbol
Hip1,Hip1,symbol
ENSRNOG00000065041,,ensembl
Pom121,Pom121,symbol
Nsun5,Nsun5,symbol
Trim50,Trim50,symbol
Fkbp6,Fkbp6,symbol
Fzd9,Fzd9,symbol
Baz1b,Baz1b,symbol
LOC120096080,LOC120096080,symbol
Bcl7b,Bcl7b,symbol
Tbl2,Tbl2,symbol
AABR07035839.1,AABR07035839.1,symbol
Vps37d,Vps37d,symbol
Dnajc30,Dnajc30,symbol
Bud23,Bud23,symbol
LOC120096124,LOC120096124,symbol
Stx1a,Stx1a,symbol
Abhd11,Abhd11,symbol
ENSRNOG00000067727,,ensembl
Cldn3,Cldn3,symbol
ENSRNOG00000065789,,ensembl
AABR07072283.2,AABR07072283.2,symbol
Cldn4,Cldn4,symbol
Mettl27,Mettl27,symbol
Metazoa_SRP,Metazoa_SRP,symbol
Tmem270,Tmem270,symbol
Eln,Eln,symbol
Limk1,Limk1,symbol
Eif4h,Eif4h,symbol
Lat2,Lat2,symbol
Rfc2,Rfc2,symbol
Ervfrd-1,Ervfrd-1,symbol
Clip2,Clip2,symbol
Gtf2ird1,Gtf2ird1,symbol
Gtf2i,Gtf2i,symbol
Ncf1,Ncf1,symbol
Gtf2ird2,Gtf2ird2,symbol
ENSRNOG00000067426,,ensembl
Rcc1l,Rcc1l,symbol
Castor2,Castor2,symbol
LOC120096096,LOC120096096,symbol
Mir6322,Mir6322,symbol
Auts2,Auts2,symbol
Galnt17,Galnt17,symbol
Caln1,Caln1,symbol
Tyw1,Tyw1,symbol
Sbds,Sbds,symbol
Tmem248,Tmem248,symbol
Rabgef1,Rabgef1,symbol
Kctd7,Kctd7,symbol
Tpst1,Tpst1,symbol
Vkorc1l1,Vkorc1l1,symbol
Asl,Asl,symbol
LOC120096116,LOC120096116,symbol
ENSRNOG00000070545,,ensembl
LOC120096125,LOC120096125,symbol
LOC120096127,LOC120096127,symbol
Gusb,Gusb,symbol
Nupr2,Nupr2,symbol
Chchd2l2,Chchd2l2,symbol
Chchd2l1,Chchd2l1,symbol
Phkg1,Phkg1,symbol
Sumf2,Sumf2,symbol
Cct6a,Cct6a,symbol
LOC120096108,LOC120096108,symbol
Snora22c,Snora22c,symbol
Psph,Psph,symbol
Nipsnap2,Nipsnap2,symbol
LOC120096123,LOC120096123,symbol
Mrps17,Mrps17,symbol
Mrps17,Mrps17,symbol
Septin14,Septin14,symbol
ENSRNOG00000067900,,ensembl
Zfp11,Zfp11,symbol
Mmp17,Mmp17,symbol
Sfswap,Sfswap,symbol
Adgrd1,Adgrd1,symbol
ENSRNOG00000064330,,ensembl
ENSRNOG00000064839,,ensembl
Ran,Ran,symbol
ENSRNOG00000065696,,ensembl
Stx2,Stx2,symbol
Rimbp2,Rimbp2,symbol
Piwil1,Piwil1,symbol
ENSRNOG00000066445,LOC100911728,ensembl
Fzd10,Fzd10,symbol
Tmem132d,Tmem132d,symbol
Glt1d1,Glt1d1,symbol
Slc15a4,Slc15a4,symbol
Tmem132c,Tmem132c,symbol
LOC120096083,LOC120096083,symbol
RGD1559821,RGD1559821,symbol
Frg1l1,Frg1l1,symbol
Tmem132b,Tmem132b,symbol
Aacs,Aacs,symbol
Bri3bp,Bri3bp,symbol
Dhx37,Dhx37,symbol
ENSRNOG00000071198,,ensembl
Ubc,Ubc,symbol
Scarb1,Scarb1,symbol
Ncor2,Ncor2,symbol
Rflna,Rflna,symbol
LOC102556092,LOC102556092,symbol
Ccdc92,Ccdc92,symbol
Dnah10,Dnah10,symbol
Gtf2h3,Gtf2h3,symbol
Eif2b1,Eif2b1,symbol
Ddx55,Ddx55,symbol
Tmed2,Tmed2,symbol
Rilpl1,Rilpl1,symbol
Snrnp35,Snrnp35,symbol
Rilpl2,Rilpl2,symbol
Kmt5a,Kmt5a,symbol
Sbno1,Sbno1,symbol
ENSRNOG00000064613,,ensembl
Cdk2ap1,Cdk2ap1,symbol
Mtrfr,Mtrfr,symbol
Mphosph9,Mphosph9,symbol
ENSRNOG00000069275,,ensembl
Pitpnm2,Pitpnm2,symbol
Arl6ip4,Arl6ip4,symbol
Ogfod2,Ogfod2,symbol
LOC120096094,LOC120096094,symbol
Abcb9,Abcb9,symbol
LOC102552690,LOC102552690,symbol
Vps37b,Vps37b,symbol
Hip1r,Hip1r,symbol
Ccdc62,Ccdc62,symbol
Denr,Denr,symbol
Hcar1,Hcar1,symbol
ENSRNOG00000068453,,ensembl
Hcar2,Hcar2,symbol
Kntc1,Kntc1,symbol
Rsrc2,Rsrc2,symbol
Zcchc8,Zcchc8,symbol
LOC100359550,LOC100359550,symbol
Clip1,Clip1,symbol
Vps33a,Vps33a,symbol
ENSRNOG00000066903,,ensembl
Diablo,Diablo,symbol
B3gnt4,B3gnt4,symbol
Lrrc43,Lrrc43,symbol
Il31,Il31,symbol
Mlxip,Mlxip,symbol
LOC120096088,LOC120096088,symbol
ENSRNOG00000063555,,ensembl
Bcl7a,Bcl7a,symbol
LOC120096081,LOC120096081,symbol
Cfap251,Cfap251,symbol
Hpd,Hpd,symbol
Setd1b,Setd1b,symbol
Rhof,Rhof,symbol
Tmem120b,Tmem120b,symbol
Morn3,Morn3,symbol
Orai1,Orai1,symbol
Kdm2b,Kdm2b,symbol
Rnf34,Rnf34,symbol
Anapc5,Anapc5,symbol
Camkk2,Camkk2,symbol
LOC120096090,LOC120096090,symbol
P2rx4,P2rx4,symbol
ENSRNOG00000067367,,ensembl
P2rx7,P2rx7,symbol
Ift81,Ift81,symbol
Atp2a2,Atp2a2,symbol
ENSRNOG00000069083,,ensembl
Anapc7,Anapc7,symbol
Arpc3,Arpc3,symbol
LOC120096106,LOC120096106,symbol
Gpn3,Gpn3,symbol
Fam216a,Fam216a,symbol
Vps29,Vps29,symbol
Rad9b,Rad9b,symbol
Pptc7,Pptc7,symbol
Tctn1,Tctn1,symbol
Hvcn1,Hvcn1,symbol
Ppp1cc,Ppp1cc,symbol
Ccdc63,Ccdc63,symbol
LOC120096078,LOC120096078,symbol
Myl2,Myl2,symbol
Cux2,Cux2,symbol
Pheta1,Pheta1,symbol
Sh2b3,Sh2b3,symbol
Atxn2,Atxn2,symbol
Brap,Brap,symbol
Aldh2,Aldh2,symbol
ENSRNOG00000070432,,ensembl
Mapkapk5,Mapkapk5,symbol
ENSRNOG00000066725,,ensembl
Adam1a,Adam1a,symbol
Adam1b,Adam1b,symbol
Tmem116,Tmem116,symbol
Erp29,Erp29,symbol
Naa25,Naa25,symbol
LOC100909911,LOC100909911,symbol
Trafd1,Trafd1,symbol
Hectd4,Hectd4,symbol
Rpl6,Rpl6,symbol
LOC120096111,LOC120096111,symbol
Ptpn11,Ptpn11,symbol
Rph3a,Rph3a,symbol
Oas1i,Oas1i,symbol
Oas1d,Oas1d,symbol
ENSRNOG00000067835,,ensembl
Oas1a,Oas1a,symbol
Oas1h,Oas1h,symbol
Oas1f,Oas1f,symbol
Oas1f,Oas1f,symbol
Oas1e,Oas1e,symbol
Oas1k,Oas1k,symbol
Oas3,Oas3,symbol
Oas2,Oas2,symbol
Dtx1,Dtx1,symbol
Rasal1,Rasal1,symbol
Cfap73,Cfap73,symbol
Ddx54,Ddx54,symbol
Rita1,Rita1,symbol
Tpcn1,Tpcn1,symbol
Slc8b1,Slc8b1,symbol
Plbd2,Plbd2,symbol
Sds,Sds,symbol
Sdsl,Sdsl,symbol
Lhx5,Lhx5,symbol
Rbm19,Rbm19,symbol
LOC120096019,LOC120096019,symbol
ENSRNOG00000070135,,ensembl
Tbx5,Tbx5,symbol
Tbx3,Tbx3,symbol
LOC102551526,LOC102551526,symbol
Med13l,Med13l,symbol
Spring1,Spring1,symbol
LOC120096118,LOC120096118,symbol
Rnft2,Rnft2,symbol
ENSRNOG00000066823,,ensembl
Fbxw8,Fbxw8,symbol
LOC120096099,LOC120096099,symbol
Tesc,Tesc,symbol
ENSRNOG00000064366,,ensembl
Fbxo21,Fbxo21,symbol
Nos1,Nos1,symbol
Ksr2,Ksr2,symbol
AABR07036498.1,AABR07036498.1,symbol
LOC120096110,LOC120096110,symbol
ENSRNOG00000070583,,ensembl
ENSRNOG00000065145,,ensembl
Rfc5,Rfc5,symbol
Wsb2,Wsb2,symbol
Vsig10,Vsig10,symbol
ENSRNOG00000069003,,ensembl
ENSRNOG00000068379,,ensembl
ENSRNOG00000066560,,ensembl
Pebp1,Pebp1,symbol
Taok3,Taok3,symbol
Suds3,Suds3,symbol
ENSRNOG00000066518,,ensembl
Srrm4,Srrm4,symbol
Hspb8,Hspb8,symbol
ENSRNOG00000066779,,ensembl
Ccdc60,Ccdc60,symbol
Tmem233,Tmem233,symbol
Prkab1,Prkab1,symbol
Cit,Cit,symbol
Bicdl1,Bicdl1,symbol
Rab35,Rab35,symbol
Gcn1,Gcn1,symbol
Rplp0,Rplp0,symbol
Pxn,Pxn,symbol
AC097575.2,AC097575.2,symbol
LOC120096084,LOC120096084,symbol
LOC120096085,LOC120096085,symbol
Sirt4,Sirt4,symbol
Pla2g1b,Pla2g1b,symbol
Msi1,Msi1,symbol
Cox6a1,Cox6a1,symbol
Triap1,Triap1,symbol
Gatc,Gatc,symbol
Srsf9,Srsf9,symbol
LOC120096005,LOC120096005,symbol
Dynll1,Dynll1,symbol
ENSRNOG00000068496,,ensembl
Coq5,Coq5,symbol
Rnf10,Rnf10,symbol
Pop5,Pop5,symbol
Cabp1,Cabp1,symbol
LOC102548245,LOC102548245,symbol
Mlec,Mlec,symbol
ENSRNOG00000065096,,ensembl
ENSRNOG00000069825,,ensembl
ENSRNOG00000071110,,ensembl
Unc119b,Unc119b,symbol
Acads,Acads,symbol
Sppl3,Sppl3,symbol
AC105804.1,AC105804.1,symbol
Hnf1a,Hnf1a,symbol
C12h12orf43,C12h12orf43,symbol
Oasl,Oasl,symbol
Oasl2,Oasl2,symbol
LOC691311,LOC691311,symbol
ENSRNOG00000066080,,ensembl
LOC120096122,LOC120096122,symbol
RGD1560398,RGD1560398,symbol
Ankrd13a,Ankrd13a,symbol
Git2,Git2,symbol
Tchp,Tchp,symbol
Gltp,Gltp,symbol
Trpv4,Trpv4,symbol
Fam222a,Fam222a,symbol
Mvk,Mvk,symbol
Mmab,Mmab,symbol
Ube3b,Ube3b,symbol
Kctd10,Kctd10,symbol
Myo1h,Myo1h,symbol
Foxn4,Foxn4,symbol
Acacb,Acacb,symbol
Ung,Ung,symbol
Alkbh2,Alkbh2,symbol
Usp30,Usp30,symbol
Svop,Svop,symbol
Dao,Dao,symbol
Ssh1,Ssh1,symbol
Coro1c,Coro1c,symbol
AABR07036567.1,AABR07036567.1,symbol
Selplg,Selplg,symbol
Tmem119,Tmem119,symbol
ENSRNOG00000069881,,ensembl
ENSRNOG00000069057,,ensembl
Iscu,Iscu,symbol
Sart3,Sart3,symbol
Ficd,Ficd,symbol
AC128917.1,AC128917.1,symbol
LOC120095862,LOC120095862,symbol
Cmklr1,Cmklr1,symbol
Wscd2,Wscd2,symbol
ENSRNOG00000064577,,ensembl
ENSRNOG00000064576,,ensembl
ENSRNOG00000069064,,ensembl
Sgsm1,Sgsm1,symbol
Lhfpl7,Lhfpl7,symbol
ENSRNOG00000065712,LOC108352470,ensembl
ENSRNOG00000066249,,ensembl
RGD1306556,RGD1306556,symbol
Crybb3,Crybb3,symbol
Crybb2,Crybb2,symbol
ENSRNOG00000070992,,ensembl
Grk3,Grk3,symbol
Myo18b,Myo18b,symbol
LOC120096092,LOC120096092,symbol
Sez6l,Sez6l,symbol
LOC102552378,LOC102552378,symbol
Asphd2,Asphd2,symbol
Hps4,Hps4,symbol
AC123358.1,AC123358.1,symbol
Srrd,Srrd,symbol
Tfip11,Tfip11,symbol
Tpst2,Tpst2,symbol
Crybb1,Crybb1,symbol
Cryba4,Cryba4,symbol
Mn1,Mn1,symbol
Pitpnb,Pitpnb,symbol
ENSRNOG00000063728,,ensembl
LOC102554233,LOC102554233,symbol
Ttc28,Ttc28,symbol
Chek2,Chek2,symbol
Hscb,Hscb,symbol
Ulk1,Ulk1,symbol
Pus1,Pus1,symbol
Ep400,Ep400,symbol
LOC100362927,LOC100362927,symbol
LOC120096100,LOC120096100,symbol
Snora49,Snora49,symbol
Ddx51,Ddx51,symbol
Noc4l,Noc4l,symbol
Galnt9,Galnt9,symbol
Fbrsl1,Fbrsl1,symbol
Lrcol1,Lrcol1,symbol
P2rx2,P2rx2,symbol
Pole,Pole,symbol
LOC120096104,LOC120096104,symbol
Pxmp2,Pxmp2,symbol
ENSRNOG00000068194,,ensembl
Pgam5,Pgam5,symbol
Ankle2,Ankle2,symbol
Golga3,Golga3,symbol
Chfr,Chfr,symbol
Zfp605,Zfp605,symbol
ENSRNOG00000066204,Zfp605l1,ensembl
Gtpbp6,Gtpbp6,symbol
Plcxd1,Plcxd1,symbol
Zfp958,Zfp958,symbol
ENSRNOG00000064554,,ensembl
Dsel,Dsel,symbol
LOC120096408,LOC120096408,symbol
LOC120096455,LOC120096455,symbol
LOC120096416,LOC120096416,symbol
ENSRNOG00000065529,,ensembl
ENSRNOG00000066834,,ensembl
LOC120096431,LOC120096431,symbol
ENSRNOG00000067316,,ensembl
LOC120096390,LOC120096390,symbol
ENSRNOG00000066881,,ensembl
LOC304725,LOC304725,symbol
Hsp90aa1-ps16,Hsp90aa1-ps16,symbol
LOC120096404,LOC120096404,symbol
LOC120096409,LOC120096409,symbol
LOC100910714,LOC100910714,symbol
ENSRNOG00000066965,,ensembl
LOC120096428,LOC120096428,symbol
Cntnap5a,Cntnap5a,symbol
LOC120096456,LOC120096456,symbol
LOC120096443,LOC120096443,symbol
ENSRNOG00000064103,,ensembl
AABR07020651.1,AABR07020651.1,symbol
ENSRNOG00000064688,,ensembl
LOC679594,LOC679594,symbol
LOC304725,LOC304725,symbol
LOC120096412,LOC120096412,symbol
ENSRNOG00000062361,,ensembl
ENSRNOG00000064561,,ensembl
LOC120096444,LOC120096444,symbol
RGD1561440,RGD1561440,symbol
ENSRNOG00000066173,,ensembl
Cntnap5b,Cntnap5b,symbol
LOC120096398,LOC120096398,symbol
ENSRNOG00000069305,,ensembl
ENSRNOG00000065784,,ensembl
ENSRNOG00000062937,,ensembl
Cdh20,Cdh20,symbol
Rnf152,Rnf152,symbol
Pign,Pign,symbol
Relch,Relch,symbol
Tnfrsf11a,Tnfrsf11a,symbol
ENSRNOG00000070804,,ensembl
Zcchc2,Zcchc2,symbol
ENSRNOG00000071020,,ensembl
ENSRNOG00000065024,,ensembl
Phlpp1,Phlpp1,symbol
Bcl2,Bcl2,symbol
Kdsr,Kdsr,symbol
Vps4b,Vps4b,symbol
Serpinb5,Serpinb5,symbol
Serpinb12,Serpinb12,symbol
Serpinb13,Serpinb13,symbol
Serpinb3a,Serpinb3a,symbol
Serpinb3,Serpinb3,symbol
Serpinb11,Serpinb11,symbol
Serpinb7,Serpinb7,symbol
LOC120096417,LOC120096417,symbol
Serpinb2,Serpinb2,symbol
Serpinb10,Serpinb10,symbol
Serpinb8,Serpinb8,symbol
LOC120096395,LOC120096395,symbol
RGD1560523,RGD1560523,symbol
LOC120096381,LOC120096381,symbol
LOC120096411,LOC120096411,symbol
LOC108348870,LOC108348870,symbol
ENSRNOG00000063241,,ensembl
Cdh7,Cdh7,symbol
LOC120096442,LOC120096442,symbol
ENSRNOG00000066782,,ensembl
ENSRNOG00000064510,,ensembl
Cdh19,Cdh19,symbol
LOC120096433,LOC120096433,symbol
LOC120096235,LOC120096235,symbol
ENSRNOG00000069109,,ensembl
ENSRNOG00000070301,,ensembl
Tsn,Tsn,symbol
Nifk,Nifk,symbol
Clasp1,Clasp1,symbol
LOC120096397,LOC120096397,symbol
LOC120096423,LOC120096423,symbol
Tfcp2l1,Tfcp2l1,symbol
LOC120096434,LOC120096434,symbol
Gli2,Gli2,symbol
ENSRNOG00000070618,,ensembl
Inhbb,Inhbb,symbol
Ralb,Ralb,symbol
Tmem185b,Tmem185b,symbol
LOC120096454,LOC120096454,symbol
Epb41l5,Epb41l5,symbol
Ptpn4,Ptpn4,symbol
Tmem177,Tmem177,symbol
Cfap221,Cfap221,symbol
Sctr,Sctr,symbol
Tmem37,Tmem37,symbol
Dbi,Dbi,symbol
C13h2orf76,C13h2orf76,symbol
Steap3,Steap3,symbol
C1ql2,C1ql2,symbol
Marco,Marco,symbol
En1,En1,symbol
Tpt1-ps1,Tpt1-ps1,symbol
Insig2,Insig2,symbol
Ccdc93,Ccdc93,symbol
Htr5b,Htr5b,symbol
ENSRNOG00000067791,,ensembl
Ddx18,Ddx18,symbol
LOC103690298,LOC103690298,symbol
LOC120096373,LOC120096373,symbol
Dpp10,Dpp10,symbol
LOC120096396,LOC120096396,symbol
LOC120096424,LOC120096424,symbol
Actr3,Actr3,symbol
LOC100362110,LOC100362110,symbol
Slc35f5,Slc35f5,symbol
Gpr39,Gpr39,symbol
Lypd1,Lypd1,symbol
Nckap5,Nckap5,symbol
tuba1c-ps1,tuba1c-ps1,symbol
ENSRNOG00000066401,,ensembl
ENSRNOG00000066803,,ensembl
Mgat5,Mgat5,symbol
LOC120096388,LOC120096388,symbol
Tmem163,Tmem163,symbol
Acmsd,Acmsd,symbol
LOC108352526,LOC108352526,symbol
Ccnt2,Ccnt2,symbol
Map3k19,Map3k19,symbol
Rab3gap1,Rab3gap1,symbol
LOC120096387,LOC120096387,symbol
Zranb3,Zranb3,symbol
Mir3473,Mir3473,symbol
R3hdm1,R3hdm1,symbol
LOC120096429,LOC120096429,symbol
Mir128-1,Mir128-1,symbol
Ubxn4,Ubxn4,symbol
Lct,Lct,symbol
Mcm6,Mcm6,symbol
Dars1,Dars1,symbol
LOC120096378,LOC120096378,symbol
Cxcr4,Cxcr4,symbol
LOC120096459,LOC120096459,symbol
Thsd7b,Thsd7b,symbol
LOC120096439,LOC120096439,symbol
LOC120096445,LOC120096445,symbol
Cd55,Cd55,symbol
Zp3r,Zp3r,symbol
C4bpa,C4bpa,symbol
Lsm6,Lsm6,symbol
C4bpb,C4bpb,symbol
Pfkfb2,Pfkfb2,symbol
Yod1,Yod1,symbol
C13h1orf116,C13h1orf116,symbol
Fcamr,Fcamr,symbol
Pigr,Pigr,symbol
Fcmr,Fcmr,symbol
Il24,Il24,symbol
Il20,Il20,symbol
Il19,Il19,symbol
Il10,Il10,symbol
Mapkapk2,Mapkapk2,symbol
Dyrk3,Dyrk3,symbol
Eif2d,Eif2d,symbol
Rassf5,Rassf5,symbol
Ikbke,Ikbke,symbol
Srgap2,Srgap2,symbol
Fam72a,Fam72a,symbol
Avpr1b,Avpr1b,symbol
Ctse,Ctse,symbol
Rab7b,Rab7b,symbol
Slc26a9,Slc26a9,symbol
ENSRNOG00000069070,,ensembl
Pm20d1,Pm20d1,symbol
Slc41a1,Slc41a1,symbol
Rab29,Rab29,symbol
Nucks1,Nucks1,symbol
ENSRNOG00000065816,,ensembl
ENSRNOG00000070926,,ensembl
Slc45a3,Slc45a3,symbol
Elk4,Elk4,symbol
Mfsd4a,Mfsd4a,symbol
Cdk18,Cdk18,symbol
ENSRNOG00000063579,,ensembl
Mir135b,Mir135b,symbol
Lemd1,Lemd1,symbol
Klhdc8a,Klhdc8a,symbol
Nuak2,Nuak2,symbol
Tmcc2,Tmcc2,symbol
ENSRNOG00000066606,,ensembl
Dstyk,Dstyk,symbol
Rbbp5,Rbbp5,symbol
Tmem81,Tmem81,symbol
ENSRNOG00000063514,,ensembl
Cntn2,Cntn2,symbol
LOC120096452,LOC120096452,symbol
Nfasc,Nfasc,symbol
LOC120096406,LOC120096406,symbol
Lrrn2,Lrrn2,symbol
Mdm4,Mdm4,symbol
Pik3c2b,Pik3c2b,symbol
Ppp1r15b,Ppp1r15b,symbol
Plekha6,Plekha6,symbol
Golt1a,Golt1a,symbol
Kiss1,Kiss1,symbol
Ren,Ren,symbol
Etnk2,Etnk2,symbol
Sox13,Sox13,symbol
LOC498231,LOC498231,symbol
Snrpe,Snrpe,symbol
Zbed6,Zbed6,symbol
Lax1,Lax1,symbol
Atp2b4,Atp2b4,symbol
Optc,Optc,symbol
Prelp,Prelp,symbol
AABR07020987.1,AABR07020987.1,symbol
ENSRNOG00000066646,,ensembl
Fmod,Fmod,symbol
Btg2,Btg2,symbol
Chit1,Chit1,symbol
Chi3l1,Chi3l1,symbol
Mybph,Mybph,symbol
Adora1,Adora1,symbol
Myog,Myog,symbol
Ppfia4,Ppfia4,symbol
Tmem183a,Tmem183a,symbol
Mgat4e-like,Mgat4e-like,symbol
ENSRNOG00000063519,,ensembl
Cyb5r1,Cyb5r1,symbol
Adipor1,Adipor1,symbol
Lnc134,Lnc134,symbol
Klhl12,Klhl12,symbol
Ndufv3-ps1,Ndufv3-ps1,symbol
Rabif,Rabif,symbol
Mgat4e,Mgat4e,symbol
Kdm5b,Kdm5b,symbol
ENSRNOG00000071025,,ensembl
Syt2,Syt2,symbol
Ppp1r12b,Ppp1r12b,symbol
ENSRNOG00000068257,,ensembl
Ube2t,Ube2t,symbol
Lgr6,Lgr6,symbol
Ptprv,Ptprv,symbol
Ptpn7,Ptpn7,symbol
Arl8a,Arl8a,symbol
Gpr37l1,Gpr37l1,symbol
Elf3,Elf3,symbol
Rnpep,Rnpep,symbol
ENSRNOG00000069730,,ensembl
Timm17a,Timm17a,symbol
Lmod1,Lmod1,symbol
Shisa4,Shisa4,symbol
Ipo9,Ipo9,symbol
Nav1,Nav1,symbol
AABR07020999.1,AABR07020999.1,symbol
Csrp1,Csrp1,symbol
Phlda3,Phlda3,symbol
Tnni1,Tnni1,symbol
Lad1,Lad1,symbol
Tnnt2,Tnnt2,symbol
Pkp1,Pkp1,symbol
Igfn1,Igfn1,symbol
Tmem9,Tmem9,symbol
Ascl5,Ascl5,symbol
Cacna1s,Cacna1s,symbol
Kif21b,Kif21b,symbol
Mroh3,Mroh3,symbol
LOC103691922,LOC103691922,symbol
Inava,Inava,symbol
Gpr25,Gpr25,symbol
Camsap2,Camsap2,symbol
AABR07021008.1,AABR07021008.1,symbol
Ddx59,Ddx59,symbol
Kif14,Kif14,symbol
ENSRNOG00000069163,,ensembl
Zfp281,Zfp281,symbol
AABR07021022.1,AABR07021022.1,symbol
Nr5a2,Nr5a2,symbol
LOC120096372,LOC120096372,symbol
LOC120096465,LOC120096465,symbol
ENSRNOG00000066050,,ensembl
ENSRNOG00000062926,,ensembl
LOC120096418,LOC120096418,symbol
ENSRNOG00000069894,,ensembl
ENSRNOG00000062600,,ensembl
ENSRNOG00000070913,,ensembl
ENSRNOG00000071154,,ensembl
LOC108352541,LOC108352541,symbol
Mir3570,Mir3570,symbol
Mir181b1,Mir181b1,symbol
Ptprc,Ptprc,symbol
Atp6v1g3,Atp6v1g3,symbol
Nek7,Nek7,symbol
Lhx9,Lhx9,symbol
RGD1566099,RGD1566099,symbol
LOC120096262,LOC120096262,symbol
ENSRNOG00000068173,,ensembl
Dennd1b,Dennd1b,symbol
AABR07021080.1,AABR07021080.1,symbol
Crb1,Crb1,symbol
Zbtb41,Zbtb41,symbol
ENSRNOG00000063731,,ensembl
ENSRNOG00000069041,,ensembl
Aspm,Aspm,symbol
LOC120096438,LOC120096438,symbol
F13b,F13b,symbol
Cfhr2,Cfhr2,symbol
LOC100361907,LOC100361907,symbol
ENSRNOG00000066867,,ensembl
Cfhr1,Cfhr1,symbol
Cfhr4,Cfhr4,symbol
ENSRNOG00000066245,,ensembl
Cfh,Cfh,symbol
ENSRNOG00000070331,,ensembl
Kcnt2,Kcnt2,symbol
LOC120096371,LOC120096371,symbol
LOC120096414,LOC120096414,symbol
LOC120096463,LOC120096463,symbol
Y_RNA,Y_RNA,symbol
LOC120096453,LOC120096453,symbol
LOC108352643,LOC108352643,symbol
ENSRNOG00000069455,,ensembl
ENSRNOG00000068898,,ensembl
Cdc73,Cdc73,symbol
B3galt2,B3galt2,symbol
Glrx2,Glrx2,symbol
Ro60,Ro60,symbol
Uchl5,Uchl5,symbol
Scarna18b,Scarna18b,symbol
ENSRNOG00000070924,,ensembl
AABR07021213.1,AABR07021213.1,symbol
Rgs2,Rgs2,symbol
LOC120096435,LOC120096435,symbol
Rgs13,Rgs13,symbol
Rgs1,Rgs1,symbol
Rgs21,Rgs21,symbol
ENSRNOG00000065694,,ensembl
Rgs18,Rgs18,symbol
AABR07021239.1,AABR07021239.1,symbol
Brinp3,Brinp3,symbol
LOC120096447,LOC120096447,symbol
LOC120096403,LOC120096403,symbol
Gapdh-ps17,Gapdh-ps17,symbol
LOC120096460,LOC120096460,symbol
LOC120096400,LOC120096400,symbol
LOC120096405,LOC120096405,symbol
Dram2-ps1,Dram2-ps1,symbol
LOC120096367,LOC120096367,symbol
LOC120096436,LOC120096436,symbol
LOC120096448,LOC120096448,symbol
LOC120096420,LOC120096420,symbol
LOC120096464,LOC120096464,symbol
Pla2g4a,Pla2g4a,symbol
ENSRNOG00000066166,,ensembl
Ptgs2,Ptgs2,symbol
Pdc,Pdc,symbol
ENSRNOG00000065753,,ensembl
Odr4,Odr4,symbol
Tpr,Tpr,symbol
Prg4,Prg4,symbol
Hmcn1,Hmcn1,symbol
LOC120096425,LOC120096425,symbol
LOC120096437,LOC120096437,symbol
LOC120096450,LOC120096450,symbol
Ivns1abp,Ivns1abp,symbol
Swt1,Swt1,symbol
Trmt1l,Trmt1l,symbol
Rnf2,Rnf2,symbol
ENSRNOG00000064602,,ensembl
Niban1,Niban1,symbol
Edem3,Edem3,symbol
AABR07021384.1,AABR07021384.1,symbol
RGD1309104,RGD1309104,symbol
LOC120096366,LOC120096366,symbol
Tsen15,Tsen15,symbol
Colgalt2,Colgalt2,symbol
Rgl1,Rgl1,symbol
Apobec4,Apobec4,symbol
Arpc5,Arpc5,symbol
Ncf2,Ncf2,symbol
Smg7,Smg7,symbol
Nmnat2,Nmnat2,symbol
Lamc2,Lamc2,symbol
Lamc1,Lamc1,symbol
Shcbp1l,Shcbp1l,symbol
Dhx9,Dhx9,symbol
Npl,Npl,symbol
Rgs8,Rgs8,symbol
Rgs16,Rgs16,symbol
Rnasel,Rnasel,symbol
Rgsl1,Rgsl1,symbol
LOC120096281,LOC120096281,symbol
ENSRNOG00000068231,,ensembl
AABR07021424.1,AABR07021424.1,symbol
ENSRNOG00000068708,,ensembl
Teddm1b,Teddm1b,symbol
Teddm1a,Teddm1a,symbol
Glul,Glul,symbol
Gng5-ps5,Gng5-ps5,symbol
LOC120096399,LOC120096399,symbol
Eif3m-ps1,Eif3m-ps1,symbol
Zfp648,Zfp648,symbol
Cacna1e,Cacna1e,symbol
ENSRNOG00000064104,,ensembl
LOC120096369,LOC120096369,symbol
Ier5,Ier5,symbol
Mr1,Mr1,symbol
Stx6,Stx6,symbol
RGD1304622,RGD1304622,symbol
Xpr1,Xpr1,symbol
Acbd6,Acbd6,symbol
ENSRNOG00000069939,,ensembl
Lhx4,Lhx4,symbol
Qsox1,Qsox1,symbol
Cep350,Cep350,symbol
Ifitm2-ps2,Ifitm2-ps2,symbol
ENSRNOG00000065580,,ensembl
Tor1aip1,Tor1aip1,symbol
Tor1aip2,Tor1aip2,symbol
Tor1aip2,Tor1aip2,symbol
Fam163a,Fam163a,symbol
AABR07021465.2,AABR07021465.2,symbol
Tdrd5,Tdrd5,symbol
Nphs2,Nphs2,symbol
Axdnd1,Axdnd1,symbol
Soat1,Soat1,symbol
Abl2,Abl2,symbol
LOC120096449,LOC120096449,symbol
Tor3a,Tor3a,symbol
Fam20b,Fam20b,symbol
Ralgps2,Ralgps2,symbol
Angptl1,Angptl1,symbol
Tex35,Tex35,symbol
Clec20a,Clec20a,symbol
Rasal2,Rasal2,symbol
ENSRNOG00000067609,,ensembl
Cryzl2,Cryzl2,symbol
AABR07021503.1,AABR07021503.1,symbol
Sec16b,Sec16b,symbol
LOC120096393,LOC120096393,symbol
Brinp2,Brinp2,symbol
Astn1,Astn1,symbol
Mir488,Mir488,symbol
Pappa2,Pappa2,symbol
ENSRNOG00000064188,,ensembl
Cop1,Cop1,symbol
Scarna3a,Scarna3a,symbol
Mir1843b,Mir1843b,symbol
AABR07021536.1,AABR07021536.1,symbol
Tnr,Tnr,symbol
Kiaa0040,Kiaa0040,symbol
Tnn,Tnn,symbol
Mrps14,Mrps14,symbol
Cacybp,Cacybp,symbol
ENSRNOG00000067038,,ensembl
Rabgap1l,Rabgap1l,symbol
LOC120096380,LOC120096380,symbol
AABR07007905.2,AABR07007905.2,symbol
Gpr52,Gpr52,symbol
LOC120096410,LOC120096410,symbol
Rc3h1,Rc3h1,symbol
ENSRNOG00000070643,,ensembl
ENSRNOG00000070187,,ensembl
Serpinc1,Serpinc1,symbol
Zbtb37,Zbtb37,symbol
LOC120096384,LOC120096384,symbol
LOC120096422,LOC120096422,symbol
LOC120096374,LOC120096374,symbol
LOC120096385,LOC120096385,symbol
Snord78,Snord78,symbol
LOC120096376,LOC120096376,symbol
LOC120096386,LOC120096386,symbol
LOC120096383,LOC120096383,symbol
Snord81,Snord81,symbol
Dars2,Dars2,symbol
Cenpl,Cenpl,symbol
Klhl20,Klhl20,symbol
Slc9c2,Slc9c2,symbol
Tex50,Tex50,symbol
Slc9c2,Slc9c2,symbol
Prdx6,Prdx6,symbol
ENSRNOG00000063348,,ensembl
AABR07021573.2,AABR07021573.2,symbol
ENSRNOG00000069839,,ensembl
Tnfsf4,Tnfsf4,symbol
Tnfsf18,Tnfsf18,symbol
ENSRNOG00000063307,,ensembl
ENSRNOG00000070334,,ensembl
ENSRNOG00000066143,,ensembl
ENSRNOG00000064946,,ensembl
Faslg,Faslg,symbol
Suco,Suco,symbol
Pigc,Pigc,symbol
RGD1309106,RGD1309106,symbol
Dnm3,Dnm3,symbol
LOC120096413,LOC120096413,symbol
LOC120096419,LOC120096419,symbol
AABR07021591.1,AABR07021591.1,symbol
Mir199a2,Mir199a2,symbol
Mir214,Mir214,symbol
LOC120096458,LOC120096458,symbol
Mettl13,Mettl13,symbol
Vamp4,Vamp4,symbol
Myoc,Myoc,symbol
ENSRNOG00000066215,,ensembl
Prrc2c,Prrc2c,symbol
Fmo4,Fmo4,symbol
Fmo1,Fmo1,symbol
Fmo2,Fmo2,symbol
Fmo6,Fmo6,symbol
Fmo3,Fmo3,symbol
Mroh9,Mroh9,symbol
LOC120096402,LOC120096402,symbol
LOC120096382,LOC120096382,symbol
Prrx1,Prrx1,symbol
Gorab,Gorab,symbol
Ntmt2,Ntmt2,symbol
Kifap3,Kifap3,symbol
Scyl3,Scyl3,symbol
LOC498265,LOC498265,symbol
Mettl18,Mettl18,symbol
Sele,Sele,symbol
Sell,Sell,symbol
Selp,Selp,symbol
F5,F5,symbol
Slc19a2,Slc19a2,symbol
Ccdc181,Ccdc181,symbol
Blzf1,Blzf1,symbol
Nme7,Nme7,symbol
Atp1b1,Atp1b1,symbol
ENSRNOG00000067955,,ensembl
ENSRNOG00000070620,,ensembl
LOC120096446,LOC120096446,symbol
Dpt,Dpt,symbol
AABR07021636.1,AABR07021636.1,symbol
LOC108352565,LOC108352565,symbol
LOC120096432,LOC120096432,symbol
Xcl1,Xcl1,symbol
LOC100912617,LOC100912617,symbol
ENSRNOG00000064045,,ensembl
Tbx19,Tbx19,symbol
Sft2d2,Sft2d2,symbol
Tiprl,Tiprl,symbol
Gpr161,Gpr161,symbol
Dcaf6,Dcaf6,symbol
Mpc2,Mpc2,symbol
Adcy10,Adcy10,symbol
Mpzl1,Mpzl1,symbol
Rcsd1,Rcsd1,symbol
Creg1,Creg1,symbol
Cd247,Cd247,symbol
ENSRNOG00000064281,,ensembl
Pou2f1,Pou2f1,symbol
Styxl2,Styxl2,symbol
Gpa33,Gpa33,symbol
Mael,Mael,symbol
Ildr2,Ildr2,symbol
ENSRNOG00000068309,,ensembl
Tada1,Tada1,symbol
Pogk,Pogk,symbol
Fmo13,Fmo13,symbol
LOC685351,LOC685351,symbol
Fmo9,Fmo9,symbol
Fam78b,Fam78b,symbol
LOC120096426,LOC120096426,symbol
ENSRNOG00000064211,,ensembl
ENSRNOG00000062956,,ensembl
Uck2,Uck2,symbol
Tmco1,Tmco1,symbol
Aldh9a1,Aldh9a1,symbol
Mgst3,Mgst3,symbol
ENSRNOG00000070450,,ensembl
ENSRNOG00000063055,,ensembl
Lrrc52,Lrrc52,symbol
ENSRNOG00000070805,,ensembl
Rxrg,Rxrg,symbol
Lmx1a,Lmx1a,symbol
LOC120096312,LOC120096312,symbol
Pbx1,Pbx1,symbol
LOC120096430,LOC120096430,symbol
Nuf2,Nuf2,symbol
ENSRNOG00000066769,,ensembl
Rgs5,Rgs5,symbol
Rgs4,Rgs4,symbol
Ccdc190,Ccdc190,symbol
ENSRNOG00000033515,,ensembl
Hsd17b7,Hsd17b7,symbol
Ddr2,Ddr2,symbol
Uap1,Uap1,symbol
LOC102549303,LOC102549303,symbol
Uhmk1,Uhmk1,symbol
AABR07021734.1,AABR07021734.1,symbol
Sh2d1b2,Sh2d1b2,symbol
ENSRNOG00000064682,,ensembl
Nos1ap,Nos1ap,symbol
Spata46,Spata46,symbol
AABR07021736.1,AABR07021736.1,symbol
Olfml2b,Olfml2b,symbol
Atf6,Atf6,symbol
LOC120096368,LOC120096368,symbol
LOC100911728,LOC100911728,symbol
LOC100362384,LOC100362384,symbol
Dusp12,Dusp12,symbol
ENSRNOG00000068951,,ensembl
Fcrlb,Fcrlb,symbol
Fcrla,Fcrla,symbol
LOC120096461,LOC120096461,symbol
Fcgr2b,Fcgr2b,symbol
Fcgr3a,Fcgr3a,symbol
LOC108348047,LOC108348047,symbol
Fcgr2a-ps1,Fcgr2a-ps1,symbol
LOC498276,LOC498276,symbol
ENSRNOG00000067862,,ensembl
Cfap126,Cfap126,symbol
Sdhc,Sdhc,symbol
Mpz,Mpz,symbol
Pcp4l1,Pcp4l1,symbol
ENSRNOG00000066046,,ensembl
Nr1i3,Nr1i3,symbol
Tomm40l,Tomm40l,symbol
Apoa2,Apoa2,symbol
Fcer1g,Fcer1g,symbol
Ndufs2,Ndufs2,symbol
Ppox,Ppox,symbol
Adamts4,Adamts4,symbol
B4galt3,B4galt3,symbol
Usp21,Usp21,symbol
Ufc1,Ufc1,symbol
ENSRNOG00000062505,,ensembl
ENSRNOG00000065995,,ensembl
Pfdn2,Pfdn2,symbol
Dedd,Dedd,symbol
Nit1,Nit1,symbol
Klhdc9,Klhdc9,symbol
Nectin4,Nectin4,symbol
Tstd1,Tstd1,symbol
Arhgap30,Arhgap30,symbol
ENSRNOG00000068856,,ensembl
F11r,F11r,symbol
LOC100359583,LOC100359583,symbol
LOC120096440,LOC120096440,symbol
Itln1,Itln1,symbol
ENSRNOG00000065645,,ensembl
ENSRNOG00000068336,,ensembl
Cd244,Cd244,symbol
Cd244,Cd244,symbol
Ly9,Ly9,symbol
Slamf7,Slamf7,symbol
ENSRNOG00000062700,,ensembl
Cd48,Cd48,symbol
Slamf1,Slamf1,symbol
Cd84,Cd84,symbol
ENSRNOG00000063881,,ensembl
Slamf6,Slamf6,symbol
Vangl2,Vangl2,symbol
Nhlh1,Nhlh1,symbol
Ncstn,Ncstn,symbol
Copa,Copa,symbol
LOC102548286,LOC102548286,symbol
Dcaf8,Dcaf8,symbol
Pea15,Pea15,symbol
Casq1,Casq1,symbol
Atp1a4,Atp1a4,symbol
Atp1a2,Atp1a2,symbol
Igsf8,Igsf8,symbol
Kcnj9,Kcnj9,symbol
Kcnj10,Kcnj10,symbol
Pigm,Pigm,symbol
Slamf9,Slamf9,symbol
Igsf9,Igsf9,symbol
Tagln2,Tagln2,symbol
Cfap45,Cfap45,symbol
Vsig8,Vsig8,symbol
Slamf8,Slamf8,symbol
Fcrl6,Fcrl6,symbol
Dusp23,Dusp23,symbol
Crp,Crp,symbol
LOC108348980,LOC108348980,symbol
Apcs,Apcs,symbol
LOC120096401,LOC120096401,symbol
Or10j5,Or10j5,symbol
Or10j7,Or10j7,symbol
Or10j27,Or10j27,symbol
Or10j3,Or10j3,symbol
Or10j3b,Or10j3b,symbol
Fcer1a,Fcer1a,symbol
Or10j2,Or10j2,symbol
Mptx1,Mptx1,symbol
Ackr1,Ackr1,symbol
Cadm3,Cadm3,symbol
Aim2,Aim2,symbol
LOC102556096,LOC102556096,symbol
RGD1562462,RGD1562462,symbol
ENSRNOG00000069878,,ensembl
Olr1585,Olr1585,symbol
Mnda,Mnda,symbol
Or10aa3,Or10aa3,symbol
Or6n1,Or6n1,symbol
Or6k14,Or6k14,symbol
ENSRNOG00000062561,,ensembl
Or6k14b,Or6k14b,symbol
Or6k6,Or6k6,symbol
Or6k4,Or6k4,symbol
ENSRNOG00000066569,Or6k4,ensembl
Or6k8,Or6k8,symbol
Or6k2,Or6k2,symbol
Spta1,Spta1,symbol
Or10z1,Or10z1,symbol
Or10x1b,Or10x1b,symbol
Or10x1,Or10x1,symbol
Or6p1,Or6p1,symbol
Or6y1,Or6y1,symbol
Fmn2,Fmn2,symbol
Grem2,Grem2,symbol
Rgs7,Rgs7,symbol
ENSRNOG00000071040,,ensembl
Morf4l1-ps4,Morf4l1-ps4,symbol
Fh,Fh,symbol
Kmo,Kmo,symbol
Chml,Chml,symbol
Opn3,Opn3,symbol
Wdr64,Wdr64,symbol
LOC120096392,LOC120096392,symbol
ENSRNOG00000064024,,ensembl
Exo1,Exo1,symbol
Becn2,Becn2,symbol
Pld5,Pld5,symbol
LOC120096415,LOC120096415,symbol
Cep170,Cep170,symbol
Mir350,Mir350,symbol
ENSRNOG00000066307,,ensembl
Sdccag8,Sdccag8,symbol
Akt3,Akt3,symbol
Rpl30l1,Rpl30l1,symbol
LOC102549740,LOC102549740,symbol
Zbtb18,Zbtb18,symbol
ENSRNOG00000067571,,ensembl
C13h1orf100,C13h1orf100,symbol
Adss,Adss,symbol
Catspere,Catspere,symbol
Desi2,Desi2,symbol
Btf3-ps1,Btf3-ps1,symbol
ENSRNOG00000066591,,ensembl
Hnrnpu,Hnrnpu,symbol
LOC120096462,LOC120096462,symbol
Efcab2,Efcab2,symbol
Kif26b,Kif26b,symbol
Smyd3,Smyd3,symbol
Tfb2m,Tfb2m,symbol
Cnst,Cnst,symbol
AC115369.1,AC115369.1,symbol
Sccpdh,Sccpdh,symbol
Kif28p,Kif28p,symbol
Ahctf1,Ahctf1,symbol
Cdc42bpa,Cdc42bpa,symbol
Coq8a,Coq8a,symbol
Psen2,Psen2,symbol
Itpkb,Itpkb,symbol
Stum,Stum,symbol
LOC120096327,LOC120096327,symbol
Parp1,Parp1,symbol
LOC120096451,LOC120096451,symbol
Lin9,Lin9,symbol
Mixl1,Mixl1,symbol
Acbd3,Acbd3,symbol
H3f3b,H3f3b,symbol
Sde2,Sde2,symbol
Lefty2,Lefty2,symbol
Pycr2,Pycr2,symbol
Lefty1,Lefty1,symbol
Tmem63a,Tmem63a,symbol
Ephx1,Ephx1,symbol
LOC498300,LOC498300,symbol
RGD1564463,RGD1564463,symbol
Nvl,Nvl,symbol
LOC120096457,LOC120096457,symbol
Cnih4,Cnih4,symbol
Wdr26,Wdr26,symbol
Cnih3,Cnih3,symbol
Ccdc121rt,Ccdc121rt,symbol
ENSRNOG00000068762,,ensembl
Dnah14,Dnah14,symbol
Lbr,Lbr,symbol
ENSRNOG00000068613,,ensembl
Enah,Enah,symbol
Srp9,Srp9,symbol
Degs1,Degs1,symbol
Fbxo28,Fbxo28,symbol
Tp53bp2,Tp53bp2,symbol
Capn2,Capn2,symbol
Capn8,Capn8,symbol
ENSRNOG00000064023,,ensembl
Ccdc185,Ccdc185,symbol
Susd4,Susd4,symbol
LOC120096379,LOC120096379,symbol
Tlr5,Tlr5,symbol
Disp1,Disp1,symbol
Brox,Brox,symbol
Aida,Aida,symbol
Mia3,Mia3,symbol
ENSRNOG00000069845,,ensembl
ENSRNOG00000064342,,ensembl
Taf1a,Taf1a,symbol
Hhipl2,Hhipl2,symbol
LOC100912365,LOC100912365,symbol
Dusp10,Dusp10,symbol
Hlx,Hlx,symbol
Mtarc1,Mtarc1,symbol
RGD1310587,RGD1310587,symbol
Mark1,Mark1,symbol
ENSRNOG00000064809,,ensembl
LOC120096209,LOC120096209,symbol
Rab3gap2,Rab3gap2,symbol
Snora36b,Snora36b,symbol
Mir664-2,Mir664-2,symbol
Iars2,Iars2,symbol
Mir194-1,Mir194-1,symbol
Bpnt1,Bpnt1,symbol
U2,U2,symbol
Eprs1,Eprs1,symbol
AABR07022023.1,AABR07022023.1,symbol
Slc30a10,Slc30a10,symbol
Lyplal1,Lyplal1,symbol
LOC120096370,LOC120096370,symbol
Tgfb2,Tgfb2,symbol
LOC120096377,LOC120096377,symbol
Rrp15,Rrp15,symbol
ENSRNOG00000069637,,ensembl
Ddx3y,Ddx3y,symbol
Spata17,Spata17,symbol
Gpatch2,Gpatch2,symbol
ENSRNOG00000064615,,ensembl
ENSRNOG00000071027,,ensembl
LOC120096194,LOC120096194,symbol
ENSRNOG00000069472,,ensembl
Esrrg,Esrrg,symbol
Ush2a,Ush2a,symbol
LOC120096394,LOC120096394,symbol
LOC120096466,LOC120096466,symbol
Kctd3,Kctd3,symbol
AABR07022098.1,AABR07022098.1,symbol
LOC100361993,LOC100361993,symbol
Kcnk2,Kcnk2,symbol
Cenpf,Cenpf,symbol
Ptpn14,Ptpn14,symbol
Smyd2,Smyd2,symbol
LOC498308,LOC498308,symbol
Prox1,Prox1,symbol
Rps6kc1,Rps6kc1,symbol
LOC678708,LOC678708,symbol
Angel2,Angel2,symbol
Vash2,Vash2,symbol
Flvcr1,Flvcr1,symbol
SPATA45,SPATA45,symbol
Tatdn3,Tatdn3,symbol
Nsl1,Nsl1,symbol
Batf3,Batf3,symbol
Garin4,Garin4,symbol
Atf3,Atf3,symbol
LOC102555043,LOC102555043,symbol
LOC102555129,LOC102555129,symbol
Nenf,Nenf,symbol
Pacc1,Pacc1,symbol
Ppp2r5a,Ppp2r5a,symbol
Dtl,Dtl,symbol
Ints7,Ints7,symbol
RGD1560186,RGD1560186,symbol
Lpgat1,Lpgat1,symbol
LOC102555670,LOC102555670,symbol
Nek2l1,Nek2l1,symbol
AABR07022168.1,AABR07022168.1,symbol
Slc30a1,Slc30a1,symbol
ENSRNOG00000063128,,ensembl
ENSRNOG00000068226,,ensembl
Rd3,Rd3,symbol
ENSRNOG00000062858,,ensembl
Traf5,Traf5,symbol
Rcor3,Rcor3,symbol
ENSRNOG00000062982,,ensembl
Kcnh1,Kcnh1,symbol
Hhat,Hhat,symbol
LOC120096441,LOC120096441,symbol
Sertad4,Sertad4,symbol
Syt14,Syt14,symbol
Utp25,Utp25,symbol
Irf6,Irf6,symbol
LOC100125367,LOC100125367,symbol
Traf3ip3,Traf3ip3,symbol
Hsd11b1,Hsd11b1,symbol
LOC120096391,LOC120096391,symbol
ENSRNOG00000064014,,ensembl
G0s2,G0s2,symbol
Lamb3,Lamb3,symbol
Camk1g,Camk1g,symbol
Mir205,Mir205,symbol
Plxna2,Plxna2,symbol
LOC120096389,LOC120096389,symbol
Cd34,Cd34,symbol
ENSRNOG00000064648,,ensembl
Mir29b-3,Mir29b-3,symbol
Mir3556b,Mir3556b,symbol
Cd46,Cd46,symbol
Cr2,Cr2,symbol
LOC120096407,LOC120096407,symbol
ENSRNOG00000066490,,ensembl
LOC100910108,LOC100910108,symbol
LOC102554799,LOC102554799,symbol
Csf2ra,Csf2ra,symbol
Ppp2r3b,Ppp2r3b,symbol
Crlf2,Crlf2,symbol
ENSRNOG00000069417,,ensembl
Vom2r66,Vom2r66,symbol
LOC102554605,LOC102554605,symbol
Vom2r67,Vom2r67,symbol
Vom2r-ps113,Vom2r-ps113,symbol
ENSRNOG00000070530,,ensembl
Vom2r68,Vom2r68,symbol
Vmn2r116l-ps37,Vmn2r116l-ps37,symbol
Vom2r69,Vom2r69,symbol
ENSRNOG00000062706,,ensembl
ENSRNOG00000064595,,ensembl
ENSRNOG00000066410,,ensembl
ENSRNOG00000064100,,ensembl
Vom2r70,Vom2r70,symbol
Vom2r71,Vom2r71,symbol
Vom2r72,Vom2r72,symbol
Tmed11,Tmed11,symbol
Rnf212,Rnf212,symbol
Fgfrl1,Fgfrl1,symbol
Idua,Idua,symbol
Slc26a1,Slc26a1,symbol
Dgkq,Dgkq,symbol
Tmem175,Tmem175,symbol
Gak,Gak,symbol
LOC120096867,LOC120096867,symbol
Pcgf3,Pcgf3,symbol
Slc49a3,Slc49a3,symbol
Atp5me,Atp5me,symbol
Pde6b,Pde6b,symbol
Tmem271,Tmem271,symbol
Pigg,Pigg,symbol
ENSRNOG00000063094,,ensembl
Dr1,Dr1,symbol
Ccdc18,Ccdc18,symbol
Tmed5,Tmed5,symbol
Mtf2,Mtf2,symbol
Dipk1a,Dipk1a,symbol
Rpl5,Rpl5,symbol
Snora66,Snora66,symbol
LOC120096777,LOC120096777,symbol
Snord21,Snord21,symbol
ENSRNOG00000067494,,ensembl
Evi5,Evi5,symbol
LOC108352688,LOC108352688,symbol
Ube2d2b,Ube2d2b,symbol
Gfi1,Gfi1,symbol
Rpap2,Rpap2,symbol
Glmn,Glmn,symbol
C14h1orf146,C14h1orf146,symbol
Btbd8,Btbd8,symbol
Lpcat2b,Lpcat2b,symbol
Ephx4,Ephx4,symbol
Brdt,Brdt,symbol
Tgfbr3,Tgfbr3,symbol
ENSRNOG00000071035,,ensembl
Cdc7,Cdc7,symbol
LOC690138,LOC690138,symbol
Hfm1,Hfm1,symbol
Zfp644,Zfp644,symbol
LOC120096835,LOC120096835,symbol
ENSRNOG00000070225,,ensembl
ENSRNOG00000067702,,ensembl
Barhl2,Barhl2,symbol
ENSRNOG00000070700,,ensembl
Zfp326,Zfp326,symbol
Lrrc8d,Lrrc8d,symbol
ENSRNOG00000068701,,ensembl
Lrrc8c,Lrrc8c,symbol
LOC120096783,LOC120096783,symbol
Lrrc8b,Lrrc8b,symbol
ENSRNOG00000068528,,ensembl
ENSRNOG00000062871,,ensembl
Abcg3l2,Abcg3l2,symbol
Abcg3l4,Abcg3l4,symbol
LOC120096739,LOC120096739,symbol
Gbp6,Gbp6,symbol
ENSRNOG00000066766,Gbp6-ps3,ensembl
ENSRNOG00000067007,Ube2v1l1,ensembl
Gbp6,Gbp6,symbol
Abcg3,Abcg3,symbol
LOC120096745,LOC120096745,symbol
LOC120096854,LOC120096854,symbol
Abcg3l3,Abcg3l3,symbol
LOC100366030,LOC100366030,symbol
LOC108348123,LOC108348123,symbol
Zfp951,Zfp951,symbol
Abcg3l1,Abcg3l1,symbol
Thoc2l,Thoc2l,symbol
Pkd2,Pkd2,symbol
Spp1,Spp1,symbol
Mepe,Mepe,symbol
Ibsp,Ibsp,symbol
Dmp1,Dmp1,symbol
Dspp,Dspp,symbol
Sparcl1,Sparcl1,symbol
Scpppq1,Scpppq1,symbol
Nudt9,Nudt9,symbol
Hsd17b11,Hsd17b11,symbol
Hsd17b13,Hsd17b13,symbol
Klhl8,Klhl8,symbol
ENSRNOG00000066604,,ensembl
Aff1,Aff1,symbol
LOC120096795,LOC120096795,symbol
Aff1-as1,Aff1-as1,symbol
Slc10a6,Slc10a6,symbol
Ptpn13,Ptpn13,symbol
Ndufb4l1,Ndufb4l1,symbol
Mapk10,Mapk10,symbol
LOC120096563,LOC120096563,symbol
ENSRNOG00000068459,,ensembl
Arhgap24,Arhgap24,symbol
LOC102549277,LOC102549277,symbol
AABR07014306.2,AABR07014306.2,symbol
AABR07014306.1,AABR07014306.1,symbol
LOC120096727,LOC120096727,symbol
Wdfy3,Wdfy3,symbol
Cds1,Cds1,symbol
Nkx6-1,Nkx6-1,symbol
LOC120096865,LOC120096865,symbol
Gpat3,Gpat3,symbol
Mrps18c,Mrps18c,symbol
Abraxas1,Abraxas1,symbol
Helq,Helq,symbol
ENSRNOG00000071057,,ensembl
Hpse,Hpse,symbol
ENSRNOG00000070232,,ensembl
Coq2,Coq2,symbol
LOC100363472,LOC100363472,symbol
LOC103693725,LOC103693725,symbol
ENSRNOG00000063814,,ensembl
Plac8,Plac8,symbol
Cops4,Cops4,symbol
LOC102550950,LOC102550950,symbol
Lin54,Lin54,symbol
Sec31a,Sec31a,symbol
ENSRNOG00000069738,,ensembl
ENSRNOG00000067919,,ensembl
ENSRNOG00000069726,,ensembl
Tmem150c,Tmem150c,symbol
Enoph1,Enoph1,symbol
Hnrnpdl,Hnrnpdl,symbol
Hnrnpd,Hnrnpd,symbol
LOC102557303,LOC102557303,symbol
LOC120096741,LOC120096741,symbol
Rasgef1b,Rasgef1b,symbol
Prkg2,Prkg2,symbol
Bmp3,Bmp3,symbol
Cfap299,Cfap299,symbol
LOC120096815,LOC120096815,symbol
Fgf5,Fgf5,symbol
Prdm8,Prdm8,symbol
Antxr2,Antxr2,symbol
LOC120096868,LOC120096868,symbol
Gk2,Gk2,symbol
ENSRNOG00000065078,,ensembl
Naa11,Naa11,symbol
LOC120096760,LOC120096760,symbol
Paqr3,Paqr3,symbol
Bmp2k,Bmp2k,symbol
LOC120096864,LOC120096864,symbol
LOC120096842,LOC120096842,symbol
Anxa3,Anxa3,symbol
Fras1,Fras1,symbol
Mrpl1,Mrpl1,symbol
ENSRNOG00000070590,,ensembl
ENSRNOG00000064361,LOC134484402,ensembl
Cnot6l,Cnot6l,symbol
LOC120096853,LOC120096853,symbol
Cxcl13,Cxcl13,symbol
Pramef20-ps1,Pramef20-ps1,symbol
LOC100909497,LOC100909497,symbol
ENSRNOG00000065688,,ensembl
RGD1565660,RGD1565660,symbol
LOC120096510,LOC120096510,symbol
LOC685782,LOC685782,symbol
RGD1559654,RGD1559654,symbol
ENSRNOG00000069393,,ensembl
RGD1561226,RGD1561226,symbol
LOC120096715,LOC120096715,symbol
pramef20l,pramef20l,symbol
RGD1561699,RGD1561699,symbol
ENSRNOG00000067003,Pramef8-ps2,ensembl
RGD1561977,RGD1561977,symbol
ENSRNOG00000062451,,ensembl
LOC100909936,LOC100909936,symbol
RGD1562932,RGD1562932,symbol
LOC100363333,LOC100363333,symbol
ENSRNOG00000069779,,ensembl
ENSRNOG00000063361,,ensembl
LOC100910292,LOC100910292,symbol
RGD1562932,RGD1562932,symbol
ENSRNOG00000064533,,ensembl
LOC102549607,LOC102549607,symbol
Ccng2,Ccng2,symbol
Septin11,Septin11,symbol
Ccni,Ccni,symbol
ENSRNOG00000070345,,ensembl
LOC120096779,LOC120096779,symbol
Sowahb,Sowahb,symbol
Shroom3,Shroom3,symbol
ENSRNOG00000068086,,ensembl
ENSRNOG00000066289,,ensembl
Ccdc158,Ccdc158,symbol
Stbd1,Stbd1,symbol
Fam47e,Fam47e,symbol
ENSRNOG00000067585,,ensembl
Scarb2,Scarb2,symbol
ENSRNOG00000065188,,ensembl
ENSRNOG00000067415,,ensembl
Nup54,Nup54,symbol
LOC120096791,LOC120096791,symbol
Art3,Art3,symbol
ENSRNOG00000063380,,ensembl
Cxcl11,Cxcl11,symbol
Cxcl10,Cxcl10,symbol
Cxcl9,Cxcl9,symbol
Sdad1,Sdad1,symbol
LOC120096834,LOC120096834,symbol
ENSRNOG00000068878,,ensembl
Naaa,Naaa,symbol
Ppef2,Ppef2,symbol
Uso1,Uso1,symbol
LOC120096782,LOC120096782,symbol
LOC120096837,LOC120096837,symbol
G3bp2,G3bp2,symbol
LOC120096794,LOC120096794,symbol
Cdkl2,Cdkl2,symbol
Odaph,Odaph,symbol
Thap6,Thap6,symbol
Rchy1,Rchy1,symbol
AABR07014487.1,AABR07014487.1,symbol
Parm1,Parm1,symbol
LOC120096799,LOC120096799,symbol
Btc,Btc,symbol
Areg,Areg,symbol
Ereg,Ereg,symbol
Epgn,Epgn,symbol
Mthfd2l,Mthfd2l,symbol
Cxcl2,Cxcl2,symbol
Cxcl1,Cxcl1,symbol
Cxcl3,Cxcl3,symbol
Pf4,Pf4,symbol
Ppbp,Ppbp,symbol
Cxcl6,Cxcl6,symbol
LOC120096747,LOC120096747,symbol
Rassf6,Rassf6,symbol
ENSRNOG00000068335,,ensembl
Albfm1,Albfm1,symbol
Afm,Afm,symbol
Afp,Afp,symbol
Alb,Alb,symbol
Ankrd17,Ankrd17,symbol
Cox18,Cox18,symbol
LOC120096803,LOC120096803,symbol
Adamts3,Adamts3,symbol
LOC120096802,LOC120096802,symbol
LOC120096809,LOC120096809,symbol
Npffr2,Npffr2,symbol
Gc,Gc,symbol
ENSRNOG00000065388,,ensembl
ENSRNOG00000029004,,ensembl
Slc4a4,Slc4a4,symbol
Dck,Dck,symbol
Mob1b,Mob1b,symbol
Grsf1,Grsf1,symbol
Rufy3,Rufy3,symbol
ENSRNOG00000068298,,ensembl
Mir6321,Mir6321,symbol
Utp3,Utp3,symbol
ENSRNOG00000065610,,ensembl
RGD1561381,RGD1561381,symbol
Jchain,Jchain,symbol
Enam,Enam,symbol
Ambn,Ambn,symbol
LOC120096832,LOC120096832,symbol
Amtn,Amtn,symbol
Oprpn,Oprpn,symbol
Smr3b,Smr3b,symbol
LOC120096859,LOC120096859,symbol
Vcsa2,Vcsa2,symbol
LOC108352824,LOC108352824,symbol
Smr3a,Smr3a,symbol
ENSRNOG00000065084,,ensembl
Cabs1,Cabs1,symbol
AABR07014573.2,AABR07014573.2,symbol
ENSRNOG00000069616,,ensembl
Csn3,Csn3,symbol
Fdcsp,Fdcsp,symbol
Odam,Odam,symbol
Dzip1-ps1,Dzip1-ps1,symbol
Prr27,Prr27,symbol
Csn1s2b,Csn1s2b,symbol
Csn1s2a,Csn1s2a,symbol
Stath,Stath,symbol
Csn2,Csn2,symbol
Csn1s1,Csn1s1,symbol
Sult1e1,Sult1e1,symbol
Sult1d1,Sult1d1,symbol
Sult1b1,Sult1b1,symbol
Ugt2a1,Ugt2a1,symbol
ENSRNOG00000063894,,ensembl
Ugt2a3,Ugt2a3,symbol
Ugt2b,Ugt2b,symbol
AC114845.1,AC114845.1,symbol
Ugt2b15,Ugt2b15,symbol
Ugt2b,Ugt2b,symbol
Ugt2b35,Ugt2b35,symbol
Ugt2b7,Ugt2b7,symbol
Ugt2b35,Ugt2b35,symbol
ENSRNOG00000066636,Ppial4d,ensembl
Ppial4d,Ppial4d,symbol
Ugt2b10,Ugt2b10,symbol
Ugt2b10,Ugt2b10,symbol
RGD1559459,RGD1559459,symbol
Ythdc1,Ythdc1,symbol
Tmprss11e,Tmprss11e,symbol
ENSRNOG00000065451,,ensembl
Tmprss11b,Tmprss11b,symbol
LOC120096866,LOC120096866,symbol
Tmprss11f,Tmprss11f,symbol
Tmprss11g,Tmprss11g,symbol
Tmprss11a,Tmprss11a,symbol
LOC120096852,LOC120096852,symbol
Tmprss11d,Tmprss11d,symbol
Tmprss11c,Tmprss11c,symbol
Gnrhr,Gnrhr,symbol
Uba6,Uba6,symbol
Stap1,Stap1,symbol
LOC120096806,LOC120096806,symbol
Cenpc,Cenpc,symbol
LOC120096753,LOC120096753,symbol
ENSRNOG00000063582,,ensembl
ENSRNOG00000068319,,ensembl
LOC120096828,LOC120096828,symbol
AABR07014676.1,AABR07014676.1,symbol
Epha5,Epha5,symbol
LOC120096819,LOC120096819,symbol
LOC120096830,LOC120096830,symbol
Tecrl,Tecrl,symbol
ENSRNOG00000069801,,ensembl
LOC120096750,LOC120096750,symbol
ENSRNOG00000069695,,ensembl
1700031L13Rik,1700031L13Rik,symbol
ENSRNOG00000066221,,ensembl
ENSRNOG00000062972,,ensembl
Adgrl3,Adgrl3,symbol
RNaseP_nuc,RNaseP_nuc,symbol
LOC120096755,LOC120096755,symbol
LOC120096787,LOC120096787,symbol
LOC120096781,LOC120096781,symbol
LOC120096857,LOC120096857,symbol
LOC120096810,LOC120096810,symbol
RGD1561589,RGD1561589,symbol
LOC120096812,LOC120096812,symbol
LOC120096874,LOC120096874,symbol
Igfbp7,Igfbp7,symbol
Polr2b,Polr2b,symbol
Noa1,Noa1,symbol
Rest,Rest,symbol
LOC120096875,LOC120096875,symbol
Spink2,Spink2,symbol
ENSRNOG00000068895,,ensembl
Hopx,Hopx,symbol
Thegl,Thegl,symbol
Arl9,Arl9,symbol
LOC108348180,LOC108348180,symbol
Paics,Paics,symbol
Ppat,Ppat,symbol
Aasdh,Aasdh,symbol
Cracd,Cracd,symbol
Cep135,Cep135,symbol
Exoc1,Exoc1,symbol
Exoc1l,Exoc1l,symbol
Nmu,Nmu,symbol
Pdcl2,Pdcl2,symbol
Clock,Clock,symbol
Tmem165,Tmem165,symbol
Srd5a3,Srd5a3,symbol
Kdr,Kdr,symbol
Kit,Kit,symbol
ENSRNOG00000063288,,ensembl
LOC120096756,LOC120096756,symbol
Pdgfra,Pdgfra,symbol
Gsx2,Gsx2,symbol
Chic2,Chic2,symbol
Lnx1,Lnx1,symbol
Fip1l1,Fip1l1,symbol
Scfd2,Scfd2,symbol
LOC120096744,LOC120096744,symbol
Rasl11b,Rasl11b,symbol
LOC120096831,LOC120096831,symbol
Usp46,Usp46,symbol
LOC100363494,LOC100363494,symbol
Spata18,Spata18,symbol
Sgcb,Sgcb,symbol
Lrrc66,Lrrc66,symbol
Dcun1d4,Dcun1d4,symbol
Cwh43,Cwh43,symbol
Ociad2,Ociad2,symbol
Ociad1,Ociad1,symbol
Fryl,Fryl,symbol
Zar1,Zar1,symbol
Slc10a4,Slc10a4,symbol
Slain2,Slain2,symbol
Gm10135,Gm10135,symbol
ENSRNOG00000067014,,ensembl
Tec,Tec,symbol
Txk,Txk,symbol
Nipal1,Nipal1,symbol
Cnga1,Cnga1,symbol
Nfxl1,Nfxl1,symbol
Corin,Corin,symbol
ENSRNOG00000069538,,ensembl
Atp10d,Atp10d,symbol
ENSRNOG00000067632,,ensembl
Commd8,Commd8,symbol
ENSRNOG00000066731,,ensembl
ENSRNOG00000069045,,ensembl
Gabrb1,Gabrb1,symbol
Gabra4,Gabra4,symbol
Cox7b2,Cox7b2,symbol
Gabra2,Gabra2,symbol
Gabrg1,Gabrg1,symbol
LOC120096752,LOC120096752,symbol
LOC120096743,LOC120096743,symbol
ENSRNOG00000063124,,ensembl
LOC120096772,LOC120096772,symbol
LOC120096823,LOC120096823,symbol
Gnpda2,Gnpda2,symbol
Guf1,Guf1,symbol
Yipf7,Yipf7,symbol
LOC120096807,LOC120096807,symbol
Kctd8,Kctd8,symbol
AABR07015531.1,AABR07015531.1,symbol
ENSRNOG00000065282,,ensembl
ENSRNOG00000067037,,ensembl
AABR07015525.1,AABR07015525.1,symbol
LOC120096811,LOC120096811,symbol
Rtraf-ps2,Rtraf-ps2,symbol
LOC120096796,LOC120096796,symbol
ENSRNOG00000070341,,ensembl
Grxcr1,Grxcr1,symbol
Atp8a1,Atp8a1,symbol
Shisa3,Shisa3,symbol
ENSRNOG00000064135,,ensembl
ENSRNOG00000067394,,ensembl
Bend4,Bend4,symbol
ENSRNOG00000062367,,ensembl
Slc30a9,Slc30a9,symbol
Tmem33,Tmem33,symbol
Phox2b,Phox2b,symbol
ENSRNOG00000065993,,ensembl
Limch1,Limch1,symbol
LOC120096849,LOC120096849,symbol
Uchl1,Uchl1,symbol
LOC120096871,LOC120096871,symbol
Apbb2,Apbb2,symbol
Nsun7,Nsun7,symbol
LOC120096757,LOC120096757,symbol
AABR07072400.1,AABR07072400.1,symbol
AABR07072400.2,AABR07072400.2,symbol
ENSRNOG00000068052,LOC120096606,ensembl
ENSRNOG00000063179,,ensembl
Rbm47,Rbm47,symbol
Chrna9,Chrna9,symbol
Rhoh,Rhoh,symbol
N4bp2,N4bp2,symbol
ENSRNOG00000068954,,ensembl
Pds5a,Pds5a,symbol
LOC120096749,LOC120096749,symbol
LOC680579,LOC680579,symbol
ENSRNOG00000065960,,ensembl
Ube2k,Ube2k,symbol
LOC100362751,LOC100362751,symbol
ENSRNOG00000069188,,ensembl
Smim14,Smim14,symbol
Ugdh,Ugdh,symbol
Lias,Lias,symbol
Rpl9-ps30,Rpl9-ps30,symbol
Klb,Klb,symbol
Rfc1,Rfc1,symbol
LOC120096833,LOC120096833,symbol
Wdr19,Wdr19,symbol
AC109707.1,AC109707.1,symbol
LOC100910864,LOC100910864,symbol
Klhl5,Klhl5,symbol
ENSRNOG00000068536,,ensembl
ENSRNOG00000066736,,ensembl
AABR07015007.1,AABR07015007.1,symbol
Tmem156,Tmem156,symbol
Fam114a1,Fam114a1,symbol
ENSRNOG00000066772,,ensembl
Tlr6,Tlr6,symbol
Tlr1,Tlr1,symbol
Tlr10,Tlr10,symbol
Klf3,Klf3,symbol
LOC120096746,LOC120096746,symbol
Mir328b,Mir328b,symbol
AABR07014177.1,AABR07014177.1,symbol
Tbc1d1,Tbc1d1,symbol
LOC120096822,LOC120096822,symbol
Pgm2,Pgm2,symbol
LOC120096845,LOC120096845,symbol
LOC120096800,LOC120096800,symbol
ENSRNOG00000063344,,ensembl
Rell1,Rell1,symbol
LOC498368,LOC498368,symbol
Nwd2,Nwd2,symbol
LOC120096844,LOC120096844,symbol
ENSRNOG00000067807,,ensembl
Slc25a52,Slc25a52,symbol
ENSRNOG00000062676,,ensembl
LOC120096759,LOC120096759,symbol
AABR07015180.1,AABR07015180.1,symbol
Wdr82-ps1,Wdr82-ps1,symbol
LOC120096870,LOC120096870,symbol
ENSRNOG00000064890,,ensembl
Arap2,Arap2,symbol
LOC120096846,LOC120096846,symbol
LOC120096816,LOC120096816,symbol
ENSRNOG00000065472,,ensembl
Metazoa_SRP,Metazoa_SRP,symbol
LOC108348204,LOC108348204,symbol
LOC120096826,LOC120096826,symbol
LOC120096754,LOC120096754,symbol
LOC120096872,LOC120096872,symbol
ENSRNOG00000065159,,ensembl
AABR07015346.1,AABR07015346.1,symbol
ENSRNOG00000067336,C1galt1c1-ps1,ensembl
Pcdh7,Pcdh7,symbol
Pcdh7,Pcdh7,symbol
LOC120096829,LOC120096829,symbol
LOC120096827,LOC120096827,symbol
LOC120096848,LOC120096848,symbol
LOC120096855,LOC120096855,symbol
LOC120096851,LOC120096851,symbol
ENSRNOG00000070238,,ensembl
LOC120096738,LOC120096738,symbol
ENSRNOG00000067114,,ensembl
ENSRNOG00000064290,,ensembl
Stim2,Stim2,symbol
LOC120096843,LOC120096843,symbol
Tbc1d19,Tbc1d19,symbol
Cckar,Cckar,symbol
Rbpj,Rbpj,symbol
LOC100361259,LOC100361259,symbol
AABR07015507.1,AABR07015507.1,symbol
Sel1l3,Sel1l3,symbol
Slc34a2,Slc34a2,symbol
Anapc4,Anapc4,symbol
Zcchc4,Zcchc4,symbol
Pi4k2b,Pi4k2b,symbol
Sepsecs,Sepsecs,symbol
Lgi2,Lgi2,symbol
Ccdc149,Ccdc149,symbol
ENSRNOG00000064588,,ensembl
Sod3,Sod3,symbol
LOC120096780,LOC120096780,symbol
Dhx15,Dhx15,symbol
Ppargc1a,Ppargc1a,symbol
ENSRNOG00000067137,,ensembl
AABR07015559.1,AABR07015559.1,symbol
Hmgn1-ps6,Hmgn1-ps6,symbol
LOC120096850,LOC120096850,symbol
Gba3,Gba3,symbol
Adgra3,Adgra3,symbol
Ifitm3-ps1,Ifitm3-ps1,symbol
Kcnip4,Kcnip4,symbol
Pacrgl,Pacrgl,symbol
Slit2,Slit2,symbol
Mir218-1,Mir218-1,symbol
ENSRNOG00000068270,,ensembl
LOC120096771,LOC120096771,symbol
LOC120096764,LOC120096764,symbol
Lcorl,Lcorl,symbol
Ncapg,Ncapg,symbol
Fam184b,Fam184b,symbol
Med28,Med28,symbol
Lap3,Lap3,symbol
Clrn2,Clrn2,symbol
Qdpr,Qdpr,symbol
ENSRNOG00000069412,,ensembl
Ldb2,Ldb2,symbol
ENSRNOG00000067991,,ensembl
LOC102552900,LOC102552900,symbol
Tapt1,Tapt1,symbol
ENSRNOG00000064666,,ensembl
LOC120096765,LOC120096765,symbol
Prom1,Prom1,symbol
Fgfbp1,Fgfbp1,symbol
Apex2l1,Apex2l1,symbol
Cd38,Cd38,symbol
Bst1,Bst1,symbol
Fbxl5,Fbxl5,symbol
Cc2d2a,Cc2d2a,symbol
C1qtnf7,C1qtnf7,symbol
Isca2-ps1,Isca2-ps1,symbol
Cpeb2,Cpeb2,symbol
ENSRNOG00000064981,,ensembl
LOC103693082,LOC103693082,symbol
Rab5al1,Rab5al1,symbol
Rps11-ps1,Rps11-ps1,symbol
RGD1561694,RGD1561694,symbol
LOC108352768,LOC108352768,symbol
Bod1l1,Bod1l1,symbol
Nkx3-2,Nkx3-2,symbol
Rab28,Rab28,symbol
ENSRNOG00000070153,,ensembl
AABR07015759.1,AABR07015759.1,symbol
LOC120096847,LOC120096847,symbol
LOC120096798,LOC120096798,symbol
LOC120096742,LOC120096742,symbol
Hs3st1,Hs3st1,symbol
LOC120096805,LOC120096805,symbol
Clnk,Clnk,symbol
LOC120096873,LOC120096873,symbol
ENSRNOG00000065386,,ensembl
LOC120096758,LOC120096758,symbol
Zfp518b,Zfp518b,symbol
ENSRNOG00000063159,,ensembl
ENSRNOG00000066030,,ensembl
Wdr1,Wdr1,symbol
Slc2a9,Slc2a9,symbol
Drd5,Drd5,symbol
Otop1,Otop1,symbol
Tmem128,Tmem128,symbol
Lyar,Lyar,symbol
Zbtb49,Zbtb49,symbol
Nsg1,Nsg1,symbol
Stx18,Stx18,symbol
Msx1,Msx1,symbol
Cytl1,Cytl1,symbol
Stk32b,Stk32b,symbol
LOC120096808,LOC120096808,symbol
Evc2,Evc2,symbol
Evc,Evc,symbol
Crmp1,Crmp1,symbol
Glo1-ps1,Glo1-ps1,symbol
C14h4orf50,C14h4orf50,symbol
Jakmip1,Jakmip1,symbol
LOC120096861,LOC120096861,symbol
Wfs1,Wfs1,symbol
Ppp2r2c,Ppp2r2c,symbol
Man2b2,Man2b2,symbol
ENSRNOG00000068182,,ensembl
Bloc1s4,Bloc1s4,symbol
LOC680039,LOC680039,symbol
LOC120096818,LOC120096818,symbol
Tbc1d14,Tbc1d14,symbol
ENSRNOG00000062938,,ensembl
Ccdc96,Ccdc96,symbol
Tada2b,Tada2b,symbol
Grpel1,Grpel1,symbol
ENSRNOG00000070648,,ensembl
Sorcs2,Sorcs2,symbol
AABR07015838.2,AABR07015838.2,symbol
Psapl1,Psapl1,symbol
Afap1,Afap1,symbol
Ablim2,Ablim2,symbol
ENSRNOG00000067297,,ensembl
Sh3tc1,Sh3tc1,symbol
Htra3,Htra3,symbol
Acox3,Acox3,symbol
Trmt44,Trmt44,symbol
Cpz,Cpz,symbol
Hmx1,Hmx1,symbol
Adra2c,Adra2c,symbol
Lrpap1,Lrpap1,symbol
Dok7,Dok7,symbol
Hgfac,Hgfac,symbol
Rgs12,Rgs12,symbol
LOC108352780,LOC108352780,symbol
ENSRNOG00000064050,,ensembl
Msantd1,Msantd1,symbol
Htt,Htt,symbol
Grk4,Grk4,symbol
Nop14,Nop14,symbol
Mfsd10,Mfsd10,symbol
Add1,Add1,symbol
ENSRNOG00000063198,,ensembl
Sh3bp2,Sh3bp2,symbol
LOC120096774,LOC120096774,symbol
Tnip2,Tnip2,symbol
Fam193a,Fam193a,symbol
LOC120096838,LOC120096838,symbol
Rnf4,Rnf4,symbol
Cfap99,Cfap99,symbol
Zfyve28,Zfyve28,symbol
Mxd4,Mxd4,symbol
LOC120096643,LOC120096643,symbol
Poln,Poln,symbol
Nat8l,Nat8l,symbol
RGD1560394,RGD1560394,symbol
Nelfa,Nelfa,symbol
Nsd2,Nsd2,symbol
Letm1,Letm1,symbol
Fgfr3,Fgfr3,symbol
LOC120096748,LOC120096748,symbol
Tacc3,Tacc3,symbol
LOC120096793,LOC120096793,symbol
Tmem129,Tmem129,symbol
Slbp,Slbp,symbol
ENSRNOG00000070621,,ensembl
Fam53a,Fam53a,symbol
Nkx1-1,Nkx1-1,symbol
Uvssa,Uvssa,symbol
Maea,Maea,symbol
Ctbp1,Ctbp1,symbol
Spon2,Spon2,symbol
Slc5a1,Slc5a1,symbol
LOC120096797,LOC120096797,symbol
Ywhah,Ywhah,symbol
Depdc5,Depdc5,symbol
LOC120096762,LOC120096762,symbol
LOC100361879,LOC100361879,symbol
Prr14l,Prr14l,symbol
Pisd,Pisd,symbol
Sfi1,Sfi1,symbol
ENSRNOG00000070093,,ensembl
Eif4enif1,Eif4enif1,symbol
Drg1,Drg1,symbol
Patz1,Patz1,symbol
LOC120096766,LOC120096766,symbol
Pik3ip1,Pik3ip1,symbol
Limk2,Limk2,symbol
Rnf185,Rnf185,symbol
ENSRNOG00000064182,,ensembl
Pla2g3,Pla2g3,symbol
Inpp5j,Inpp5j,symbol
Selenom,Selenom,symbol
Smtn,Smtn,symbol
ENSRNOG00000068460,,ensembl
ENSRNOG00000063484,,ensembl
Tug1,Tug1,symbol
Morc2,Morc2,symbol
Tug1,Tug1,symbol
Osbp2,Osbp2,symbol
LOC120096813,LOC120096813,symbol
AABR07015889.1,AABR07015889.1,symbol
C14h5orf52,C14h5orf52,symbol
Dusp18,Dusp18,symbol
Slc35e4,Slc35e4,symbol
Tcn2,Tcn2,symbol
Pes1,Pes1,symbol
Gal3st1,Gal3st1,symbol
Sec14l3,Sec14l3,symbol
Mtfp1,Mtfp1,symbol
Sec14l2,Sec14l2,symbol
Rnf215,Rnf215,symbol
Ccdc157,Ccdc157,symbol
Sf3a1,Sf3a1,symbol
Tbc1d10a,Tbc1d10a,symbol
Castor1,Castor1,symbol
Osm,Osm,symbol
Lif,Lif,symbol
LOC120096858,LOC120096858,symbol
Hormad2,Hormad2,symbol
LOC120096841,LOC120096841,symbol
Mtmr3,Mtmr3,symbol
Ascc2,Ascc2,symbol
Uqcr10,Uqcr10,symbol
Zmat5,Zmat5,symbol
Cabp7,Cabp7,symbol
ENSRNOG00000069582,,ensembl
Nf2,Nf2,symbol
Nipsnap1,Nipsnap1,symbol
Thoc5,Thoc5,symbol
LOC120096770,LOC120096770,symbol
LOC120096769,LOC120096769,symbol
LOC120096767,LOC120096767,symbol
LOC120096768,LOC120096768,symbol
Nefh,Nefh,symbol
Ap1b1,Ap1b1,symbol
LOC120096836,LOC120096836,symbol
Gas2l1,Gas2l1,symbol
Rasl10a,Rasl10a,symbol
Ewsr1,Ewsr1,symbol
Rhbdd3,Rhbdd3,symbol
Emid1,Emid1,symbol
Kremen1,Kremen1,symbol
Znrf3,Znrf3,symbol
Xbp1,Xbp1,symbol
Ccdc117,Ccdc117,symbol
LOC120096814,LOC120096814,symbol
Frg2,Frg2,symbol
Ankrd36,Ankrd36,symbol
AC136588.2,AC136588.2,symbol
ENSRNOG00000069799,,ensembl
Mrps24,Mrps24,symbol
Urgcp,Urgcp,symbol
Dbnl,Dbnl,symbol
Pgam2,Pgam2,symbol
LOC120096651,LOC120096651,symbol
Polm,Polm,symbol
Aebp1,Aebp1,symbol
Pold2,Pold2,symbol
Myl7,Myl7,symbol
Gck,Gck,symbol
Ykt6,Ykt6,symbol
Camk2b,Camk2b,symbol
Nudcd3,Nudcd3,symbol
ENSRNOG00000062321,,ensembl
Npc1l1,Npc1l1,symbol
ENSRNOG00000068765,,ensembl
Ddx56,Ddx56,symbol
Tmed4,Tmed4,symbol
LOC120096751,LOC120096751,symbol
Ogdh,Ogdh,symbol
LOC120096860,LOC120096860,symbol
ENSRNOG00000064766,,ensembl
Zmiz2,Zmiz2,symbol
Ppia,Ppia,symbol
LOC120096792,LOC120096792,symbol
H2az2,H2az2,symbol
SNORA73,SNORA73,symbol
AC106663.1,AC106663.1,symbol
Purb,Purb,symbol
ENSRNOG00000062895,Purb,ensembl
LOC100360491,LOC100360491,symbol
Myo1g,Myo1g,symbol
LOC102547700,LOC102547700,symbol
LOC120096790,LOC120096790,symbol
Ccm2,Ccm2,symbol
Nacad,Nacad,symbol
Tbrg4,Tbrg4,symbol
LOC120096784,LOC120096784,symbol
Snora5c,Snora5c,symbol
Wap,Wap,symbol
Ramp3,Ramp3,symbol
AABR07015941.1,AABR07015941.1,symbol
LOC120096856,LOC120096856,symbol
Eif6-ps1,Eif6-ps1,symbol
Adcy1,Adcy1,symbol
Ccdc201,Ccdc201,symbol
Igfbp1,Igfbp1,symbol
Igfbp3,Igfbp3,symbol
ENSRNOG00000071196,,ensembl
LOC686087,LOC686087,symbol
LOC120096773,LOC120096773,symbol
LOC120096775,LOC120096775,symbol
Tns3,Tns3,symbol
LOC120096659,LOC120096659,symbol
ENSRNOG00000070797,,ensembl
ENSRNOG00000069051,,ensembl
Pkd1l1,Pkd1l1,symbol
Hus1,Hus1,symbol
Sun3,Sun3,symbol
LOC688553,LOC688553,symbol
Upp1,Upp1,symbol
Abca13,Abca13,symbol
ENSRNOG00000067374,,ensembl
LOC685655,LOC685655,symbol
LOC498414,LOC498414,symbol
Vwc2,Vwc2,symbol
ENSRNOG00000067460,,ensembl
Zpbp,Zpbp,symbol
LOC120096788,LOC120096788,symbol
Spata48,Spata48,symbol
Ikzf1,Ikzf1,symbol
Fignl1,Fignl1,symbol
Ddc,Ddc,symbol
Grb10,Grb10,symbol
LOC120096785,LOC120096785,symbol
Cobl,Cobl,symbol
LOC120096821,LOC120096821,symbol
LOC120096840,LOC120096840,symbol
ENSRNOG00000070125,,ensembl
LOC100361025,LOC100361025,symbol
LOC120096740,LOC120096740,symbol
Pom121l12,Pom121l12,symbol
LOC120096789,LOC120096789,symbol
Vstm2a,Vstm2a,symbol
Sec61g,Sec61g,symbol
Egfr,Egfr,symbol
Fbxo48,Fbxo48,symbol
Plek,Plek,symbol
Cnrip1,Cnrip1,symbol
Ppp3r1,Ppp3r1,symbol
Pno1,Pno1,symbol
Dnaaf10,Dnaaf10,symbol
C1d,C1d,symbol
Hnrnpk-ps1,Hnrnpk-ps1,symbol
LOC120096862,LOC120096862,symbol
Etaa1l1,Etaa1l1,symbol
Meis1,Meis1,symbol
Spred2,Spred2,symbol
Actr2,Actr2,symbol
LOC120096761,LOC120096761,symbol
AABR07016566.1,AABR07016566.1,symbol
ENSRNOG00000070133,,ensembl
Rpl38,Rpl38,symbol
Rab1a,Rab1a,symbol
Cep68,Cep68,symbol
Slc1a4,Slc1a4,symbol
LOC108352807,LOC108352807,symbol
ENSRNOG00000066624,,ensembl
Sertad2,Sertad2,symbol
Aftph,Aftph,symbol
LOC108352861,LOC108352861,symbol
Lgalsl,Lgalsl,symbol
LOC108352809,LOC108352809,symbol
Peli1,Peli1,symbol
ENSRNOG00000066365,,ensembl
Vps54,Vps54,symbol
LOC120096820,LOC120096820,symbol
Ugp2,Ugp2,symbol
ENSRNOG00000062603,,ensembl
Mdh1,Mdh1,symbol
Wdpcp,Wdpcp,symbol
LOC120093047,LOC120093047,symbol
ENSRNOG00000065408,,ensembl
Otx1,Otx1,symbol
Ehbp1,Ehbp1,symbol
ENSRNOG00000063408,,ensembl
Tmem17,Tmem17,symbol
AABR07016623.1,AABR07016623.1,symbol
LOC100361636,LOC100361636,symbol
LOC120096691,LOC120096691,symbol
ENSRNOG00000063433,,ensembl
ENSRNOG00000068177,,ensembl
B3gnt2,B3gnt2,symbol
Commd1,Commd1,symbol
Zrsr2-ps1,Zrsr2-ps1,symbol
ENSRNOG00000070162,,ensembl
Cct4,Cct4,symbol
ENSRNOG00000064219,,ensembl
Fam161a,Fam161a,symbol
LOC120096825,LOC120096825,symbol
ENSRNOG00000070779,,ensembl
ENSRNOG00000063702,,ensembl
Xpo1,Xpo1,symbol
ENSRNOG00000067267,,ensembl
Usp34,Usp34,symbol
LOC108352814,LOC108352814,symbol
Ahsa2,Ahsa2,symbol
C14h2orf74,C14h2orf74,symbol
Sanbr,Sanbr,symbol
ENSRNOG00000062465,,ensembl
Pex13,Pex13,symbol
Pus10,Pus10,symbol
ENSRNOG00000070904,,ensembl
Rel,Rel,symbol
LOC120096839,LOC120096839,symbol
Papolg,Papolg,symbol
AABR07016640.3,AABR07016640.3,symbol
ENSRNOG00000066359,,ensembl
Bcl11a,Bcl11a,symbol
LOC120096804,LOC120096804,symbol
ENSRNOG00000062888,,ensembl
ENSRNOG00000063994,,ensembl
ENSRNOG00000065907,,ensembl
ENSRNOG00000063209,,ensembl
LOC120096763,LOC120096763,symbol
Fancl,Fancl,symbol
Vrk2,Vrk2,symbol
ENSRNOG00000065699,,ensembl
LOC120096824,LOC120096824,symbol
ENSRNOG00000064097,,ensembl
RNaseP_nuc,RNaseP_nuc,symbol
LOC108352818,LOC108352818,symbol
Ccdc85a,Ccdc85a,symbol
LOC120096863,LOC120096863,symbol
Mir216b,Mir216b,symbol
Mir216a,Mir216a,symbol
Mir217,Mir217,symbol
LOC120096817,LOC120096817,symbol
Efemp1,Efemp1,symbol
LOC120096801,LOC120096801,symbol
Pnpt1,Pnpt1,symbol
Ppp4r3b,Ppp4r3b,symbol
Cfap36,Cfap36,symbol
Ccdc88a,Ccdc88a,symbol
Prorsd1,Prorsd1,symbol
Mtif2,Mtif2,symbol
Rps27a,Rps27a,symbol
Clhc1,Clhc1,symbol
Ndufs5-ps1,Ndufs5-ps1,symbol
Rtn4,Rtn4,symbol
Eml6,Eml6,symbol
Sptbn1,Sptbn1,symbol
LOC120096869,LOC120096869,symbol
C14h2orf73,C14h2orf73,symbol
Acyp2,Acyp2,symbol
AABR07016805.1,AABR07016805.1,symbol
Psme4,Psme4,symbol
Asb3,Asb3,symbol
Gpr75,Gpr75,symbol
Erlec1,Erlec1,symbol
Chac2,Chac2,symbol
ENSRNOG00000066757,,ensembl
LOC120096713,LOC120096713,symbol
ENSRNOG00000063895,LOC100910895,ensembl
Dlg5,Dlg5,symbol
ENSRNOG00000066594,,ensembl
ENSRNOG00000067118,,ensembl
ENSRNOG00000068308,,ensembl
ENSRNOG00000062863,,ensembl
Kcnma1,Kcnma1,symbol
LOC120097301,LOC120097301,symbol
ENSRNOG00000069647,,ensembl
Lrmda,Lrmda,symbol
ENSRNOG00000065677,,ensembl
LOC120097295,LOC120097295,symbol
Zfp503,Zfp503,symbol
Comtd1,Comtd1,symbol
Vdac2,Vdac2,symbol
Samd8,Samd8,symbol
Samd8,Samd8,symbol
LOC108348213,LOC108348213,symbol
Dusp29,Dusp29,symbol
Kat6b,Kat6b,symbol
LOC120097201,LOC120097201,symbol
Adk,Adk,symbol
Ap3m1,Ap3m1,symbol
Vcl,Vcl,symbol
ENSRNOG00000068959,,ensembl
ENSRNOG00000069849,,ensembl
Plau,Plau,symbol
ENSRNOG00000062626,,ensembl
Camk2g,Camk2g,symbol
Ndst2,Ndst2,symbol
Zswim8,Zswim8,symbol
Chchd1,Chchd1,symbol
LOC120097193,LOC120097193,symbol
Fut11,Fut11,symbol
Sec24c,Sec24c,symbol
LOC120097226,LOC120097226,symbol
LOC120097227,LOC120097227,symbol
Synpo2l,Synpo2l,symbol
Myoz1,Myoz1,symbol
Usp54,Usp54,symbol
AC127920.1,AC127920.1,symbol
LOC120097214,LOC120097214,symbol
Ppp3cb,Ppp3cb,symbol
Mss51,Mss51,symbol
Anxa7,Anxa7,symbol
Cfap70,Cfap70,symbol
Mrps16,Mrps16,symbol
Dnajc9,Dnajc9,symbol
Fam149b1,Fam149b1,symbol
Ecd,Ecd,symbol
Nudt13,Nudt13,symbol
Kcnk16,Kcnk16,symbol
LOC120097210,LOC120097210,symbol
Kcnk5,Kcnk5,symbol
ENSRNOG00000070657,,ensembl
Gng2,Gng2,symbol
ENSRNOG00000064640,,ensembl
ENSRNOG00000063503,,ensembl
ENSRNOG00000069993,,ensembl
ENSRNOG00000065455,,ensembl
ENSRNOG00000068227,,ensembl
Rtraf,Rtraf,symbol
Nid2,Nid2,symbol
LOC102550466,LOC102550466,symbol
Spetex-2G,Spetex-2G,symbol
LOC120096906,LOC120096906,symbol
LOC102547212,LOC102547212,symbol
Spetex-2E,Spetex-2E,symbol
ENSRNOG00000071095,LOC134481917,ensembl
Spetex-2F,Spetex-2F,symbol
ENSRNOG00000070692,LOC102547212,ensembl
ENSRNOG00000071188,,ensembl
LOC120097220,LOC120097220,symbol
Zfp385d,Zfp385d,symbol
ENSRNOG00000064483,,ensembl
LOC120097262,LOC120097262,symbol
Ube2e2,Ube2e2,symbol
LOC120097263,LOC120097263,symbol
Metazoa_SRP,Metazoa_SRP,symbol
LOC120097245,LOC120097245,symbol
Ube2e1,Ube2e1,symbol
ENSRNOG00000064141,LOC134482080,ensembl
Nkiras1,Nkiras1,symbol
Rpl15,Rpl15,symbol
Nr1d2,Nr1d2,symbol
Thrb,Thrb,symbol
ENSRNOG00000064871,,ensembl
ENSRNOG00000069181,,ensembl
ENSRNOG00000064094,,ensembl
ENSRNOG00000070936,,ensembl
Rarb,Rarb,symbol
Top2b,Top2b,symbol
Ngly1,Ngly1,symbol
ENSRNOG00000066005,,ensembl
Oxsm,Oxsm,symbol
LOC120097274,LOC120097274,symbol
LOC120097233,LOC120097233,symbol
LOC108352885,LOC108352885,symbol
Lrrc3b,Lrrc3b,symbol
ENSRNOG00000067381,,ensembl
Nek10,Nek10,symbol
Tcea1l1,Tcea1l1,symbol
ENSRNOG00000068383,,ensembl
Slc4a7,Slc4a7,symbol
LOC120097272,LOC120097272,symbol
Or2t35,Or2t35,symbol
LOC120097215,LOC120097215,symbol
Or2t1,Or2t1,symbol
Or2t6,Or2t6,symbol
Psmd6,Psmd6,symbol
Atxn7,Atxn7,symbol
LOC120097304,LOC120097304,symbol
Thoc7,Thoc7,symbol
LOC102550375,LOC102550375,symbol
RGD1565725,RGD1565725,symbol
LOC120097202,LOC120097202,symbol
LOC100910341,LOC100910341,symbol
Sntn,Sntn,symbol
LOC120097235,LOC120097235,symbol
Synpr,Synpr,symbol
ENSRNOG00000068103,,ensembl
LOC120097249,LOC120097249,symbol
Cadps,Cadps,symbol
Fezf2,Fezf2,symbol
LOC120097240,LOC120097240,symbol
RGD1306063,RGD1306063,symbol
LOC103693281,LOC103693281,symbol
Ptprg,Ptprg,symbol
LOC120097238,LOC120097238,symbol
Tpt1-ps2,Tpt1-ps2,symbol
Fhit,Fhit,symbol
LOC120097307,LOC120097307,symbol
Cfap20dc,Cfap20dc,symbol
LOC120097253,LOC120097253,symbol
ENSRNOG00000070952,,ensembl
Fam3d,Fam3d,symbol
Fam107a,Fam107a,symbol
ENSRNOG00000070014,,ensembl
Acox2,Acox2,symbol
Kctd6,Kctd6,symbol
ENSRNOG00000028821,,ensembl
AABR07072440.1,AABR07072440.1,symbol
Pdhb,Pdhb,symbol
Pxk,Pxk,symbol
Rpp14,Rpp14,symbol
Rpp14,Rpp14,symbol
Abhd6,Abhd6,symbol
Dnase1l3,Dnase1l3,symbol
LOC108353015,LOC108353015,symbol
Flnb,Flnb,symbol
AABR07017236.1,AABR07017236.1,symbol
AABR07017236.2,AABR07017236.2,symbol
ENSRNOG00000063234,,ensembl
ENSRNOG00000066389,,ensembl
ENSRNOG00000069355,,ensembl
LOC100363427,LOC100363427,symbol
Ptgdr,Ptgdr,symbol
ENSRNOG00000070413,,ensembl
LOC120096939,LOC120096939,symbol
LOC120093160,LOC120093160,symbol
LOC108352875,LOC108352875,symbol
ENSRNOG00000070830,,ensembl
LOC120096935,LOC120096935,symbol
LOC120096936,LOC120096936,symbol
LOC108349347,LOC108349347,symbol
LOC102554774,LOC102554774,symbol
LOC108348194,LOC108348194,symbol
Spetex-2F,Spetex-2F,symbol
LOC102550314,LOC102550314,symbol
LOC102550211,LOC102550211,symbol
LOC120093102,LOC120093102,symbol
LOC120093102,LOC120093102,symbol
LOC120096939,LOC120096939,symbol
LOC103693798,LOC103693798,symbol
LOC120096938,LOC120096938,symbol
LOC120093162,LOC120093162,symbol
LOC498465,LOC498465,symbol
LOC120096940,LOC120096940,symbol
AABR07017241.1,AABR07017241.1,symbol
ENSRNOG00000065866,,ensembl
ENSRNOG00000071137,,ensembl
AABR07017227.1,AABR07017227.1,symbol
ENSRNOG00000066578,,ensembl
Ptger2,Ptger2,symbol
AABR07017250.1,AABR07017250.1,symbol
Txndc16,Txndc16,symbol
Gpr137c,Gpr137c,symbol
ENSRNOG00000031251,,ensembl
Ero1a,Ero1a,symbol
Psmc6,Psmc6,symbol
Styx,Styx,symbol
ENSRNOG00000065797,Styx,ensembl
Gnpnat1,Gnpnat1,symbol
Fermt2,Fermt2,symbol
LOC120097298,LOC120097298,symbol
LOC108353033,LOC108353033,symbol
Ddhd1,Ddhd1,symbol
LOC120097288,LOC120097288,symbol
LOC120097285,LOC120097285,symbol
ENSRNOG00000070556,,ensembl
Bmp4,Bmp4,symbol
LOC102548186,LOC102548186,symbol
Cdkn3,Cdkn3,symbol
Cnih1,Cnih1,symbol
Gmfb,Gmfb,symbol
Cgrrf1,Cgrrf1,symbol
Rpl39-ps12,Rpl39-ps12,symbol
Samd4a,Samd4a,symbol
ENSRNOG00000070489,,ensembl
Gch1,Gch1,symbol
Wdhd1,Wdhd1,symbol
LOC120097314,LOC120097314,symbol
Socs4,Socs4,symbol
Mapk1ip1l,Mapk1ip1l,symbol
Lgals3,Lgals3,symbol
Dlgap5,Dlgap5,symbol
Fbxo34,Fbxo34,symbol
LOC120097199,LOC120097199,symbol
Atg14,Atg14,symbol
Ktn1,Ktn1,symbol
LOC120097197,LOC120097197,symbol
LOC120097192,LOC120097192,symbol
LOC120097291,LOC120097291,symbol
Peli2,Peli2,symbol
Tmem260,Tmem260,symbol
LOC120097203,LOC120097203,symbol
Otx2,Otx2,symbol
ENSRNOG00000064428,,ensembl
LOC120097200,LOC120097200,symbol
Exoc5,Exoc5,symbol
Ap5m1,Ap5m1,symbol
ENSRNOG00000065144,,ensembl
Naa30,Naa30,symbol
Ccdc198,Ccdc198,symbol
Slc35f4,Slc35f4,symbol
ENSRNOG00000067796,,ensembl
Armh4,Armh4,symbol
Or4n5,Or4n5,symbol
Or4l1,Or4l1,symbol
Or4k15c,Or4k15c,symbol
Or4k15,Or4k15,symbol
LOC100366095,LOC100366095,symbol
Or4k1,Or4k1,symbol
Or4k5,Or4k5,symbol
Or4k2,Or4k2,symbol
Or4k6,Or4k6,symbol
Or4n4,Or4n4,symbol
Or4n4,Or4n4,symbol
Or4m1,Or4m1,symbol
AC122990.1,AC122990.1,symbol
Tlr11,Tlr11,symbol
Or11j4,Or11j4,symbol
Or11g1,Or11g1,symbol
Or11g24,Or11g24,symbol
Or11g26b,Or11g26b,symbol
Or11g26,Or11g26,symbol
Or11g27,Or11g27,symbol
Or11g2,Or11g2,symbol
RGD1562558,RGD1562558,symbol
Or11h6,Or11h6,symbol
Or11h23b,Or11h23b,symbol
Olr1623-ps,Olr1623-ps,symbol
Or11h4c,Or11h4c,symbol
Or11h4d,Or11h4d,symbol
Olr1633,Olr1633,symbol
Or11h4,Or11h4,symbol
Ttc5,Ttc5,symbol
Ccnb1ip1,Ccnb1ip1,symbol
LOC120097276,LOC120097276,symbol
Rpph1,Rpph1,symbol
Parp2,Parp2,symbol
Tep1,Tep1,symbol
Klhl33,Klhl33,symbol
ENSRNOG00000063639,,ensembl
Osgep,Osgep,symbol
LOC120097204,LOC120097204,symbol
Apex1,Apex1,symbol
Pip4p1,Pip4p1,symbol
Pnp,Pnp,symbol
Rnase10,Rnase10,symbol
ENSRNOG00000070633,,ensembl
Rnase9,Rnase9,symbol
Rnase11,Rnase11,symbol
Rnase12,Rnase12,symbol
Or6s1,Or6s1,symbol
Rnase4,Rnase4,symbol
LOC108352909,LOC108352909,symbol
Rnase1l1,Rnase1l1,symbol
Eddm3b,Eddm3b,symbol
Rnase6,Rnase6,symbol
Rnase1,Rnase1,symbol
LOC103693823,LOC103693823,symbol
ENSRNOG00000065141,,ensembl
Ang2,Ang2,symbol
ENSRNOG00000063200,,ensembl
Rnase1l2,Rnase1l2,symbol
Rnase2,Rnase2,symbol
ENSRNOG00000066240,,ensembl
Snora84,Snora84,symbol
LOC100361814,LOC100361814,symbol
Rnase17,Rnase17,symbol
Rnase3,Rnase3,symbol
LOC100361866,LOC100361866,symbol
ENSRNOG00000069429,,ensembl
Ear1,Ear1,symbol
Mettl17,Mettl17,symbol
Slc39a2,Slc39a2,symbol
Ndrg2,Ndrg2,symbol
Tppp2,Tppp2,symbol
Rnase13,Rnase13,symbol
Snrpc-ps7,Snrpc-ps7,symbol
Arhgef40,Arhgef40,symbol
Zfp219,Zfp219,symbol
Tmem253,Tmem253,symbol
LOC690384,LOC690384,symbol
Or5au1,Or5au1,symbol
LOC100911576,LOC100911576,symbol
Rpgrip1,Rpgrip1,symbol
Supt16h,Supt16h,symbol
Chd8,Chd8,symbol
Snord8,Snord8,symbol
Rab2b,Rab2b,symbol
LOC120097299,LOC120097299,symbol
Snora72,Snora72,symbol
Tox4,Tox4,symbol
Mettl3,Mettl3,symbol
Sall2,Sall2,symbol
Or10g3c,Or10g3c,symbol
ENSRNOG00000063800,Rps19-ps4,ensembl
Or10g3,Or10g3,symbol
Or10g1b,Or10g1b,symbol
Or10g1,Or10g1,symbol
Or4e2,Or4e2,symbol
Or4e1,Or4e1,symbol
Or4e5,Or4e5,symbol
Trav2,Trav2,symbol
ENSRNOG00000069821,,ensembl
ENSRNOG00000067852,,ensembl
ENSRNOG00000065822,,ensembl
ENSRNOG00000066599,,ensembl
Trav6-2,Trav6-2,symbol
ENSRNOG00000064504,,ensembl
ENSRNOG00000064194,,ensembl
ENSRNOG00000063334,,ensembl
ENSRNOG00000066711,,ensembl
Trav12-3,Trav12-3,symbol
ENSRNOG00000063931,,ensembl
ENSRNOG00000067301,,ensembl
ENSRNOG00000063430,,ensembl
ENSRNOG00000065395,,ensembl
ENSRNOG00000067669,,ensembl
ENSRNOG00000067709,,ensembl
ENSRNOG00000068543,,ensembl
AABR07017639.2,AABR07017639.2,symbol
ENSRNOG00000070979,,ensembl
ENSRNOG00000068831,,ensembl
ENSRNOG00000065703,,ensembl
ENSRNOG00000065367,,ensembl
ENSRNOG00000064677,,ensembl
ENSRNOG00000065860,,ensembl
AABR07017745.3,AABR07017745.3,symbol
Travl-ps1,Travl-ps1,symbol
ENSRNOG00000063204,,ensembl
ENSRNOG00000068772,,ensembl
ENSRNOG00000066775,,ensembl
ENSRNOG00000068941,,ensembl
LOC100363055,LOC100363055,symbol
AABR07017733.1,AABR07017733.1,symbol
ENSRNOG00000063938,,ensembl
ENSRNOG00000062910,,ensembl
ENSRNOG00000067050,,ensembl
ENSRNOG00000069606,,ensembl
ENSRNOG00000065955,,ensembl
ENSRNOG00000066524,,ensembl
ENSRNOG00000066720,,ensembl
ENSRNOG00000063695,,ensembl
ENSRNOG00000070366,,ensembl
ENSRNOG00000063949,,ensembl
LOC120097283,LOC120097283,symbol
ENSRNOG00000063134,,ensembl
ENSRNOG00000065815,,ensembl
ENSRNOG00000064531,,ensembl
AABR07017874.1,AABR07017874.1,symbol
ENSRNOG00000063168,LOC134482095,ensembl
ENSRNOG00000067749,,ensembl
ENSRNOG00000067066,,ensembl
ENSRNOG00000067546,,ensembl
ENSRNOG00000068832,,ensembl
ENSRNOG00000064323,,ensembl
ENSRNOG00000065453,,ensembl
LOC100911980,LOC100911980,symbol
ENSRNOG00000064703,,ensembl
AABR07017768.6,AABR07017768.6,symbol
ENSRNOG00000064161,,ensembl
ENSRNOG00000064095,,ensembl
ENSRNOG00000071004,,ensembl
ENSRNOG00000064846,,ensembl
ENSRNOG00000062797,,ensembl
ENSRNOG00000062484,,ensembl
ENSRNOG00000066180,,ensembl
ENSRNOG00000062724,,ensembl
AABR07017838.1,AABR07017838.1,symbol
LOC100362949,LOC100362949,symbol
ENSRNOG00000069768,,ensembl
ENSRNOG00000064134,LOC134482275,ensembl
ENSRNOG00000067574,,ensembl
AABR07017770.2,AABR07017770.2,symbol
LOC100361226,LOC100361226,symbol
AABR07017868.4,AABR07017868.4,symbol
ENSRNOG00000064043,,ensembl
AABR07017902.1,AABR07017902.1,symbol
ENSRNOG00000065085,,ensembl
ENSRNOG00000066538,,ensembl
LOC120096971,LOC120096971,symbol
ENSRNOG00000065769,Trav19,ensembl
Trav21-dv12,Trav21-dv12,symbol
LOC108353026,LOC108353026,symbol
ENSRNOG00000065420,,ensembl
ENSRNOG00000066946,,ensembl
ENSRNOG00000065679,,ensembl
AC097037.1,AC097037.1,symbol
ENSRNOG00000067178,,ensembl
ENSRNOG00000070834,,ensembl
Dad1,Dad1,symbol
Abhd4,Abhd4,symbol
Or6e1,Or6e1,symbol
Oxa1l,Oxa1l,symbol
Slc7a7,Slc7a7,symbol
LOC120096981,LOC120096981,symbol
Mrpl52,Mrpl52,symbol
ENSRNOG00000065230,,ensembl
Mmp14,Mmp14,symbol
Lrp10,Lrp10,symbol
Rem2,Rem2,symbol
Prmt5,Prmt5,symbol
Haus4,Haus4,symbol
Ajuba,Ajuba,symbol
RGD1565222,RGD1565222,symbol
Psmb5,Psmb5,symbol
ENSRNOG00000062363,,ensembl
LOC120097300,LOC120097300,symbol
Cdh24,Cdh24,symbol
Gm17606,Gm17606,symbol
Acin1,Acin1,symbol
C15h14orf119,C15h14orf119,symbol
Cirop,Cirop,symbol
Cebpe,Cebpe,symbol
Slc7a8,Slc7a8,symbol
Rnf212b,Rnf212b,symbol
LOC120097296,LOC120097296,symbol
ENSRNOG00000069519,,ensembl
Homez,Homez,symbol
Ppp1r3e,Ppp1r3e,symbol
ENSRNOG00000069957,,ensembl
Bcl2l2,Bcl2l2,symbol
Pabpn1,Pabpn1,symbol
Slc22a17,Slc22a17,symbol
Efs,Efs,symbol
Il25,Il25,symbol
Cmtm5,Cmtm5,symbol
Myh6,Myh6,symbol
Mir3546,Mir3546,symbol
Myh7,Myh7,symbol
Mir208b,Mir208b,symbol
Ngdn,Ngdn,symbol
Zfhx2,Zfhx2,symbol
Thtpa,Thtpa,symbol
Jph4,Jph4,symbol
Ap1g2,Ap1g2,symbol
RGD1564324,RGD1564324,symbol
Dhrs2,Dhrs2,symbol
ENSRNOG00000066516,Rbisl1,ensembl
LOC120097297,LOC120097297,symbol
Dhrs4,Dhrs4,symbol
Carmil3,Carmil3,symbol
Cpne6,Cpne6,symbol
Nrl,Nrl,symbol
Pck2,Pck2,symbol
Dcaf11,Dcaf11,symbol
Fitm1,Fitm1,symbol
Psme1,Psme1,symbol
Emc9,Emc9,symbol
ENSRNOG00000064668,,ensembl
Psme2,Psme2,symbol
Rnf31,Rnf31,symbol
Irf9,Irf9,symbol
Rec8,Rec8,symbol
Ipo4,Ipo4,symbol
Tm9sf1,Tm9sf1,symbol
Tssk4,Tssk4,symbol
Mdp1,Mdp1,symbol
Nedd8,Nedd8,symbol
ENSRNOG00000066692,,ensembl
Gmpr2,Gmpr2,symbol
Tinf2,Tinf2,symbol
Tgm1,Tgm1,symbol
Rabggta,Rabggta,symbol
Dhrs1,Dhrs1,symbol
Nop9,Nop9,symbol
Cideb,Cideb,symbol
Ltb4r2,Ltb4r2,symbol
Adcy4,Adcy4,symbol
Ripk3,Ripk3,symbol
Nfatc4,Nfatc4,symbol
Nynrin,Nynrin,symbol
Cbln3,Cbln3,symbol
Khnyn,Khnyn,symbol
Sdr39u1,Sdr39u1,symbol
AABR07017917.1,AABR07017917.1,symbol
Cma1,Cma1,symbol
Mcpt4l1,Mcpt4l1,symbol
Mcpt4,Mcpt4,symbol
Mcpt1l3,Mcpt1l3,symbol
Mcpt1l4,Mcpt1l4,symbol
Mcpt9,Mcpt9,symbol
Mcpt1l2,Mcpt1l2,symbol
Mcpt1,Mcpt1,symbol
Mcpt1l1,Mcpt1l1,symbol
Mcpt10,Mcpt10,symbol
Ctsg,Ctsg,symbol
Gzmn,Gzmn,symbol
LOC691670,LOC691670,symbol
Gzmf,Gzmf,symbol
Gzmc,Gzmc,symbol
LOC120097258,LOC120097258,symbol
LOC100361261,LOC100361261,symbol
Gzmbl2,Gzmbl2,symbol
Gzmc,Gzmc,symbol
LOC120097250,LOC120097250,symbol
Gzmb,Gzmb,symbol
LOC120097241,LOC120097241,symbol
Gzmc-ps2,Gzmc-ps2,symbol
LOC120097251,LOC120097251,symbol
AABR07018028.1,AABR07018028.1,symbol
LOC120097248,LOC120097248,symbol
LOC120097244,LOC120097244,symbol
Atp12a,Atp12a,symbol
Rnf17,Rnf17,symbol
Cenpj,Cenpj,symbol
Parp4,Parp4,symbol
LOC120097219,LOC120097219,symbol
Pspc1,Pspc1,symbol
Zmym5,Zmym5,symbol
AABR07017999.1,AABR07017999.1,symbol
LOC120097207,LOC120097207,symbol
LOC120097205,LOC120097205,symbol
ENSRNOG00000066806,Rangrf-ps4,ensembl
Zmym2,Zmym2,symbol
LOC120097196,LOC120097196,symbol
ENSRNOG00000064786,,ensembl
AABR07018048.2,AABR07018048.2,symbol
Gja3,Gja3,symbol
ENSRNOG00000065600,,ensembl
Gjb2,Gjb2,symbol
ENSRNOG00000069364,,ensembl
Gjb6,Gjb6,symbol
ENSRNOG00000068095,,ensembl
RGD1565170,RGD1565170,symbol
Cryl1,Cryl1,symbol
LOC120097273,LOC120097273,symbol
ENSRNOG00000067241,,ensembl
Ift88,Ift88,symbol
AABR07018058.1,AABR07018058.1,symbol
Eef1akmt1,Eef1akmt1,symbol
Xpo4,Xpo4,symbol
Lats2,Lats2,symbol
ENSRNOG00000063250,,ensembl
ENSRNOG00000065956,,ensembl
Sap18-ps1,Sap18-ps1,symbol
Ska3,Ska3,symbol
Mrpl57,Mrpl57,symbol
LOC120097211,LOC120097211,symbol
Zdhhc20,Zdhhc20,symbol
Micu2,Micu2,symbol
Fgf9,Fgf9,symbol
LOC120097290,LOC120097290,symbol
LOC120097239,LOC120097239,symbol
LOC691850,LOC691850,symbol
ENSRNOG00000064315,,ensembl
RGD1563302,RGD1563302,symbol
LOC120097312,LOC120097312,symbol
Rcbtb1,Rcbtb1,symbol
ENSRNOG00000067681,,ensembl
Phf11b,Phf11b,symbol
Phf11,Phf11,symbol
ENSRNOG00000065100,,ensembl
Setdb2,Setdb2,symbol
LOC108348241,LOC108348241,symbol
Cab39l,Cab39l,symbol
LOC120097282,LOC120097282,symbol
Cdadc1,Cdadc1,symbol
Shisa2,Shisa2,symbol
Atp8a2,Atp8a2,symbol
Nup58,Nup58,symbol
Mtmr6,Mtmr6,symbol
Amer2,Amer2,symbol
Spata13,Spata13,symbol
C1qtnf9,C1qtnf9,symbol
ENSRNOG00000068540,,ensembl
Mipep,Mipep,symbol
Tnfrsf19,Tnfrsf19,symbol
Sacs,Sacs,symbol
AABR07018124.1,AABR07018124.1,symbol
Sgcg,Sgcg,symbol
LOC103693662,LOC103693662,symbol
ENSRNOG00000069144,LOC120097004,ensembl
Arl11,Arl11,symbol
Ebpl,Ebpl,symbol
Kpna3,Kpna3,symbol
ENSRNOG00000062348,,ensembl
ENSRNOG00000068645,,ensembl
AABR07072463.1,AABR07072463.1,symbol
Spryd7,Spryd7,symbol
ENSRNOG00000063915,,ensembl
Trim13,Trim13,symbol
Kcnrg,Kcnrg,symbol
LOC120097224,LOC120097224,symbol
ENSRNOG00000067714,,ensembl
Mir15a,Mir15a,symbol
Dleu7,Dleu7,symbol
ENSRNOG00000070715,,ensembl
Rnaseh2b,Rnaseh2b,symbol
Gucy1b2,Gucy1b2,symbol
LOC102554746,LOC102554746,symbol
ENSRNOG00000063028,,ensembl
Fam124a,Fam124a,symbol
LOC120097246,LOC120097246,symbol
Serpine3,Serpine3,symbol
Ints6,Ints6,symbol
ENSRNOG00000065429,,ensembl
Wdfy2,Wdfy2,symbol
Defb42,Defb42,symbol
ENSRNOG00000066497,,ensembl
Defb41,Defb41,symbol
Defb43,Defb43,symbol
Defb30,Defb30,symbol
Defb44,Defb44,symbol
Ctsb,Ctsb,symbol
Fdft1,Fdft1,symbol
Neil2,Neil2,symbol
Gata4,Gata4,symbol
LOC102548615,LOC102548615,symbol
Blk,Blk,symbol
LOC120097013,LOC120097013,symbol
Fam167a,Fam167a,symbol
Tdh,Tdh,symbol
Mtmr9,Mtmr9,symbol
Xkr6,Xkr6,symbol
Mir598,Mir598,symbol
LOC102553493,LOC102553493,symbol
Pinx1,Pinx1,symbol
Sox7,Sox7,symbol
C15h8orf74,C15h8orf74,symbol
Rp1l1,Rp1l1,symbol
Prss55,Prss55,symbol
Prss51,Prss51,symbol
Prss52,Prss52,symbol
Msra,Msra,symbol
Mir124-1,Mir124-1,symbol
Kif13b,Kif13b,symbol
Hmbox1,Hmbox1,symbol
Ints9,Ints9,symbol
Extl3,Extl3,symbol
ENSRNOG00000063486,,ensembl
Fzd3,Fzd3,symbol
Fbxo16,Fbxo16,symbol
ENSRNOG00000065534,,ensembl
ENSRNOG00000069433,,ensembl
Zfp395,Zfp395,symbol
Pnoc,Pnoc,symbol
Elp3,Elp3,symbol
AABR07018244.2,AABR07018244.2,symbol
AABR07018244.1,AABR07018244.1,symbol
Nuggc,Nuggc,symbol
Scara5,Scara5,symbol
Pbk,Pbk,symbol
Esco2,Esco2,symbol
Ccdc25,Ccdc25,symbol
Scara3,Scara3,symbol
Clu,Clu,symbol
Gulo,Gulo,symbol
ENSRNOG00000063390,,ensembl
Adam2,Adam2,symbol
Ephx2,Ephx2,symbol
Chrna2,Chrna2,symbol
Ptk2b,Ptk2b,symbol
Mir6320,Mir6320,symbol
Trim35,Trim35,symbol
Stmn4,Stmn4,symbol
Adra1a,Adra1a,symbol
Dpysl2,Dpysl2,symbol
Pnma2,Pnma2,symbol
Bnip3l,Bnip3l,symbol
Ppp2r2a,Ppp2r2a,symbol
Ebf2,Ebf2,symbol
LOC120097231,LOC120097231,symbol
Cdca2,Cdca2,symbol
Gnrh1,Gnrh1,symbol
Kctd9,Kctd9,symbol
Gnrh1,Gnrh1,symbol
Dock5,Dock5,symbol
LOC120097172,LOC120097172,symbol
Nefl,Nefl,symbol
Nefm,Nefm,symbol
Adam7,Adam7,symbol
Adamdec1,Adamdec1,symbol
Adam28,Adam28,symbol
ENSRNOG00000063586,,ensembl
AABR07018269.1,AABR07018269.1,symbol
ENSRNOG00000063939,,ensembl
Wdr82-ps3,Wdr82-ps3,symbol
ENSRNOG00000068890,,ensembl
ENSRNOG00000067366,,ensembl
Stc1,Stc1,symbol
Nkx2-6,Nkx2-6,symbol
Nkx3-1,Nkx3-1,symbol
Slc25a37,Slc25a37,symbol
Synb,Synb,symbol
ENSRNOG00000067974,,ensembl
ENSRNOG00000066653,,ensembl
Entpd4,Entpd4,symbol
ENSRNOG00000070476,,ensembl
Loxl2,Loxl2,symbol
R3hcc1,R3hcc1,symbol
Chmp7,Chmp7,symbol
Tnfrsf10b,Tnfrsf10b,symbol
Rhobtb2,Rhobtb2,symbol
Pebp4,Pebp4,symbol
Egr3,Egr3,symbol
Bin3,Bin3,symbol
Ccar2,Ccar2,symbol
C15h8orf58,C15h8orf58,symbol
Pdlim2,Pdlim2,symbol
Sorbs3,Sorbs3,symbol
Ppp3cc,Ppp3cc,symbol
Slc39a14,Slc39a14,symbol
Piwil2,Piwil2,symbol
LOC120097212,LOC120097212,symbol
Polr3d,Polr3d,symbol
Mir320a,Mir320a,symbol
Phyhip,Phyhip,symbol
Bmp1,Bmp1,symbol
Sftpc,Sftpc,symbol
Lgi3,Lgi3,symbol
Reep4,Reep4,symbol
Hr,Hr,symbol
Nudt18,Nudt18,symbol
Fhip2b,Fhip2b,symbol
Dmtn,Dmtn,symbol
Fgf17,Fgf17,symbol
Npm2,Npm2,symbol
Xpo7,Xpo7,symbol
Dok2,Dok2,symbol
Gfra2,Gfra2,symbol
ENSRNOG00000065077,LOC120096991,ensembl
Dpm3,Dpm3,symbol
LOC120097031,LOC120097031,symbol
Ndufb2,Ndufb2,symbol
LOC120097229,LOC120097229,symbol
LOC120097234,LOC120097234,symbol
Gm9195,Gm9195,symbol
Fndc3a,Fndc3a,symbol
Cysltr2,Cysltr2,symbol
LOC120097279,LOC120097279,symbol
ENSRNOG00000067330,,ensembl
Rcbtb2,Rcbtb2,symbol
Rb1,Rb1,symbol
Lpar6,Lpar6,symbol
Itm2b,Itm2b,symbol
Med4,Med4,symbol
Nudt15,Nudt15,symbol
Sucla2,Sucla2,symbol
LOC120097289,LOC120097289,symbol
Htr2a,Htr2a,symbol
Esd,Esd,symbol
Lrch1,Lrch1,symbol
Rubcnl,Rubcnl,symbol
Lrrc63,Lrrc63,symbol
Esco2-ps2,Esco2-ps2,symbol
ENSRNOG00000064445,,ensembl
Lcp1,Lcp1,symbol
Cpb2,Cpb2,symbol
LOC120097303,LOC120097303,symbol
Zc3h13,Zc3h13,symbol
Siah3,Siah3,symbol
Cby2,Cby2,symbol
ENSRNOG00000063536,,ensembl
ENSRNOG00000070976,Erich6b,ensembl
Cog3,Cog3,symbol
Slc25a30,Slc25a30,symbol
Tpt1,Tpt1,symbol
Snora31,Snora31,symbol
LOC102549099,LOC102549099,symbol
Gtf2f2,Gtf2f2,symbol
Kctd4,Kctd4,symbol
LOC120097218,LOC120097218,symbol
ENSRNOG00000064152,,ensembl
LOC103693717,LOC103693717,symbol
Gpalpp1,Gpalpp1,symbol
Nufip1,Nufip1,symbol
ENSRNOG00000070802,,ensembl
ENSRNOG00000067706,,ensembl
Tsc22d1,Tsc22d1,symbol
ENSRNOG00000067726,,ensembl
Serp2,Serp2,symbol
Lacc1,Lacc1,symbol
Ccdc122,Ccdc122,symbol
ENSRNOG00000067953,,ensembl
Enox1,Enox1,symbol
Dnajc15,Dnajc15,symbol
Epsti1,Epsti1,symbol
Fam216b,Fam216b,symbol
Tnfsf11,Tnfsf11,symbol
Akap11,Akap11,symbol
Dgkh,Dgkh,symbol
Vwa8,Vwa8,symbol
ENSRNOG00000064147,,ensembl
Rgcc,Rgcc,symbol
ENSRNOG00000067430,,ensembl
Naa16,Naa16,symbol
LOC120097256,LOC120097256,symbol
Mtrf1,Mtrf1,symbol
Kbtbd7,Kbtbd7,symbol
ENSRNOG00000066324,,ensembl
Kbtbd6,Kbtbd6,symbol
Wbp4,Wbp4,symbol
Elf1,Elf1,symbol
Sugt1,Sugt1,symbol
ENSRNOG00000029808,,ensembl
AC123280.1,AC123280.1,symbol
Cnmd,Cnmd,symbol
Mir759,Mir759,symbol
Pcdh8,Pcdh8,symbol
LOC108352947,LOC108352947,symbol
ENSRNOG00000068534,,ensembl
Olfm4,Olfm4,symbol
LOC306079,LOC306079,symbol
Mir1297,Mir1297,symbol
LOC100361180,LOC100361180,symbol
Calm2,Calm2,symbol
AABR07018627.1,AABR07018627.1,symbol
LOC120097308,LOC120097308,symbol
LOC120097242,LOC120097242,symbol
LOC120097286,LOC120097286,symbol
AABR07018646.1,AABR07018646.1,symbol
Pcdh17,Pcdh17,symbol
LOC120097194,LOC120097194,symbol
LOC120097313,LOC120097313,symbol
AABR07018132.1,AABR07018132.1,symbol
AABR07018556.1,AABR07018556.1,symbol
Diaph3,Diaph3,symbol
LOC120097230,LOC120097230,symbol
Tdrd3,Tdrd3,symbol
LOC120097228,LOC120097228,symbol
LOC120097310,LOC120097310,symbol
ENSRNOG00000065303,,ensembl
Pcdh20,Pcdh20,symbol
LOC120097247,LOC120097247,symbol
ENSRNOG00000069953,,ensembl
LOC120097232,LOC120097232,symbol
LOC120097252,LOC120097252,symbol
LOC120097254,LOC120097254,symbol
LOC498555,LOC498555,symbol
ENSRNOG00000062952,,ensembl
LOC120097257,LOC120097257,symbol
LOC120097281,LOC120097281,symbol
Pcdh9,Pcdh9,symbol
LOC120097302,LOC120097302,symbol
LOC120097271,LOC120097271,symbol
LOC120097265,LOC120097265,symbol
LOC120097266,LOC120097266,symbol
LOC120097225,LOC120097225,symbol
Spertl,Spertl,symbol
Klhl1,Klhl1,symbol
LOC120097292,LOC120097292,symbol
LOC290428,LOC290428,symbol
ENSRNOG00000065912,,ensembl
ENSRNOG00000067762,,ensembl
Ppial4g,Ppial4g,symbol
LOC120097259,LOC120097259,symbol
ENSRNOG00000070078,,ensembl
Setl1,Setl1,symbol
Dach1,Dach1,symbol
ENSRNOG00000068549,,ensembl
RGD1560069,RGD1560069,symbol
Eef1g-ps9,Eef1g-ps9,symbol
Mzt1,Mzt1,symbol
Bora,Bora,symbol
Dis3,Dis3,symbol
Pibf1,Pibf1,symbol
Klf5,Klf5,symbol
LOC120097223,LOC120097223,symbol
LOC120097293,LOC120097293,symbol
LOC120097267,LOC120097267,symbol
Klf12,Klf12,symbol
ENSRNOG00000067125,,ensembl
LOC120097237,LOC120097237,symbol
ENSRNOG00000069044,,ensembl
LOC120097317,LOC120097317,symbol
LOC120097287,LOC120097287,symbol
Tbc1d4,Tbc1d4,symbol
Uqcr10-ps1,Uqcr10-ps1,symbol
Commd6,Commd6,symbol
Uchl3,Uchl3,symbol
Lmo7,Lmo7,symbol
ENSRNOG00000065038,,ensembl
ENSRNOG00000062868,,ensembl
ENSRNOG00000062313,,ensembl
LOC120097243,LOC120097243,symbol
Kctd12,Kctd12,symbol
Acod1,Acod1,symbol
LOC120097311,LOC120097311,symbol
AABR07019209.2,AABR07019209.2,symbol
Fbxl3,Fbxl3,symbol
Mycbp2,Mycbp2,symbol
Scel,Scel,symbol
Slain1,Slain1,symbol
Ednrb,Ednrb,symbol
ENSRNOG00000068458,,ensembl
LOC120097213,LOC120097213,symbol
Pou4f1,Pou4f1,symbol
Obi1,Obi1,symbol
LOC120097316,LOC120097316,symbol
LOC120097236,LOC120097236,symbol
ENSRNOG00000065791,,ensembl
LOC120097260,LOC120097260,symbol
ENSRNOG00000068783,,ensembl
Rbm26,Rbm26,symbol
Ndfip2,Ndfip2,symbol
ENSRNOG00000070380,,ensembl
Spry2,Spry2,symbol
Trim52,Trim52,symbol
LOC120097270,LOC120097270,symbol
LOC120097309,LOC120097309,symbol
ENSRNOG00000064722,LOC100363428,ensembl
LOC120097278,LOC120097278,symbol
Slitrk1,Slitrk1,symbol
LOC120097269,LOC120097269,symbol
Slitrk6,Slitrk6,symbol
Slitrk5,Slitrk5,symbol
LOC120097315,LOC120097315,symbol
LOC120097284,LOC120097284,symbol
LOC102550064,LOC102550064,symbol
ENSRNOG00000066125,,ensembl
LOC120097305,LOC120097305,symbol
Mir17,Mir17,symbol
Mir18a,Mir18a,symbol
Mir19a,Mir19a,symbol
Mir20a,Mir20a,symbol
Mir19b1,Mir19b1,symbol
Mir92a1,Mir92a1,symbol
Gpc5,Gpc5,symbol
LOC102548369,LOC102548369,symbol
LOC120097209,LOC120097209,symbol
LOC120097306,LOC120097306,symbol
Gpc6,Gpc6,symbol
ENSRNOG00000062503,Gpc6,ensembl
Dct,Dct,symbol
Tgds,Tgds,symbol
Gpr180,Gpr180,symbol
Sox21,Sox21,symbol
LOC120097261,LOC120097261,symbol
Abcc4,Abcc4,symbol
LOC120097318,LOC120097318,symbol
LOC120097255,LOC120097255,symbol
Cldn10,Cldn10,symbol
Dzip1,Dzip1,symbol
Dnajc3,Dnajc3,symbol
ENSRNOG00000068647,,ensembl
AABR07019403.1,AABR07019403.1,symbol
ENSRNOG00000063112,,ensembl
LOC120097083,LOC120097083,symbol
Hs6st3,Hs6st3,symbol
LOC120097294,LOC120097294,symbol
Oxgr1,Oxgr1,symbol
Mbnl2,Mbnl2,symbol
Rap2a,Rap2a,symbol
LOC120097090,LOC120097090,symbol
ENSRNOG00000070038,,ensembl
ENSRNOG00000068903,,ensembl
Ipo5,Ipo5,symbol
ENSRNOG00000066148,,ensembl
Farp1,Farp1,symbol
Stk24,Stk24,symbol
Slc15a1,Slc15a1,symbol
Dock9,Dock9,symbol
ENSRNOG00000063033,,ensembl
Ubac2,Ubac2,symbol
Gpr18,Gpr18,symbol
Gpr183,Gpr183,symbol
Timm8a2,Timm8a2,symbol
Tm9sf2,Tm9sf2,symbol
Clybl,Clybl,symbol
LOC120097198,LOC120097198,symbol
AC123185.3,AC123185.3,symbol
Zic5,Zic5,symbol
Zic2,Zic2,symbol
AC123185.2,AC123185.2,symbol
AC123185.1,AC123185.1,symbol
Pcca,Pcca,symbol
Ggact,Ggact,symbol
Tmtc4,Tmtc4,symbol
LOC120097221,LOC120097221,symbol
Nalcn,Nalcn,symbol
Itgbl1,Itgbl1,symbol
LOC120097275,LOC120097275,symbol
LOC120097264,LOC120097264,symbol
Fgf14,Fgf14,symbol
LOC120097280,LOC120097280,symbol
Polr3a,Polr3a,symbol
Rps24,Rps24,symbol
LOC102551656,LOC102551656,symbol
ENSRNOG00000070644,,ensembl
Zmiz1,Zmiz1,symbol
Mir3075,Mir3075,symbol
Ppif,Ppif,symbol
Zcchc24,Zcchc24,symbol
LOC103693862,LOC103693862,symbol
ENSRNOG00000064603,,ensembl
Anxa11,Anxa11,symbol
Plac9,Plac9,symbol
Tmem254,Tmem254,symbol
Cphx1,Cphx1,symbol
Dux4,Dux4,symbol
LOC100911661,LOC100911661,symbol
ENSRNOG00000067252,,ensembl
Slmap,Slmap,symbol
LOC120097665,LOC120097665,symbol
Dennd6a,Dennd6a,symbol
ENSRNOG00000067734,,ensembl
Arf4,Arf4,symbol
Pde12,Pde12,symbol
Dnah12,Dnah12,symbol
ENSRNOG00000062412,,ensembl
Asb14,Asb14,symbol
Appl1,Appl1,symbol
Hesx1,Hesx1,symbol
Il17rd,Il17rd,symbol
Arhgef3,Arhgef3,symbol
Tasor,Tasor,symbol
Ccdc66,Ccdc66,symbol
Erc2,Erc2,symbol
Wnt5a,Wnt5a,symbol
Cacna2d3,Cacna2d3,symbol
ENSRNOG00000067759,Lrtm1,ensembl
LOC120097594,LOC120097594,symbol
Selenok,Selenok,symbol
Actr8,Actr8,symbol
Il17rb,Il17rb,symbol
Chdh,Chdh,symbol
Cacna1d,Cacna1d,symbol
LOC108348453,LOC108348453,symbol
Dcp1a,Dcp1a,symbol
Tkt,Tkt,symbol
Prkcd,Prkcd,symbol
Rft1,Rft1,symbol
LOC120097588,LOC120097588,symbol
Sfmbt1,Sfmbt1,symbol
LOC120097675,LOC120097675,symbol
Stimate,Stimate,symbol
Mustn1,Mustn1,symbol
Itih4,Itih4,symbol
Itih3,Itih3,symbol
Itih1,Itih1,symbol
Nek4,Nek4,symbol
Spcs1,Spcs1,symbol
Glt8d1,Glt8d1,symbol
Gnl3,Gnl3,symbol
Snord69,Snord69,symbol
ENSRNOG00000070525,SNORD19,ensembl
Snord19b,Snord19b,symbol
Snord19,Snord19,symbol
Pbrm1,Pbrm1,symbol
Uqcc5,Uqcc5,symbol
Nt5dc2,Nt5dc2,symbol
Stab1,Stab1,symbol
Nisch,Nisch,symbol
ENSRNOG00000066386,,ensembl
ENSRNOG00000069702,,ensembl
Tnnc1,Tnnc1,symbol
Sema3g,Sema3g,symbol
Phf7,Phf7,symbol
Bap1,Bap1,symbol
Dnah1,Dnah1,symbol
RGD1564325,RGD1564325,symbol
ENSRNOG00000063166,,ensembl
LOC120097595,LOC120097595,symbol
Capn7,Capn7,symbol
Mettl6,Mettl6,symbol
Eaf1,Eaf1,symbol
Colq,Colq,symbol
Hacl1,Hacl1,symbol
Btd,Btd,symbol
Ankrd28,Ankrd28,symbol
LOC120097592,LOC120097592,symbol
Galnt15,Galnt15,symbol
Dph3,Dph3,symbol
Oxnad1,Oxnad1,symbol
Msmb,Msmb,symbol
Ncoa4,Ncoa4,symbol
Ncoa4,Ncoa4,symbol
Timm23,Timm23,symbol
LOC120097670,LOC120097670,symbol
Parg,Parg,symbol
Ogdhl,Ogdhl,symbol
LOC680885,LOC680885,symbol
Chat,Chat,symbol
AC126482.2,AC126482.2,symbol
Ercc6,Ercc6,symbol
Drgx,Drgx,symbol
RGD1564899,RGD1564899,symbol
ENSRNOG00000070763,,ensembl
Tmem273,Tmem273,symbol
Fam170b,Fam170b,symbol
Vstm4,Vstm4,symbol
Wdfy4,Wdfy4,symbol
Lrrc18,Lrrc18,symbol
LOC120097603,LOC120097603,symbol
Arhgap22,Arhgap22,symbol
Mapk8,Mapk8,symbol
ENSRNOG00000064081,,ensembl
Frmpd2,Frmpd2,symbol
Ptpn20,Ptpn20,symbol
Gdf10,Gdf10,symbol
Gdf2,Gdf2,symbol
Rbp3,Rbp3,symbol
Zfp488,Zfp488,symbol
LOC100910026,LOC100910026,symbol
LOC681303,LOC681303,symbol
Antxrl,Antxrl,symbol
Anxa8,Anxa8,symbol
LOC120097604,LOC120097604,symbol
Npy4r,Npy4r,symbol
Gprin2,Gprin2,symbol
Syt15,Syt15,symbol
Shld2,Shld2,symbol
LOC120097585,LOC120097585,symbol
Glud1,Glud1,symbol
Fam25a,Fam25a,symbol
Sncg,Sncg,symbol
Mmrn2,Mmrn2,symbol
Bmpr1a,Bmpr1a,symbol
ENSRNOG00000066899,,ensembl
ENSRNOG00000068830,,ensembl
Ldb3,Ldb3,symbol
Opn4,Opn4,symbol
Wapl,Wapl,symbol
ENSRNOG00000067549,,ensembl
Grid1,Grid1,symbol
Rpl38-ps9,Rpl38-ps9,symbol
Mir346,Mir346,symbol
ENSRNOG00000065107,,ensembl
LOC100363883,LOC100363883,symbol
RGD1565329,RGD1565329,symbol
LOC120097482,LOC120097482,symbol
LOC102551632,LOC102551632,symbol
RGD1559508,RGD1559508,symbol
AABR07036505.1,AABR07036505.1,symbol
ENSRNOG00000066563,,ensembl
LOC108353078,LOC108353078,symbol
RGD1559508,RGD1559508,symbol
Ralgds-ps4,Ralgds-ps4,symbol
LOC102552466,LOC102552466,symbol
ENSRNOG00000067775,,ensembl
LOC100911649,LOC100911649,symbol
RGD1563356,RGD1563356,symbol
RGD1562641,RGD1562641,symbol
LOC108348379,LOC108348379,symbol
LOC108348376,LOC108348376,symbol
LOC102553538,LOC102553538,symbol
ENSRNOG00000066183,,ensembl
LOC120097615,LOC120097615,symbol
LOC685718,LOC685718,symbol
LOC120097651,LOC120097651,symbol
Ccser2,Ccser2,symbol
LOC120097586,LOC120097586,symbol
Rgr,Rgr,symbol
Lrit1,Lrit1,symbol
Lrit2,Lrit2,symbol
Cdhr1,Cdhr1,symbol
Gpr15lg,Gpr15lg,symbol
Ghitm,Ghitm,symbol
LOC100363043,LOC100363043,symbol
LOC120097618,LOC120097618,symbol
AABR07006367.1,AABR07006367.1,symbol
LOC120097616,LOC120097616,symbol
LOC120097457,LOC120097457,symbol
LOC120097456,LOC120097456,symbol
LOC120097423,LOC120097423,symbol
LOC120097531,LOC120097531,symbol
Eloa2l,Eloa2l,symbol
Eloa-ps3,Eloa-ps3,symbol
Eloa-ps1,Eloa-ps1,symbol
EloaA2l1,EloaA2l1,symbol
Nrg3,Nrg3,symbol
ENSRNOG00000063984,,ensembl
RGD1564958,RGD1564958,symbol
LOC120097596,LOC120097596,symbol
ENSRNOG00000065936,,ensembl
LOC100363321,LOC100363321,symbol
LOC120097658,LOC120097658,symbol
Sh2d4b,Sh2d4b,symbol
Tspan14,Tspan14,symbol
Prxl2a,Prxl2a,symbol
Dydc2,Dydc2,symbol
Dydc1,Dydc1,symbol
Mat1a,Mat1a,symbol
Sftpa1,Sftpa1,symbol
Mbl1,Mbl1,symbol
Sftpd,Sftpd,symbol
F2rl3,F2rl3,symbol
Sin3b,Sin3b,symbol
Nwd1,Nwd1,symbol
Tmem38a,Tmem38a,symbol
Smim7,Smim7,symbol
ENSRNOG00000070818,,ensembl
ENSRNOG00000064380,,ensembl
Med26,Med26,symbol
Slc35e1,Slc35e1,symbol
Cherp,Cherp,symbol
C16h19orf44,C16h19orf44,symbol
Calr3,Calr3,symbol
Eps15l1,Eps15l1,symbol
Klf2,Klf2,symbol
Ap1m1,Ap1m1,symbol
Fam32a,Fam32a,symbol
Cib3,Cib3,symbol
Hsh2d,Hsh2d,symbol
Rab8a,Rab8a,symbol
Tpm4,Tpm4,symbol
ENSRNOG00000064919,,ensembl
Cyp4f18,Cyp4f18,symbol
Olr1648-ps,Olr1648-ps,symbol
Zfp617,Zfp617,symbol
LOC102548917,LOC102548917,symbol
ENSRNOG00000068058,,ensembl
Zfp709,Zfp709,symbol
Haus8,Haus8,symbol
Myo9b,Myo9b,symbol
Use1,Use1,symbol
Ocel1,Ocel1,symbol
Nr2f6,Nr2f6,symbol
Ushbp1,Ushbp1,symbol
Babam1,Babam1,symbol
Ankle1,Ankle1,symbol
Abhd8,Abhd8,symbol
Mrpl34,Mrpl34,symbol
Dda1,Dda1,symbol
Ano8,Ano8,symbol
Gtpbp3,Gtpbp3,symbol
Plvap,Plvap,symbol
Ccdc194,Ccdc194,symbol
Bst2,Bst2,symbol
Mvb12a,Mvb12a,symbol
Tmem221,Tmem221,symbol
Nxnl1,Nxnl1,symbol
Slc27a1,Slc27a1,symbol
Pgls,Pgls,symbol
Niban3,Niban3,symbol
Colgalt1,Colgalt1,symbol
ENSRNOG00000066596,,ensembl
Unc13a,Unc13a,symbol
Insl3,Insl3,symbol
AABR07024869.1,AABR07024869.1,symbol
Insl3,Insl3,symbol
B3gnt3,B3gnt3,symbol
Fcho1,Fcho1,symbol
ENSRNOG00000066340,,ensembl
Map1s,Map1s,symbol
Rpl18a,Rpl18a,symbol
LOC120097581,LOC120097581,symbol
Slc5a5,Slc5a5,symbol
Ccdc124,Ccdc124,symbol
Kcnn1,Kcnn1,symbol
Arrdc2,Arrdc2,symbol
Il12rb1,Il12rb1,symbol
Mast3,Mast3,symbol
Pik3r2,Pik3r2,symbol
Ifi30,Ifi30,symbol
Mpv17l2,Mpv17l2,symbol
Rab3a,Rab3a,symbol
Pde4c,Pde4c,symbol
LOC120093089,LOC120093089,symbol
Iqcn,Iqcn,symbol
Jund,Jund,symbol
ENSRNOG00000066084,,ensembl
Lsm4,Lsm4,symbol
Pgpep1,Pgpep1,symbol
Mk1,Mk1,symbol
Gdf15,Gdf15,symbol
Lrrc25,Lrrc25,symbol
RNaseP_nuc,RNaseP_nuc,symbol
Ssbp4,Ssbp4,symbol
Isyna1,Isyna1,symbol
Ell,Ell,symbol
Fkbp8,Fkbp8,symbol
Uba52,Uba52,symbol
Rex1bd,Rex1bd,symbol
Crlf1,Crlf1,symbol
Tmem59l,Tmem59l,symbol
ENSRNOG00000068713,,ensembl
Klhl26,Klhl26,symbol
Crtc1,Crtc1,symbol
Comp,Comp,symbol
Upf1,Upf1,symbol
Gdf1,Gdf1,symbol
Cers1,Cers1,symbol
Cope,Cope,symbol
Ddx49,Ddx49,symbol
Homer3,Homer3,symbol
Sugp2,Sugp2,symbol
LOC120097646,LOC120097646,symbol
Armc6,Armc6,symbol
Slc25a42,Slc25a42,symbol
Tmem161a,Tmem161a,symbol
Mef2b,Mef2b,symbol
Borcs8,Borcs8,symbol
Rfxank,Rfxank,symbol
Nr2c2ap,Nr2c2ap,symbol
LOC120097624,LOC120097624,symbol
Ncan,Ncan,symbol
Hapln4,Hapln4,symbol
Tm6sf2,Tm6sf2,symbol
Sugp1,Sugp1,symbol
Mau2,Mau2,symbol
Gatad2a,Gatad2a,symbol
Tssk6,Tssk6,symbol
Ndufa13,Ndufa13,symbol
Yjefn3,Yjefn3,symbol
Cilp2,Cilp2,symbol
Pbx4,Pbx4,symbol
Lpar2,Lpar2,symbol
Gmip,Gmip,symbol
Atp13a1,Atp13a1,symbol
LOC108348302,LOC108348302,symbol
LOC120097636,LOC120097636,symbol
Zfp866,Zfp866,symbol
Zfp869,Zfp869,symbol
Zfp964,Zfp964,symbol
LOC120097580,LOC120097580,symbol
LOC102551257,LOC102551257,symbol
Zfp868,Zfp868,symbol
RNaseP_nuc,RNaseP_nuc,symbol
ENSRNOG00000066096,,ensembl
ENSRNOG00000067949,,ensembl
Potem,Potem,symbol
LOC120097475,LOC120097475,symbol
ENSRNOG00000063780,,ensembl
ENSRNOG00000067021,,ensembl
ENSRNOG00000065964,,ensembl
ENSRNOG00000066981,Potem,ensembl
ENSRNOG00000066888,,ensembl
ENSRNOG00000063342,,ensembl
RGD1564941,RGD1564941,symbol
ENSRNOG00000064049,,ensembl
Lzts1,Lzts1,symbol
Atp6v1b2,Atp6v1b2,symbol
ENSRNOG00000070948,,ensembl
Slc18a1,Slc18a1,symbol
RGD1559708,RGD1559708,symbol
LOC120097674,LOC120097674,symbol
Lpl,Lpl,symbol
Ints10,Ints10,symbol
ENSRNOG00000069561,,ensembl
ENSRNOG00000063073,,ensembl
RGD1560857,RGD1560857,symbol
Csgalnact1,Csgalnact1,symbol
Sh2d4a,Sh2d4a,symbol
Psd3,Psd3,symbol
LOC120097601,LOC120097601,symbol
Nat3,Nat3,symbol
Nat1,Nat1,symbol
ENSRNOG00000064888,,ensembl
LOC120097605,LOC120097605,symbol
ENSRNOG00000065627,,ensembl
ENSRNOG00000064995,,ensembl
ENSRNOG00000063117,,ensembl
LOC120097582,LOC120097582,symbol
LOC120097599,LOC120097599,symbol
Naf1,Naf1,symbol
Npy1r,Npy1r,symbol
Npy5r,Npy5r,symbol
LOC120097668,LOC120097668,symbol
Tktl2,Tktl2,symbol
Tma16,Tma16,symbol
Marchf1,Marchf1,symbol
LOC120097654,LOC120097654,symbol
AABR07039058.1,AABR07039058.1,symbol
LOC120097656,LOC120097656,symbol
LOC120097645,LOC120097645,symbol
Smim31,Smim31,symbol
ENSRNOG00000069283,,ensembl
Apela,Apela,symbol
AABR07025051.3,AABR07025051.3,symbol
Tmem192,Tmem192,symbol
Klhl2,Klhl2,symbol
LOC120097650,LOC120097650,symbol
Msmo1,Msmo1,symbol
Cpe,Cpe,symbol
ENSRNOG00000070460,,ensembl
LOC120097634,LOC120097634,symbol
Tll1,Tll1,symbol
AABR07025074.1,AABR07025074.1,symbol
LOC120097612,LOC120097612,symbol
AABR07025089.1,AABR07025089.1,symbol
Spock3,Spock3,symbol
LOC120097671,LOC120097671,symbol
LOC120097652,LOC120097652,symbol
Anxa10,Anxa10,symbol
LOC120097562,LOC120097562,symbol
LOC120097508,LOC120097508,symbol
Palldl1,Palldl1,symbol
Ddx60,Ddx60,symbol
LOC120097662,LOC120097662,symbol
Cbr4,Cbr4,symbol
Sh3rf1,Sh3rf1,symbol
Nek1,Nek1,symbol
ENSRNOG00000067194,,ensembl
ENSRNOG00000063564,,ensembl
Clcn3,Clcn3,symbol
Hpf1,Hpf1,symbol
LOC100360260,LOC100360260,symbol
ENSRNOG00000065091,,ensembl
Ppia-ps13,Ppia-ps13,symbol
Mfap3l,Mfap3l,symbol
Aadat,Aadat,symbol
ENSRNOG00000067772,,ensembl
ENSRNOG00000063109,,ensembl
Hmgn2-ps4,Hmgn2-ps4,symbol
LOC120097643,LOC120097643,symbol
Galntl6,Galntl6,symbol
LOC120097591,LOC120097591,symbol
LOC120097629,LOC120097629,symbol
LOC120097640,LOC120097640,symbol
ENSRNOG00000070751,,ensembl
Galnt7,Galnt7,symbol
LOC120097593,LOC120097593,symbol
Hmgb2,Hmgb2,symbol
Sap30,Sap30,symbol
Scrg1,Scrg1,symbol
ENSRNOG00000069425,,ensembl
Hand2,Hand2,symbol
LOC103694242,LOC103694242,symbol
LOC120097649,LOC120097649,symbol
ENSRNOG00000069508,,ensembl
LOC120097641,LOC120097641,symbol
Fbxo8,Fbxo8,symbol
ENSRNOG00000062690,,ensembl
Cep44,Cep44,symbol
RNaseP_nuc,RNaseP_nuc,symbol
LOC120097602,LOC120097602,symbol
Hpgd,Hpgd,symbol
Hmgb1,Hmgb1,symbol
Glra3,Glra3,symbol
ENSRNOG00000063491,,ensembl
ENSRNOG00000067321,,ensembl
AABR07024439.1,AABR07024439.1,symbol
AABR07024442.1,AABR07024442.1,symbol
ENSRNOG00000063993,,ensembl
ENSRNOG00000070639,,ensembl
ENSRNOG00000066732,,ensembl
LOC120097639,LOC120097639,symbol
Adam21,Adam21,symbol
Gpm6a,Gpm6a,symbol
LOC120097655,LOC120097655,symbol
ENSRNOG00000070297,,ensembl
Wdr17,Wdr17,symbol
Spata4,Spata4,symbol
Asb5,Asb5,symbol
Spcs3,Spcs3,symbol
LOC120097648,LOC120097648,symbol
Vegfc,Vegfc,symbol
LOC120097600,LOC120097600,symbol
Neil3,Neil3,symbol
ENSRNOG00000064359,,ensembl
Aga,Aga,symbol
LOC120097669,LOC120097669,symbol
ENSRNOG00000070483,,ensembl
LOC120097622,LOC120097622,symbol
LOC120097659,LOC120097659,symbol
ENSRNOG00000065365,,ensembl
ENSRNOG00000069013,,ensembl
Tenm3,Tenm3,symbol
LOC120097590,LOC120097590,symbol
ENSRNOG00000065184,,ensembl
ENSRNOG00000066202,,ensembl
LOC120097606,LOC120097606,symbol
Dctd,Dctd,symbol
ENSRNOG00000065368,,ensembl
Wwc2,Wwc2,symbol
Cldn22,Cldn22,symbol
Cldn24,Cldn24,symbol
Cdkn2aip,Cdkn2aip,symbol
Ing2,Ing2,symbol
ENSRNOG00000064469,,ensembl
AABR07025743.1,AABR07025743.1,symbol
Rwdd4,Rwdd4,symbol
Trappc11,Trappc11,symbol
LOC120097672,LOC120097672,symbol
Stox2,Stox2,symbol
AABR07025757.1,AABR07025757.1,symbol
LOC120097577,LOC120097577,symbol
Enpp6,Enpp6,symbol
ENSRNOG00000067895,,ensembl
ENSRNOG00000069986,LOC134482380,ensembl
Ndufa3-ps1,Ndufa3-ps1,symbol
Irf2,Irf2,symbol
Casp3,Casp3,symbol
Primpol,Primpol,symbol
Cenpu,Cenpu,symbol
Acsl1,Acsl1,symbol
LOC120097625,LOC120097625,symbol
AABR07005806.1,AABR07005806.1,symbol
Helt,Helt,symbol
Slc25a4,Slc25a4,symbol
Cfap97,Cfap97,symbol
Snx25,Snx25,symbol
LOC120097653,LOC120097653,symbol
Lrp2bp,Lrp2bp,symbol
Ankrd37,Ankrd37,symbol
Ufsp2,Ufsp2,symbol
C16h4orf47,C16h4orf47,symbol
Ccdc110,Ccdc110,symbol
Pdlim3,Pdlim3,symbol
LOC120097631,LOC120097631,symbol
AABR07025010.1,AABR07025010.1,symbol
Sorbs2,Sorbs2,symbol
LOC120097598,LOC120097598,symbol
ENSRNOG00000062866,,ensembl
LOC120097435,LOC120097435,symbol
Tlr3,Tlr3,symbol
ENSRNOG00000069705,,ensembl
Fam149a,Fam149a,symbol
Cyp4v3,Cyp4v3,symbol
Klkb1,Klkb1,symbol
F11,F11,symbol
Mtnr1a,Mtnr1a,symbol
Fat1,Fat1,symbol
ENSRNOG00000070007,,ensembl
ENSRNOG00000065379,,ensembl
LOC120097644,LOC120097644,symbol
Adam34l,Adam34l,symbol
Adam34,Adam34,symbol
AABR07025818.1,AABR07025818.1,symbol
Adam26a,Adam26a,symbol
AABR07025819.1,AABR07025819.1,symbol
Zfp42,Zfp42,symbol
ENSRNOG00000066481,,ensembl
Triml2,Triml2,symbol
Triml1,Triml1,symbol
ENSRNOG00000067161,,ensembl
LOC120097661,LOC120097661,symbol
ENSRNOG00000066883,,ensembl
Frg1,Frg1,symbol
ENSRNOG00000070563,,ensembl
Asah1,Asah1,symbol
Pcm1,Pcm1,symbol
Fgl1,Fgl1,symbol
Mtus1,Mtus1,symbol
Pdgfrl,Pdgfrl,symbol
AABR07025896.1,AABR07025896.1,symbol
Slc7a2,Slc7a2,symbol
LOC100910977,LOC100910977,symbol
Adam24,Adam24,symbol
Mtmr7,Mtmr7,symbol
Vps37a,Vps37a,symbol
Cnot7,Cnot7,symbol
Zdhhc2,Zdhhc2,symbol
Micu3,Micu3,symbol
Fgf20,Fgf20,symbol
LOC120097642,LOC120097642,symbol
Rps3-ps5,Rps3-ps5,symbol
Msr1,Msr1,symbol
ENSRNOG00000066938,,ensembl
LOC120097637,LOC120097637,symbol
ENSRNOG00000068852,,ensembl
Tusc3,Tusc3,symbol
LOC120097620,LOC120097620,symbol
AABR07025986.2,AABR07025986.2,symbol
Mir383,Mir383,symbol
ENSRNOG00000068874,,ensembl
LOC120097630,LOC120097630,symbol
AABR07026002.1,AABR07026002.1,symbol
Dlc1,Dlc1,symbol
ENSRNOG00000068301,,ensembl
Trmt9b,Trmt9b,symbol
Ube2e3-ps2,Ube2e3-ps2,symbol
ENSRNOG00000066954,,ensembl
Lonrf1,Lonrf1,symbol
Prag1,Prag1,symbol
Cldn23,Cldn23,symbol
LOC100910088,LOC100910088,symbol
Mfhas1,Mfhas1,symbol
Eri1,Eri1,symbol
Ppp1r3b,Ppp1r3b,symbol
Tnks,Tnks,symbol
Dusp4,Dusp4,symbol
LOC120097666,LOC120097666,symbol
AABR07026048.1,AABR07026048.1,symbol
LOC120097587,LOC120097587,symbol
Saraf,Saraf,symbol
ENSRNOG00000070600,,ensembl
Leprotl1,Leprotl1,symbol
Mboat4,Mboat4,symbol
Dctn6,Dctn6,symbol
ENSRNOG00000070698,,ensembl
LOC120097589,LOC120097589,symbol
LOC100364509,LOC100364509,symbol
LOC120097647,LOC120097647,symbol
LOC120097660,LOC120097660,symbol
AABR07026059.1,AABR07026059.1,symbol
Rbpms,Rbpms,symbol
Gtf2e2,Gtf2e2,symbol
Smim18,Smim18,symbol
ENSRNOG00000070491,,ensembl
Gsr,Gsr,symbol
Ubxn8,Ubxn8,symbol
Ppp2cb,Ppp2cb,symbol
Tex15,Tex15,symbol
Purg,Purg,symbol
Wrn,Wrn,symbol
Nrg1,Nrg1,symbol
LOC120097607,LOC120097607,symbol
ENSRNOG00000070947,,ensembl
Fut10,Fut10,symbol
Mak16,Mak16,symbol
Tti2,Tti2,symbol
Snord13,Snord13,symbol
Rnf122,Rnf122,symbol
Dusp26,Dusp26,symbol
Unc5d,Unc5d,symbol
LOC120097619,LOC120097619,symbol
LOC120093063,LOC120093063,symbol
LOC100911229,LOC100911229,symbol
Smok,Smok,symbol
Poteg,Poteg,symbol
Chrna6,Chrna6,symbol
Chrnb3,Chrnb3,symbol
ENSRNOG00000065146,,ensembl
Eif4ebp1,Eif4ebp1,symbol
Adrb3,Adrb3,symbol
Got1l1,Got1l1,symbol
Rab11fip1,Rab11fip1,symbol
Brf2,Brf2,symbol
Adgra2,Adgra2,symbol
Plpbp,Plpbp,symbol
Erlin2,Erlin2,symbol
Zfp703,Zfp703,symbol
LOC120097397,LOC120097397,symbol
LOC108348409,LOC108348409,symbol
LOC120097638,LOC120097638,symbol
Rps28-ps3,Rps28-ps3,symbol
Thap1,Thap1,symbol
ENSRNOG00000065614,,ensembl
Rnf170,Rnf170,symbol
AABR07026291.1,AABR07026291.1,symbol
Fnta,Fnta,symbol
ENSRNOG00000065045,,ensembl
Pomk,Pomk,symbol
Hgsnat,Hgsnat,symbol
Kcnu1,Kcnu1,symbol
Ash2l,Ash2l,symbol
Star,Star,symbol
Lsm1,Lsm1,symbol
Bag4,Bag4,symbol
Ddhd2,Ddhd2,symbol
LOC120097664,LOC120097664,symbol
Plpp5,Plpp5,symbol
Nsd3,Nsd3,symbol
LOC120097673,LOC120097673,symbol
Letm2,Letm2,symbol
Fgfr1,Fgfr1,symbol
LOC120097583,LOC120097583,symbol
H2az1-ps1,H2az1-ps1,symbol
Rps28-ps1,Rps28-ps1,symbol
Tacc1,Tacc1,symbol
ENSRNOG00000067856,,ensembl
Plekha2,Plekha2,symbol
Htra4,Htra4,symbol
Tm2d2,Tm2d2,symbol
Adam9,Adam9,symbol
Adam32,Adam32,symbol
LOC120097663,LOC120097663,symbol
Adam5,Adam5,symbol
Adam3a,Adam3a,symbol
LOC120097614,LOC120097614,symbol
Adam18,Adam18,symbol
Ido1,Ido1,symbol
Ido2,Ido2,symbol
ENSRNOG00000070105,,ensembl
Tcim,Tcim,symbol
Zmat4,Zmat4,symbol
Sfrp1,Sfrp1,symbol
LOC120097635,LOC120097635,symbol
LOC120097609,LOC120097609,symbol
Golga7,Golga7,symbol
Gins4,Gins4,symbol
Gpat4,Gpat4,symbol
Nkx6-3,Nkx6-3,symbol
Ank1,Ank1,symbol
rno-mir-486,rno-mir-486,symbol
Kat6a,Kat6a,symbol
ENSRNOG00000067837,,ensembl
LOC120097529,LOC120097529,symbol
Ap3m2,Ap3m2,symbol
Plat,Plat,symbol
Ikbkb,Ikbkb,symbol
Polb,Polb,symbol
Dkk4,Dkk4,symbol
ENSRNOG00000066600,,ensembl
Vdac3,Vdac3,symbol
Slc20a2,Slc20a2,symbol
ENSRNOG00000064084,,ensembl
ENSRNOG00000069277,,ensembl
Smim19,Smim19,symbol
Mrps31,Mrps31,symbol
Slc25a15,Slc25a15,symbol
Tpte2,Tpte2,symbol
Thsd1,Thsd1,symbol
Vps36,Vps36,symbol
Ckap2,Ckap2,symbol
Nek3,Nek3,symbol
Nek5,Nek5,symbol
Alg11,Alg11,symbol
Atp7b,Atp7b,symbol
Ccdc70,Ccdc70,symbol
LOC120097401,LOC120097401,symbol
ENSRNOG00000068710,,ensembl
LOC120097509,LOC120097509,symbol
LOC120097500,LOC120097500,symbol
Fam90a1,Fam90a1,symbol
LOC120097578,LOC120097578,symbol
Defb13,Defb13,symbol
Defb12,Defb12,symbol
Defb15,Defb15,symbol
LOC120093117,LOC120093117,symbol
Defb11,Defb11,symbol
Defb9,Defb9,symbol
Defb10,Defb10,symbol
Defb2,Defb2,symbol
Defb50,Defb50,symbol
Defb1,Defb1,symbol
Np4,Np4,symbol
Defa5,Defa5,symbol
Defa24,Defa24,symbol
Defal1,Defal1,symbol
Defa5-ps2,Defa5-ps2,symbol
Defa6,Defa6,symbol
Np4,Np4,symbol
ENSRNOG00000064390,,ensembl
ENSRNOG00000067523,,ensembl
Defa8,Defa8,symbol
Defa9,Defa9,symbol
RatNP-3b,RatNP-3b,symbol
Defa10,Defa10,symbol
Defa11,Defa11,symbol
Defb51,Defb51,symbol
Defb52,Defb52,symbol
Defb33,Defb33,symbol
Defb5,Defb5,symbol
Defb4,Defb4,symbol
Defb14,Defb14,symbol
Spag11a,Spag11a,symbol
Spag11b,Spag11b,symbol
LOC120097516,LOC120097516,symbol
Defb12,Defb12,symbol
Defb39,Defb39,symbol
Defb38,Defb38,symbol
Defb37,Defb37,symbol
Defb40,Defb40,symbol
LOC100362738,LOC100362738,symbol
Xkr5,Xkr5,symbol
Agpat5,Agpat5,symbol
ENSRNOG00000068977,,ensembl
Map1lc3b2,Map1lc3b2,symbol
Mcph1,Mcph1,symbol
Angpt2,Angpt2,symbol
LOC120097621,LOC120097621,symbol
LOC120097611,LOC120097611,symbol
LOC120097623,LOC120097623,symbol
ENSRNOG00000070631,,ensembl
Csmd1,Csmd1,symbol
LOC120097608,LOC120097608,symbol
Mir3106,Mir3106,symbol
LOC120097613,LOC120097613,symbol
Myom2,Myom2,symbol
Kbtbd11,Kbtbd11,symbol
Arhgef10,Arhgef10,symbol
Cln8,Cln8,symbol
Dlgap2,Dlgap2,symbol
Erich1,Erich1,symbol
Tdrp,Tdrp,symbol
Fbxo25,Fbxo25,symbol
Coprs,Coprs,symbol
Champ1,Champ1,symbol
Upf3a,Upf3a,symbol
Cdc16,Cdc16,symbol
Cfap97d2,Cfap97d2,symbol
LOC120097579,LOC120097579,symbol
Rasa3,Rasa3,symbol
ENSRNOG00000066652,,ensembl
LOC290876,LOC290876,symbol
Gas6,Gas6,symbol
Tmem255b,Tmem255b,symbol
Grk1,Grk1,symbol
Atp4b,Atp4b,symbol
Tfdp1,Tfdp1,symbol
Tmco3,Tmco3,symbol
Dcun1d2,Dcun1d2,symbol
Adprhl1,Adprhl1,symbol
ENSRNOG00000069841,,ensembl
Lamp1,Lamp1,symbol
Cul4a,Cul4a,symbol
ENSRNOG00000064057,,ensembl
Pcid2,Pcid2,symbol
Proz,Proz,symbol
F10,F10,symbol
F7,F7,symbol
Mcf2l,Mcf2l,symbol
Atp11a,Atp11a,symbol
AC117058.1,AC117058.1,symbol
Tubgcp3,Tubgcp3,symbol
Spaca7,Spaca7,symbol
LOC102553495,LOC102553495,symbol
Sox1,Sox1,symbol
Tex29,Tex29,symbol
Arhgef7,Arhgef7,symbol
AABR07026557.1,AABR07026557.1,symbol
Ankrd10,Ankrd10,symbol
Ing1,Ing1,symbol
Cars2,Cars2,symbol
ENSRNOG00000069920,,ensembl
Naxd,Naxd,symbol
Rab20,Rab20,symbol
Col4a2,Col4a2,symbol
Col4a1,Col4a1,symbol
AABR07026565.1,AABR07026565.1,symbol
ENSRNOG00000065768,,ensembl
ENSRNOG00000070250,,ensembl
Irs2,Irs2,symbol
ENSRNOG00000063036,,ensembl
LOC689713,LOC689713,symbol
Myo16,Myo16,symbol
Tnfsf13b,Tnfsf13b,symbol
AABR07026596.2,AABR07026596.2,symbol
Abhd13,Abhd13,symbol
Lig4,Lig4,symbol
Nalf1,Nalf1,symbol
LOC120097574,LOC120097574,symbol
ENSRNOG00000067439,,ensembl
Arglu1,Arglu1,symbol
Mir7654,Mir7654,symbol
Efnb2,Efnb2,symbol
LOC120097617,LOC120097617,symbol
Pdha1l1,Pdha1l1,symbol
LOC120097657,LOC120097657,symbol
Slc10a2,Slc10a2,symbol
ENSRNOG00000062801,,ensembl
ENSRNOG00000064130,,ensembl
ENSRNOG00000069339,,ensembl
Shcbp1,Shcbp1,symbol
Or9s18,Or9s18,symbol
Or14p1,Or14p1,symbol
ENSRNOG00000069447,,ensembl
Mfsd14b,Mfsd14b,symbol
Prss47,Prss47,symbol
Spata31d1c,Spata31d1c,symbol
Spata31a5,Spata31a5,symbol
Cntnap3,Cntnap3,symbol
LOC120098036,LOC120098036,symbol
AABR07026805.2,AABR07026805.2,symbol
LOC120097972,LOC120097972,symbol
Fam240b,Fam240b,symbol
Cdk20,Cdk20,symbol
AABR07026797.1,AABR07026797.1,symbol
Ctsl,Ctsl,symbol
Prxl2c,Prxl2c,symbol
LOC120097964,LOC120097964,symbol
Cdc14b,Cdc14b,symbol
LOC120098028,LOC120098028,symbol
Habp4,Habp4,symbol
Zfp367,Zfp367,symbol
Slc35d2,Slc35d2,symbol
Hsd17b3,Hsd17b3,symbol
Ercc6l2,Ercc6l2,symbol
ENSRNOG00000070371,,ensembl
ENSRNOG00000067157,,ensembl
ENSRNOG00000064424,LOC102554174,ensembl
ENSRNOG00000067401,,ensembl
Ptch1,Ptch1,symbol
LOC120098008,LOC120098008,symbol
Fancc,Fancc,symbol
Aopep,Aopep,symbol
Mir3074,Mir3074,symbol
Mir27b,Mir27b,symbol
Mir23b,Mir23b,symbol
ENSRNOG00000063737,,ensembl
Fbp1,Fbp1,symbol
Fbp2,Fbp2,symbol
ENSRNOG00000065205,Zfp715-ps1,ensembl
ENSRNOG00000067736,,ensembl
ENSRNOG00000063205,,ensembl
ENSRNOG00000068622,LOC134478814,ensembl
ENSRNOG00000067458,,ensembl
LOC102552000,LOC102552000,symbol
LOC102552000,LOC102552000,symbol
ENSRNOG00000068005,,ensembl
ENSRNOG00000065506,Znf431l2,ensembl
LOC120097991,LOC120097991,symbol
LOC102549249,LOC102549249,symbol
ENSRNOG00000064579,,ensembl
LOC102549249,LOC102549249,symbol
ENSRNOG00000065080,,ensembl
AABR07028805.1,AABR07028805.1,symbol
LOC102555902,LOC102555902,symbol
ENSRNOG00000063185,Znf431l14,ensembl
LOC108348224,LOC108348224,symbol
ENSRNOG00000069145,Zfp808,ensembl
Ctsm,Ctsm,symbol
RGD1564657,RGD1564657,symbol
Cts7,Cts7,symbol
LOC120098046,LOC120098046,symbol
Cts8l1,Cts8l1,symbol
Cts8,Cts8,symbol
Ctsr,Ctsr,symbol
MGC114246,MGC114246,symbol
AABR07043347.1,AABR07043347.1,symbol
Ctsq,Ctsq,symbol
LOC100364523,LOC100364523,symbol
Ctsql2,Ctsql2,symbol
Ctsj,Ctsj,symbol
RGD1564827,RGD1564827,symbol
Tpbpa,Tpbpa,symbol
Ctla2a,Ctla2a,symbol
Testin,Testin,symbol
Ctsll3,Ctsll3,symbol
RGD1308751,RGD1308751,symbol
Dapk1,Dapk1,symbol
ENSRNOG00000065398,Gas1,ensembl
ENSRNOG00000063824,,ensembl
Tut7,Tut7,symbol
Isca1,Isca1,symbol
AABR07026929.1,AABR07026929.1,symbol
ENSRNOG00000067016,,ensembl
Spata31d1,Spata31d1,symbol
Spata31d1b,Spata31d1b,symbol
Spata31d3,Spata31d3,symbol
LOC100912252,LOC100912252,symbol
Golm1,Golm1,symbol
Naa35,Naa35,symbol
ENSRNOG00000064986,,ensembl
ENSRNOG00000067410,,ensembl
Agtpbp1,Agtpbp1,symbol
Ntrk2,Ntrk2,symbol
Slc28a3,Slc28a3,symbol
ENSRNOG00000069861,,ensembl
ENSRNOG00000070126,,ensembl
LOC120097982,LOC120097982,symbol
Rmi1,Rmi1,symbol
Hnrnpk,Hnrnpk,symbol
Mir7-1,Mir7-1,symbol
RGD1311345,RGD1311345,symbol
Kif27,Kif27,symbol
ENSRNOG00000068888,,ensembl
Gkap1,Gkap1,symbol
LOC120097973,LOC120097973,symbol
ENSRNOG00000066095,,ensembl
Ubqln1,Ubqln1,symbol
Idnk,Idnk,symbol
ENSRNOG00000070726,,ensembl
Hnrnpa0,Hnrnpa0,symbol
Klhl3,Klhl3,symbol
Mir874,Mir874,symbol
Spock1,Spock1,symbol
Trpc7,Trpc7,symbol
Smad5,Smad5,symbol
Tgfbi,Tgfbi,symbol
Lect2,Lect2,symbol
Fbxl21,Fbxl21,symbol
Il9,Il9,symbol
Slc25a48,Slc25a48,symbol
RGD1562024,RGD1562024,symbol
LOC120098049,LOC120098049,symbol
Cxcl14,Cxcl14,symbol
Neurog1,Neurog1,symbol
LOC100360522,LOC100360522,symbol
Tifab,Tifab,symbol
LOC120097998,LOC120097998,symbol
Macroh2a1,Macroh2a1,symbol
ENSRNOG00000065846,,ensembl
Pitx1,Pitx1,symbol
Catsper3,Catsper3,symbol
Txndc15,Txndc15,symbol
RGD1566359,RGD1566359,symbol
Ddx46,Ddx46,symbol
Camlg,Camlg,symbol
B4galt7,B4galt7,symbol
Tmed9,Tmed9,symbol
Fam193b,Fam193b,symbol
Ddx41,Ddx41,symbol
Mir3542,Mir3542,symbol
Dok3,Dok3,symbol
Pdlim7,Pdlim7,symbol
Dbn1,Dbn1,symbol
Prr7,Prr7,symbol
Grk6,Grk6,symbol
F12,F12,symbol
Slc34a1,Slc34a1,symbol
LOC120098038,LOC120098038,symbol
Rgs14,Rgs14,symbol
Lman2,Lman2,symbol
ENSRNOG00000064475,,ensembl
Mxd3,Mxd3,symbol
Prelid1,Prelid1,symbol
Mxd3,Mxd3,symbol
ENSRNOG00000066229,,ensembl
ENSRNOG00000063744,,ensembl
Nsd1,Nsd1,symbol
LOC498705,LOC498705,symbol
Fgfr4,Fgfr4,symbol
Zfp346,Zfp346,symbol
ENSRNOG00000070356,,ensembl
Uimc1,Uimc1,symbol
Hk3,Hk3,symbol
Unc5a,Unc5a,symbol
Tspan17,Tspan17,symbol
AC135142.1,AC135142.1,symbol
Sncb,Sncb,symbol
Gprin1,Gprin1,symbol
Cdhr2,Cdhr2,symbol
Rnf44,Rnf44,symbol
Faf2,Faf2,symbol
Cltb,Cltb,symbol
Higd2a,Higd2a,symbol
Nop16,Nop16,symbol
Arl10,Arl10,symbol
LOC306766,LOC306766,symbol
Simc1,Simc1,symbol
ENSRNOG00000070587,,ensembl
ENSRNOG00000068596,,ensembl
ENSRNOG00000062636,,ensembl
Thoc3,Thoc3,symbol
Cplx2,Cplx2,symbol
Hrh2,Hrh2,symbol
LOC108348509,LOC108348509,symbol
Sfxn1,Sfxn1,symbol
LOC120098019,LOC120098019,symbol
Drd1,Drd1,symbol
LOC120098032,LOC120098032,symbol
Msx2,Msx2,symbol
ENSRNOG00000069931,,ensembl
ENSRNOG00000063656,,ensembl
ENSRNOG00000068269,,ensembl
ENSRNOG00000068907,,ensembl
ENSRNOG00000063573,,ensembl
ENSRNOG00000067244,,ensembl
ENSRNOG00000066868,,ensembl
ENSRNOG00000066129,,ensembl
ENSRNOG00000071160,,ensembl
ENSRNOG00000070577,,ensembl
ENSRNOG00000070510,,ensembl
ENSRNOG00000068971,,ensembl
ENSRNOG00000070370,,ensembl
ENSRNOG00000065125,,ensembl
ENSRNOG00000063526,,ensembl
Sptlc1,Sptlc1,symbol
Uqcc1-ps1,Uqcc1-ps1,symbol
ENSRNOG00000068509,,ensembl
Ror2,Ror2,symbol
LOC120097990,LOC120097990,symbol
Nfil3,Nfil3,symbol
Auh,Auh,symbol
Syk,Syk,symbol
ENSRNOG00000064869,,ensembl
Diras2,Diras2,symbol
LOC120098002,LOC120098002,symbol
Gadd45g,Gadd45g,symbol
Sema4d,Sema4d,symbol
Secisbp2,Secisbp2,symbol
ENSRNOG00000064546,,ensembl
ENSRNOG00000067254,,ensembl
LOC120097978,LOC120097978,symbol
ENSRNOG00000067495,,ensembl
ENSRNOG00000066675,,ensembl
Shc3,Shc3,symbol
S1pr3,S1pr3,symbol
Metazoa_SRP,Metazoa_SRP,symbol
Nxnl2,Nxnl2,symbol
Spin1,Spin1,symbol
LOC120097801,LOC120097801,symbol
LOC689303,LOC689303,symbol
Fbxw17,Fbxw17,symbol
ENSRNOG00000064541,,ensembl
Nutm2f,Nutm2f,symbol
LOC102548031,LOC102548031,symbol
LOC689437,LOC689437,symbol
ENSRNOG00000067613,,ensembl
LOC689458,LOC689458,symbol
Spata31c2,Spata31c2,symbol
ENSRNOG00000067078,,ensembl
LOC120097804,LOC120097804,symbol
AABR07027141.1,AABR07027141.1,symbol
ENSRNOG00000066214,,ensembl
LOC689526,LOC689526,symbol
LOC102549716,LOC102549716,symbol
LOC689569,LOC689569,symbol
ENSRNOG00000070712,LOC134482685,ensembl
AABR07072539.5,AABR07072539.5,symbol
Iars1,Iars1,symbol
LOC120097976,LOC120097976,symbol
ENSRNOG00000066521,,ensembl
LOC120098012,LOC120098012,symbol
Nol8,Nol8,symbol
Cenpp,Cenpp,symbol
Ogn,Ogn,symbol
Omd,Omd,symbol
Aspn,Aspn,symbol
Rpl6-ps6,Rpl6-ps6,symbol
Ecm2,Ecm2,symbol
Ippk,Ippk,symbol
ENSRNOG00000065601,,ensembl
LOC100361933,LOC100361933,symbol
Bicd2,Bicd2,symbol
ENSRNOG00000063980,,ensembl
Fgd3,Fgd3,symbol
Susd3,Susd3,symbol
Card19,Card19,symbol
Ninj1,Ninj1,symbol
Wnk2,Wnk2,symbol
Fam120a,Fam120a,symbol
Phf2,Phf2,symbol
Barx1,Barx1,symbol
ENSRNOG00000068481,,ensembl
ENSRNOG00000062829,,ensembl
ENSRNOG00000068189,,ensembl
Ptpdc1,Ptpdc1,symbol
ENSRNOG00000068587,,ensembl
ENSRNOG00000069500,,ensembl
LOC120097987,LOC120097987,symbol
ENSRNOG00000070899,,ensembl
Mirlet7a1,Mirlet7a1,symbol
Mirlet7f-1os,Mirlet7f-1os,symbol
Mirlet7d,Mirlet7d,symbol
Zfp169,Zfp169,symbol
Id4,Id4,symbol
LOC120098023,LOC120098023,symbol
Rnf144b,Rnf144b,symbol
LOC120098010,LOC120098010,symbol
Dek,Dek,symbol
Kdm1b,Kdm1b,symbol
Tpmt,Tpmt,symbol
Nhlrc1,Nhlrc1,symbol
ENSRNOG00000065377,,ensembl
ENSRNOG00000063934,,ensembl
Kif13a,Kif13a,symbol
LOC120098057,LOC120098057,symbol
LOC120098042,LOC120098042,symbol
LOC120097853,LOC120097853,symbol
Nup153,Nup153,symbol
Fam8a1,Fam8a1,symbol
Cap2,Cap2,symbol
LOC102554989,LOC102554989,symbol
Rbm24,Rbm24,symbol
Stmnd1,Stmnd1,symbol
ENSRNOG00000068968,,ensembl
Atxn1,Atxn1,symbol
Gmpr,Gmpr,symbol
LOC120098056,LOC120098056,symbol
ENSRNOG00000069395,,ensembl
Mylip,Mylip,symbol
LOC120098037,LOC120098037,symbol
LOC120098051,LOC120098051,symbol
LOC120098043,LOC120098043,symbol
Dtnbp1,Dtnbp1,symbol
ENSRNOG00000069114,,ensembl
Jarid2,Jarid2,symbol
ENSRNOG00000066568,,ensembl
ENSRNOG00000065837,,ensembl
ENSRNOG00000067617,,ensembl
ENSRNOG00000070628,LOC134482830,ensembl
ENSRNOG00000062602,,ensembl
ENSRNOG00000068616,,ensembl
ENSRNOG00000066536,,ensembl
Cd83,Cd83,symbol
Rnf182,Rnf182,symbol
Mcur1,Mcur1,symbol
Ranbp9,Ranbp9,symbol
LOC120098048,LOC120098048,symbol
Nol7,Nol7,symbol
Sirt5,Sirt5,symbol
LOC120098011,LOC120098011,symbol
Gfod1,Gfod1,symbol
ENSRNOG00000068332,Gfod1,ensembl
LOC102547830,LOC102547830,symbol
Tbc1d7,Tbc1d7,symbol
Phactr1,Phactr1,symbol
Edn1,Edn1,symbol
Hivep1,Hivep1,symbol
ENSRNOG00000071193,,ensembl
Adtrp,Adtrp,symbol
LOC100362172,LOC100362172,symbol
Tmem170b,Tmem170b,symbol
Nedd9,Nedd9,symbol
Gm17364,Gm17364,symbol
Mir3566,Mir3566,symbol
Elovl2,Elovl2,symbol
Sycp2l,Sycp2l,symbol
Gcm2,Gcm2,symbol
Mak,Mak,symbol
Tmem14c,Tmem14c,symbol
Pak1ip1,Pak1ip1,symbol
C17h6orf52,C17h6orf52,symbol
Gcnt2,Gcnt2,symbol
Rpl13a-ps4,Rpl13a-ps4,symbol
Tfap2a,Tfap2a,symbol
LOC100362620,LOC100362620,symbol
AABR07027339.1,AABR07027339.1,symbol
Ofcc1,Ofcc1,symbol
LOC120097969,LOC120097969,symbol
LOC120098031,LOC120098031,symbol
Slc35b3,Slc35b3,symbol
Pole3-ps2,Pole3-ps2,symbol
Eef1e1,Eef1e1,symbol
Bloc1s5,Bloc1s5,symbol
Txndc5,Txndc5,symbol
Bmp6,Bmp6,symbol
Snrnp48,Snrnp48,symbol
LOC120098045,LOC120098045,symbol
Dsp,Dsp,symbol
Riok1,Riok1,symbol
Cage1,Cage1,symbol
Ssr1,Ssr1,symbol
Rreb1,Rreb1,symbol
RGD1563601,RGD1563601,symbol
LOC120098041,LOC120098041,symbol
Ly86,Ly86,symbol
F13a1,F13a1,symbol
Nrn1,Nrn1,symbol
LOC120097996,LOC120097996,symbol
Fars2,Fars2,symbol
Lyrm4,Lyrm4,symbol
Ppp1r3g,Ppp1r3g,symbol
Rpp40,Rpp40,symbol
Cdyl,Cdyl,symbol
ENSRNOG00000068821,,ensembl
LOC120097993,LOC120097993,symbol
Eci2,Eci2,symbol
Eci3,Eci3,symbol
Tex56p,Tex56p,symbol
Fam217a,Fam217a,symbol
Prpf4b,Prpf4b,symbol
Fam50b,Fam50b,symbol
Pxdc1,Pxdc1,symbol
Slc22a23,Slc22a23,symbol
Psmg4,Psmg4,symbol
Tubb2a,Tubb2a,symbol
Tubb2b,Tubb2b,symbol
Bphl,Bphl,symbol
ENSRNOG00000067925,,ensembl
Ripk1,Ripk1,symbol
Serpinb6a,Serpinb6a,symbol
Nqo2,Nqo2,symbol
RGD1564786,RGD1564786,symbol
Serpinb6e,Serpinb6e,symbol
Serpinb9d,Serpinb9d,symbol
Serpinb1b,Serpinb1b,symbol
RGD1562844,RGD1562844,symbol
Serpinb9,Serpinb9,symbol
Serpinb6b,Serpinb6b,symbol
ENSRNOG00000069054,,ensembl
LOC102555109,LOC102555109,symbol
ENSRNOG00000067325,,ensembl
LOC120098022,LOC120098022,symbol
Serpinb1a,Serpinb1a,symbol
Wrnip1,Wrnip1,symbol
ENSRNOG00000063699,,ensembl
LOC108348554,LOC108348554,symbol
Mylk4,Mylk4,symbol
LOC120098054,LOC120098054,symbol
Gmds,Gmds,symbol
Foxc1,Foxc1,symbol
LOC120097742,LOC120097742,symbol
LOC120098017,LOC120098017,symbol
Foxf2,Foxf2,symbol
Foxq1,Foxq1,symbol
Foxq1,Foxq1,symbol
LOC120098004,LOC120098004,symbol
Exoc2,Exoc2,symbol
Mir6319-2,Mir6319-2,symbol
Irf4,Irf4,symbol
Dusp22,Dusp22,symbol
LOC108348556,LOC108348556,symbol
Uqcrfs1,Uqcrfs1,symbol
ENSRNOG00000070855,,ensembl
Agtr1a,Agtr1a,symbol
Mboat1,Mboat1,symbol
LOC120098016,LOC120098016,symbol
E2f3,E2f3,symbol
ENSRNOG00000062512,,ensembl
RGD1561310,RGD1561310,symbol
Cdkal1,Cdkal1,symbol
LOC120098014,LOC120098014,symbol
LOC120098052,LOC120098052,symbol
LOC120097975,LOC120097975,symbol
ENSRNOG00000065771,,ensembl
ENSRNOG00000071123,,ensembl
ENSRNOG00000068127,,ensembl
Sox4,Sox4,symbol
Prl5a2,Prl5a2,symbol
Prl5a1,Prl5a1,symbol
Prl4a1,Prl4a1,symbol
Prl2c1,Prl2c1,symbol
Prl2a1,Prl2a1,symbol
Prl7c1,Prl7c1,symbol
Prl7d1,Prl7d1,symbol
Prl7a3,Prl7a3,symbol
Prl7a4,Prl7a4,symbol
Prl7a1l-ps1,Prl7a1l-ps1,symbol
Prl7b1,Prl7b1,symbol
LOC120098040,LOC120098040,symbol
ENSRNOG00000069902,,ensembl
Prl8a9,Prl8a9,symbol
Prl3d4,Prl3d4,symbol
Prl8a5,Prl8a5,symbol
Prl8a3,Prl8a3,symbol
Prl8a4,Prl8a4,symbol
Prl8a7,Prl8a7,symbol
Prl2b1,Prl2b1,symbol
Prl8a2,Prl8a2,symbol
Prl6a1,Prl6a1,symbol
Prl3a1,Prl3a1,symbol
Prl3b1,Prl3b1,symbol
Prl3c1,Prl3c1,symbol
Prl3d2,Prl3d2,symbol
Prl,Prl,symbol
ENSRNOG00000064431,,ensembl
ENSRNOG00000065594,,ensembl
ENSRNOG00000062734,,ensembl
Nrsn1,Nrsn1,symbol
Dcdc2,Dcdc2,symbol
ENSRNOG00000069115,,ensembl
Mrs2,Mrs2,symbol
Gpld1,Gpld1,symbol
Aldh5a1,Aldh5a1,symbol
RGD1307443,RGD1307443,symbol
Rpl37-ps1,Rpl37-ps1,symbol
Tdp2,Tdp2,symbol
Acot13,Acot13,symbol
C17h6orf62-ps1,C17h6orf62-ps1,symbol
Gmnn,Gmnn,symbol
Armh2,Armh2,symbol
LOC120098024,LOC120098024,symbol
Ripor2,Ripor2,symbol
ENSRNOG00000063506,,ensembl
LOC120097967,LOC120097967,symbol
Cmahp,Cmahp,symbol
LOC120098001,LOC120098001,symbol
ENSRNOG00000067245,,ensembl
ENSRNOG00000064118,,ensembl
Carmil1,Carmil1,symbol
Scgn,Scgn,symbol
H2ac1,H2ac1,symbol
H2bc1,H2bc1,symbol
Slc17a4,Slc17a4,symbol
AABR07027750.1,AABR07027750.1,symbol
Slc17a3,Slc17a3,symbol
Slc17a2,Slc17a2,symbol
H1f1,H1f1,symbol
Hist1h3b,Hist1h3b,symbol
LOC102549173,LOC102549173,symbol
Hist1h4m,Hist1h4m,symbol
AC130391.1,AC130391.1,symbol
H3c13,H3c13,symbol
Hist1h2af,Hist1h2af,symbol
H1f2,H1f2,symbol
Hfe,Hfe,symbol
Hist1h4m,Hist1h4m,symbol
H1f6,H1f6,symbol
Hist1h2bq,Hist1h2bq,symbol
AC130391.3,AC130391.3,symbol
ENSRNOG00000067310,,ensembl
LOC120097965,LOC120097965,symbol
H1f4,H1f4,symbol
Hist1h4m,Hist1h4m,symbol
H4f3,H4f3,symbol
hist1h2ail2,hist1h2ail2,symbol
AABR07027753.1,AABR07027753.1,symbol
LOC102548682,LOC102548682,symbol
LOC100910200,LOC100910200,symbol
Hist1h3b,Hist1h3b,symbol
LOC120097726,LOC120097726,symbol
Hist1h2bg,Hist1h2bg,symbol
Hist1h4m,Hist1h4m,symbol
Btn2a2,Btn2a2,symbol
Btn1a1,Btn1a1,symbol
LOC120098034,LOC120098034,symbol
LOC120097977,LOC120097977,symbol
Abt1,Abt1,symbol
Zfp322a,Zfp322a,symbol
AABR07027878.1,AABR07027878.1,symbol
ENSRNOG00000068380,,ensembl
ENSRNOG00000063460,,ensembl
ENSRNOG00000067427,,ensembl
ENSRNOG00000069946,,ensembl
ENSRNOG00000069772,,ensembl
ENSRNOG00000070037,,ensembl
ENSRNOG00000069116,LOC134482856,ensembl
ENSRNOG00000066454,,ensembl
ENSRNOG00000066901,,ensembl
Hist1h2ac,Hist1h2ac,symbol
Hist2h4,Hist2h4,symbol
H2ac12,H2ac12,symbol
ENSRNOG00000070527,,ensembl
Prss16,Prss16,symbol
ENSRNOG00000066580,,ensembl
Pom121l2,Pom121l2,symbol
Zfp184,Zfp184,symbol
AABR07027810.4,AABR07027810.4,symbol
Hist1h2bo,Hist1h2bo,symbol
Hist1h2bc,Hist1h2bc,symbol
LOC100910554,LOC100910554,symbol
Hist1h2ao,Hist1h2ao,symbol
ENSRNOG00000069233,H2bc4,ensembl
ENSRNOG00000068602,,ensembl
H3c1,H3c1,symbol
H1f5,H1f5,symbol
ENSRNOG00000064540,H2bc12,ensembl
Hist1h4m,Hist1h4m,symbol
Hist1h2bo,Hist1h2bo,symbol
Hist1h2ail1,Hist1h2ail1,symbol
H2ac4,H2ac4,symbol
ENSRNOG00000070346,,ensembl
Or2b2,Or2b2,symbol
Or2b2c-ps1,Or2b2c-ps1,symbol
LOC102557552,LOC102557552,symbol
LOC120097985,LOC120097985,symbol
Or2w2,Or2w2,symbol
Or1f12-ps1,Or1f12-ps1,symbol
Zkscan8,Zkscan8,symbol
ENSRNOG00000065338,,ensembl
LOC120097968,LOC120097968,symbol
Zkscan4,Zkscan4,symbol
Nkapl,Nkapl,symbol
Zscan26,Zscan26,symbol
Mir1896,Mir1896,symbol
Zkscan3,Zkscan3,symbol
Zscan12,Zscan12,symbol
AABR07027819.1,AABR07027819.1,symbol
ENSRNOG00000069741,,ensembl
ENSRNOG00000064537,,ensembl
ENSRNOG00000065671,,ensembl
ENSRNOG00000065382,,ensembl
Gpx6,Gpx6,symbol
Gpx5,Gpx5,symbol
LOC120097981,LOC120097981,symbol
Trim27,Trim27,symbol
ENSRNOG00000063415,LOC102547106,ensembl
Or2ad1,Or2ad1,symbol
LOC120097979,LOC120097979,symbol
Or2w1,Or2w1,symbol
Or2w1c,Or2w1c,symbol
RGD1564243,RGD1564243,symbol
Or2p2,Or2p2,symbol
Aoah,Aoah,symbol
LOC120098000,LOC120098000,symbol
ENSRNOG00000065006,,ensembl
ENSRNOG00000062924,,ensembl
AABR07027854.1,AABR07027854.1,symbol
Elmo1,Elmo1,symbol
LOC120097999,LOC120097999,symbol
ENSRNOG00000069096,,ensembl
Gpr141,Gpr141,symbol
AABR07027866.1,AABR07027866.1,symbol
Sfrp4,Sfrp4,symbol
Nme8,Nme8,symbol
Epdr1,Epdr1,symbol
LOC120098033,LOC120098033,symbol
LOC498759,LOC498759,symbol
Stard3nl,Stard3nl,symbol
ENSRNOG00000063508,,ensembl
ENSRNOG00000066100,,ensembl
AABR07027872.1,AABR07027872.1,symbol
ENSRNOG00000070051,,ensembl
LOC100910792,LOC100910792,symbol
LOC120098035,LOC120098035,symbol
LOC120098006,LOC120098006,symbol
Vps41,Vps41,symbol
Pou6f2,Pou6f2,symbol
AABR07027925.2,AABR07027925.2,symbol
Yae1,Yae1,symbol
ENSRNOG00000062851,,ensembl
Rala,Rala,symbol
Cdk13,Cdk13,symbol
ENSRNOG00000066463,,ensembl
Mplkip,Mplkip,symbol
Sugct,Sugct,symbol
LOC120097966,LOC120097966,symbol
Inhba,Inhba,symbol
ENSRNOG00000067963,,ensembl
ENSRNOG00000067121,,ensembl
Gli3,Gli3,symbol
LOC120098021,LOC120098021,symbol
LOC120098015,LOC120098015,symbol
Psme1-ps1,Psme1-ps1,symbol
Gabpb1l,Gabpb1l,symbol
Hax1-ps1,Hax1-ps1,symbol
RGD1308147,RGD1308147,symbol
Psma2,Psma2,symbol
Mrpl32,Mrpl32,symbol
Hecw1,Hecw1,symbol
Rbbp4-ps2,Rbbp4-ps2,symbol
ENSRNOG00000064563,,ensembl
Arid4b,Arid4b,symbol
Ggps1,Ggps1,symbol
Tbce,Tbce,symbol
B3galnt2,B3galnt2,symbol
ENSRNOG00000063944,,ensembl
Kif5b,Kif5b,symbol
ENSRNOG00000062456,,ensembl
Arhgap12,Arhgap12,symbol
ENSRNOG00000068718,,ensembl
ENSRNOG00000064004,,ensembl
Zeb1,Zeb1,symbol
ENSRNOG00000067560,,ensembl
ENSRNOG00000066301,,ensembl
ENSRNOG00000063546,,ensembl
LOC120097983,LOC120097983,symbol
Zfp438,Zfp438,symbol
LOC103694107,LOC103694107,symbol
Svil,Svil,symbol
ENSRNOG00000064109,,ensembl
Jcad,Jcad,symbol
LOC120097980,LOC120097980,symbol
Mtpap,Mtpap,symbol
Map3k8,Map3k8,symbol
ENSRNOG00000065443,,ensembl
Lyzl1,Lyzl1,symbol
LOC120098025,LOC120098025,symbol
Bambi,Bambi,symbol
RGD1564129,RGD1564129,symbol
Cul2,Cul2,symbol
ENSRNOG00000064489,,ensembl
LOC108348578,LOC108348578,symbol
Crem,Crem,symbol
ENSRNOG00000070395,,ensembl
Epc1,Epc1,symbol
Mir1893,Mir1893,symbol
RGD1564129,RGD1564129,symbol
Fam95c,Fam95c,symbol
LOC120097781,LOC120097781,symbol
LOC102553208,LOC102553208,symbol
LOC686142,LOC686142,symbol
RGD1560860,RGD1560860,symbol
ENSRNOG00000067341,,ensembl
Rab18,Rab18,symbol
Mkx,Mkx,symbol
Odad2,Odad2,symbol
ENSRNOG00000069645,,ensembl
LOC120098020,LOC120098020,symbol
Mpp7,Mpp7,symbol
LOC120098009,LOC120098009,symbol
ENSRNOG00000068774,,ensembl
Wac,Wac,symbol
ENSRNOG00000062647,,ensembl
ENSRNOG00000066586,,ensembl
ENSRNOG00000069385,,ensembl
LOC120097995,LOC120097995,symbol
LOC688682,LOC688682,symbol
AABR07028237.1,AABR07028237.1,symbol
ENSRNOG00000065875,,ensembl
ENSRNOG00000062407,,ensembl
Fzd8,Fzd8,symbol
Gjd4,Gjd4,symbol
ENSRNOG00000063889,,ensembl
Ccny,Ccny,symbol
RNaseP_nuc,RNaseP_nuc,symbol
AABR07028262.1,AABR07028262.1,symbol
LOC103690071,LOC103690071,symbol
Poted,Poted,symbol
Anlnl1,Anlnl1,symbol
Lgals8,Lgals8,symbol
Heatr1,Heatr1,symbol
Actn2,Actn2,symbol
Mtr,Mtr,symbol
AABR07028349.1,AABR07028349.1,symbol
Ryr2,Ryr2,symbol
LOC120098026,LOC120098026,symbol
RNaseP_nuc,RNaseP_nuc,symbol
Zp4,Zp4,symbol
Chrm3,Chrm3,symbol
ENSRNOG00000070359,,ensembl
Zmynd11,Zmynd11,symbol
Dip2c,Dip2c,symbol
Larp4b,Larp4b,symbol
Gtpbp4,Gtpbp4,symbol
Idi2,Idi2,symbol
LOC120097764,LOC120097764,symbol
RGD1564347,RGD1564347,symbol
ENSRNOG00000066336,,ensembl
LOC102550988,LOC102550988,symbol
LOC102551575,LOC102551575,symbol
RGD1564999,RGD1564999,symbol
LOC100911936,LOC100911936,symbol
ENSRNOG00000062441,,ensembl
Idi1,Idi1,symbol
Wdr37,Wdr37,symbol
Adarb2,Adarb2,symbol
AABR07028185.1,AABR07028185.1,symbol
Moap1-ps1,Moap1-ps1,symbol
ENSRNOG00000070722,,ensembl
ENSRNOG00000069703,,ensembl
Pfkp,Pfkp,symbol
Pitrm1,Pitrm1,symbol
Klf6,Klf6,symbol
LOC120098005,LOC120098005,symbol
LOC120097984,LOC120097984,symbol
LOC120098044,LOC120098044,symbol
Akr1e2,Akr1e2,symbol
Akr1c2,Akr1c2,symbol
ENSRNOG00000066735,,ensembl
Akr1c1,Akr1c1,symbol
AKR1C3l1,AKR1C3l1,symbol
ENSRNOG00000063788,,ensembl
Akr1c12l1,Akr1c12l1,symbol
Akr1c13,Akr1c13,symbol
AABR07065291.1,AABR07065291.1,symbol
Akr1c19,Akr1c19,symbol
ENSRNOG00000069161,,ensembl
ENSRNOG00000064337,,ensembl
Akr1c12,Akr1c12,symbol
Akr1c3,Akr1c3,symbol
Akr1c14,Akr1c14,symbol
Akr1c15,Akr1c15,symbol
Ucn3,Ucn3,symbol
Tubal3,Tubal3,symbol
Net1,Net1,symbol
Calml3,Calml3,symbol
ENSRNOG00000066411,,ensembl
Asb13,Asb13,symbol
Tasor2,Tasor2,symbol
Gdi2,Gdi2,symbol
Ankrd16,Ankrd16,symbol
Fbh1,Fbh1,symbol
Il15ra,Il15ra,symbol
ENSRNOG00000065065,,ensembl
Il2ra,Il2ra,symbol
ENSRNOG00000069771,,ensembl
Rbm17,Rbm17,symbol
Pfkfb3,Pfkfb3,symbol
LOC120098047,LOC120098047,symbol
ENSRNOG00000070418,,ensembl
Prkcq,Prkcq,symbol
LOC120097974,LOC120097974,symbol
Sfmbt2,Sfmbt2,symbol
Itih5,Itih5,symbol
Itih2,Itih2,symbol
Kin,Kin,symbol
Atp5f1c,Atp5f1c,symbol
LOC120097988,LOC120097988,symbol
LOC120097843,LOC120097843,symbol
ENSRNOG00000064708,,ensembl
ENSRNOG00000065161,,ensembl
Gata3,Gata3,symbol
LOC120097994,LOC120097994,symbol
LOC120098030,LOC120098030,symbol
ENSRNOG00000063235,,ensembl
ENSRNOG00000067998,,ensembl
LOC120098055,LOC120098055,symbol
Celf2,Celf2,symbol
ENSRNOG00000067224,,ensembl
ENSRNOG00000064357,,ensembl
Usp6nl,Usp6nl,symbol
LOC120098050,LOC120098050,symbol
ENSRNOG00000064278,,ensembl
Echdc3,Echdc3,symbol
Proser2,Proser2,symbol
Upf2,Upf2,symbol
Dhtkd1,Dhtkd1,symbol
Sec61a2,Sec61a2,symbol
Nudt5,Nudt5,symbol
ENSRNOG00000063665,,ensembl
Cdc123,Cdc123,symbol
Camk1d,Camk1d,symbol
ENSRNOG00000066940,,ensembl
Ccdc3,Ccdc3,symbol
Optn,Optn,symbol
Mcm10,Mcm10,symbol
Ucma,Ucma,symbol
Phyh,Phyh,symbol
ENSRNOG00000066037,LOC120097916,ensembl
Sephs1,Sephs1,symbol
Bend7,Bend7,symbol
Prpf18,Prpf18,symbol
Fbxl14-ps1,Fbxl14-ps1,symbol
AABR07028615.1,AABR07028615.1,symbol
ENSRNOG00000067594,,ensembl
Fam107b,Fam107b,symbol
Cdnf,Cdnf,symbol
LOC102547897,LOC102547897,symbol
Hspa14,Hspa14,symbol
Suv39h2,Suv39h2,symbol
Dclre1c,Dclre1c,symbol
Mt1-ps3,Mt1-ps3,symbol
Meig1,Meig1,symbol
Rpl34-ps1,Rpl34-ps1,symbol
Olah,Olah,symbol
Acbd7,Acbd7,symbol
Rpp38,Rpp38,symbol
Nmt2,Nmt2,symbol
LOC120098027,LOC120098027,symbol
Fam171a1,Fam171a1,symbol
ENSRNOG00000067275,,ensembl
Itga8,Itga8,symbol
LOC120097971,LOC120097971,symbol
Mindy3,Mindy3,symbol
LOC108348617,LOC108348617,symbol
LOC120097970,LOC120097970,symbol
Pter,Pter,symbol
C1ql3,C1ql3,symbol
ENSRNOG00000068410,,ensembl
ENSRNOG00000064793,,ensembl
Rsu1,Rsu1,symbol
Cubn,Cubn,symbol
Trdmt1,Trdmt1,symbol
Vim,Vim,symbol
St8sia6,St8sia6,symbol
Hacd1,Hacd1,symbol
Stam,Stam,symbol
Tmem236,Tmem236,symbol
Mrc1,Mrc1,symbol
Mir511,Mir511,symbol
Slc39a12,Slc39a12,symbol
Cacnb2,Cacnb2,symbol
LOC120098018,LOC120098018,symbol
Nsun6,Nsun6,symbol
Arl5b,Arl5b,symbol
AABR07029559.1,AABR07029559.1,symbol
Malrd1,Malrd1,symbol
LOC120097989,LOC120097989,symbol
LOC120098039,LOC120098039,symbol
Plxdc2,Plxdc2,symbol
Nebl,Nebl,symbol
AABR07028748.1,AABR07028748.1,symbol
ENSRNOG00000064328,,ensembl
Skida1,Skida1,symbol
Mllt10,Mllt10,symbol
Dnajc1,Dnajc1,symbol
Commd3,Commd3,symbol
Bmi1,Bmi1,symbol
Spag6,Spag6,symbol
Pip4k2a,Pip4k2a,symbol
ENSRNOG00000070714,,ensembl
Armc3,Armc3,symbol
LOC100912261,LOC100912261,symbol
Msrb2,Msrb2,symbol
ENSRNOG00000069575,,ensembl
Ptf1a,Ptf1a,symbol
AABR07028784.1,AABR07028784.1,symbol
LOC681241,LOC681241,symbol
Otud1,Otud1,symbol
LOC120098007,LOC120098007,symbol
Etl4,Etl4,symbol
LOC120098053,LOC120098053,symbol
Arhgap21,Arhgap21,symbol
Prtfdc1,Prtfdc1,symbol
LOC102550221,LOC102550221,symbol
Enkur,Enkur,symbol
Thnsl1,Thnsl1,symbol
RGD1566369,RGD1566369,symbol
ENSRNOG00000064218,,ensembl
Gpr158,Gpr158,symbol
LOC120097986,LOC120097986,symbol
LOC120097992,LOC120097992,symbol
Myo3a,Myo3a,symbol
LOC120098003,LOC120098003,symbol
LOC108348601,LOC108348601,symbol
Gad2,Gad2,symbol
Apbb1ip,Apbb1ip,symbol
Pdss1,Pdss1,symbol
Abi1,Abi1,symbol
Acbd5,Acbd5,symbol
Mastl,Mastl,symbol
Yme1l1,Yme1l1,symbol
Potec,Potec,symbol
LOC102549174,LOC102549174,symbol
AABR07028874.1,AABR07028874.1,symbol
ENSRNOG00000070654,,ensembl
LOC108353138,LOC108353138,symbol
Edaradd,Edaradd,symbol
LOC120093110,LOC120093110,symbol
LOC120097770,LOC120097770,symbol
LOC120097771,LOC120097771,symbol
Ero1b,Ero1b,symbol
Gpr137b,Gpr137b,symbol
Nid1,Nid1,symbol
AABR07028902.1,AABR07028902.1,symbol
Gng4,Gng4,symbol
Vom2r75,Vom2r75,symbol
Cmc4,Cmc4,symbol
Fundc2,Fundc2,symbol
F8,F8,symbol
Mtmr1,Mtmr1,symbol
LOC120098427,LOC120098427,symbol
ENSRNOG00000069512,,ensembl
ENSRNOG00000069557,,ensembl
Zfp136,Zfp136,symbol
Cetn1,Cetn1,symbol
Colec12,Colec12,symbol
ENSRNOG00000066369,,ensembl
Sec13-ps2,Sec13-ps2,symbol
Thoc1,Thoc1,symbol
Usp14,Usp14,symbol
Rock1,Rock1,symbol
LOC120098305,LOC120098305,symbol
Greb1l,Greb1l,symbol
LOC103694176,LOC103694176,symbol
Esco1,Esco1,symbol
ENSRNOG00000065471,,ensembl
Snrpd1,Snrpd1,symbol
LOC120098390,LOC120098390,symbol
Abhd3,Abhd3,symbol
Mib1,Mib1,symbol
LOC120098356,LOC120098356,symbol
Mir3582,Mir3582,symbol
Mir3571,Mir3571,symbol
ENSRNOG00000071008,,ensembl
LOC100909782,LOC100909782,symbol
Gata6,Gata6,symbol
LOC120098425,LOC120098425,symbol
Rbbp8,Rbbp8,symbol
Cables1,Cables1,symbol
Tmem241,Tmem241,symbol
LOC120098391,LOC120098391,symbol
Riok3,Riok3,symbol
Rmc1,Rmc1,symbol
Npc1,Npc1,symbol
AABR07031184.2,AABR07031184.2,symbol
Ankrd29,Ankrd29,symbol
Lama3,Lama3,symbol
LOC120098413,LOC120098413,symbol
ENSRNOG00000062995,,ensembl
ENSRNOG00000068520,,ensembl
Ttc39c,Ttc39c,symbol
Cabyr,Cabyr,symbol
Osbpl1a,Osbpl1a,symbol
LOC120098329,LOC120098329,symbol
Impact,Impact,symbol
Hrh4,Hrh4,symbol
LOC108349606,LOC108349606,symbol
Zfp521,Zfp521,symbol
Ss18,Ss18,symbol
Psma8,Psma8,symbol
Taf4b,Taf4b,symbol
LOC120098397,LOC120098397,symbol
Kctd1,Kctd1,symbol
Rpl39,Rpl39,symbol
ENSRNOG00000070435,,ensembl
LOC102551724,LOC102551724,symbol
ENSRNOG00000063364,,ensembl
LOC108348750,LOC108348750,symbol
Aqp4,Aqp4,symbol
ENSRNOG00000068438,,ensembl
Chst9,Chst9,symbol
LOC108348751,LOC108348751,symbol
LOC120098389,LOC120098389,symbol
AC118833.1,AC118833.1,symbol
LOC120098434,LOC120098434,symbol
Cdh2,Cdh2,symbol
LOC120098382,LOC120098382,symbol
ENSRNOG00000066412,,ensembl
LOC120098417,LOC120098417,symbol
LOC120098418,LOC120098418,symbol
Dsc3,Dsc3,symbol
Dsc2,Dsc2,symbol
Dsc1,Dsc1,symbol
ENSRNOG00000069260,,ensembl
ENSRNOG00000062351,,ensembl
Dsg1,Dsg1,symbol
Dsg4,Dsg4,symbol
Dsg3,Dsg3,symbol
Dsg2,Dsg2,symbol
Ttr,Ttr,symbol
B4galt6,B4galt6,symbol
Trappc8,Trappc8,symbol
LOC120098388,LOC120098388,symbol
LOC498826,LOC498826,symbol
ENSRNOG00000070357,,ensembl
Rnf125,Rnf125,symbol
AABR07031480.1,AABR07031480.1,symbol
Mep1b,Mep1b,symbol
ENSRNOG00000063115,,ensembl
Garem1,Garem1,symbol
LOC120098431,LOC120098431,symbol
Klhl14,Klhl14,symbol
Ccdc178,Ccdc178,symbol
Asxl3,Asxl3,symbol
Nol4,Nol4,symbol
LOC120098415,LOC120098415,symbol
ENSRNOG00000064596,,ensembl
Cyb5a,Cyb5a,symbol
LOC120098396,LOC120098396,symbol
Dtna,Dtna,symbol
RGD1563861,RGD1563861,symbol
AABR07031491.2,AABR07031491.2,symbol
Zfp397,Zfp397,symbol
Zscan30,Zscan30,symbol
Zfp35,Zfp35,symbol
Zfp24,Zfp24,symbol
Ino80c,Ino80c,symbol
ENSRNOG00000070893,,ensembl
Galnt1,Galnt1,symbol
LOC120098426,LOC120098426,symbol
AABR07031505.1,AABR07031505.1,symbol
Mir187,Mir187,symbol
MGC116121,MGC116121,symbol
Rprd1a,Rprd1a,symbol
LOC120098423,LOC120098423,symbol
Slc39a6,Slc39a6,symbol
Elp2,Elp2,symbol
Mocos,Mocos,symbol
ENSRNOG00000068205,,ensembl
Fhod3,Fhod3,symbol
Hsc70-ps2,Hsc70-ps2,symbol
Tpgs2,Tpgs2,symbol
RGD1562608,RGD1562608,symbol
Celf4,Celf4,symbol
LOC120098439,LOC120098439,symbol
LOC120098383,LOC120098383,symbol
AABR07031537.1,AABR07031537.1,symbol
ENSRNOG00000065803,,ensembl
LOC108348758,LOC108348758,symbol
LOC102547344,LOC102547344,symbol
LOC120098419,LOC120098419,symbol
LOC120098395,LOC120098395,symbol
LOC120098443,LOC120098443,symbol
ENSRNOG00000067851,,ensembl
ENSRNOG00000064251,,ensembl
Pik3c3,Pik3c3,symbol
ENSRNOG00000066649,,ensembl
LOC120098402,LOC120098402,symbol
ENSRNOG00000066897,,ensembl
Rit2,Rit2,symbol
Syt4,Syt4,symbol
LOC120098376,LOC120098376,symbol
LOC686074,LOC686074,symbol
Slc25a46,Slc25a46,symbol
ENSRNOG00000066512,,ensembl
Sap130,Sap130,symbol
Ammecr1l,Ammecr1l,symbol
Polr2d,Polr2d,symbol
Wdr33,Wdr33,symbol
LOC120098364,LOC120098364,symbol
ENSRNOG00000066774,,ensembl
Sft2d3,Sft2d3,symbol
ENSRNOG00000063799,,ensembl
Lims2,Lims2,symbol
Gpr17,Gpr17,symbol
Myo7b,Myo7b,symbol
ENSRNOG00000066013,,ensembl
Iws1,Iws1,symbol
Proc,Proc,symbol
Map3k2,Map3k2,symbol
ENSRNOG00000069919,,ensembl
ENSRNOG00000066466,,ensembl
ENSRNOG00000063195,,ensembl
Ercc3,Ercc3,symbol
ENSRNOG00000066439,,ensembl
ENSRNOG00000065652,,ensembl
ENSRNOG00000064669,,ensembl
Bin1,Bin1,symbol
Tex51,Tex51,symbol
LOC120098229,LOC120098229,symbol
Gypc,Gypc,symbol
AABR07031674.2,AABR07031674.2,symbol
LOC498836,LOC498836,symbol
LOC120098387,LOC120098387,symbol
Rps27a-ps12,Rps27a-ps12,symbol
LOC120098381,LOC120098381,symbol
LOC120098349,LOC120098349,symbol
Tslp,Tslp,symbol
Wdr36,Wdr36,symbol
ENSRNOG00000069336,,ensembl
Camk4,Camk4,symbol
LOC120098432,LOC120098432,symbol
Stard4,Stard4,symbol
Nrep,Nrep,symbol
LOC120098438,LOC120098438,symbol
LOC120098416,LOC120098416,symbol
ENSRNOG00000071191,,ensembl
LOC120098269,LOC120098269,symbol
LOC120098360,LOC120098360,symbol
Epb41l4a,Epb41l4a,symbol
LOC120098343,LOC120098343,symbol
LOC120098385,LOC120098385,symbol
LOC120098345,LOC120098345,symbol
Apc,Apc,symbol
Srp19,Srp19,symbol
ENSRNOG00000062486,,ensembl
Reep5,Reep5,symbol
Pkd2l2,Pkd2l2,symbol
AABR07031691.1,AABR07031691.1,symbol
Fam13b,Fam13b,symbol
ENSRNOG00000067429,,ensembl
Wnt8a,Wnt8a,symbol
Nme5,Nme5,symbol
Brd8,Brd8,symbol
Kif20a,Kif20a,symbol
Cdc23,Cdc23,symbol
Gfra3,Gfra3,symbol
Cdc25c,Cdc25c,symbol
LOC100363294,LOC100363294,symbol
LOC120098428,LOC120098428,symbol
Fam53c,Fam53c,symbol
Kdm3b,Kdm3b,symbol
Reep2,Reep2,symbol
Egr1,Egr1,symbol
LOC120098340,LOC120098340,symbol
ENSRNOG00000069653,,ensembl
Etf1,Etf1,symbol
LOC120098404,LOC120098404,symbol
ENSRNOG00000066321,,ensembl
Hspa9,Hspa9,symbol
LOC120098355,LOC120098355,symbol
LOC120098354,LOC120098354,symbol
ENSRNOG00000069021,,ensembl
LOC108353164,LOC108353164,symbol
Ctnna1,Ctnna1,symbol
LOC120098430,LOC120098430,symbol
Lrrtm2,Lrrtm2,symbol
Sil1,Sil1,symbol
LOC120098407,LOC120098407,symbol
ENSRNOG00000070938,,ensembl
Mir1949,Mir1949,symbol
Snora74a,Snora74a,symbol
Matr3,Matr3,symbol
Paip2,Paip2,symbol
Slc23a1,Slc23a1,symbol
Mzb1,Mzb1,symbol
Prob1,Prob1,symbol
Spata24,Spata24,symbol
ENSRNOG00000068747,,ensembl
Dnajc18,Dnajc18,symbol
Ecscr,Ecscr,symbol
1700066B19Rik,1700066B19Rik,symbol
Sting1,Sting1,symbol
Ube2d2,Ube2d2,symbol
LOC120098406,LOC120098406,symbol
Cxxc5,Cxxc5,symbol
ENSRNOG00000062559,,ensembl
ENSRNOG00000065110,,ensembl
Psd2,Psd2,symbol
Nrg2,Nrg2,symbol
Pura,Pura,symbol
Cystm1,Cystm1,symbol
Pfdn1,Pfdn1,symbol
Hbegf,Hbegf,symbol
Slc4a9,Slc4a9,symbol
ENSRNOG00000064788,,ensembl
Eif4ebp3,Eif4ebp3,symbol
Sra1,Sra1,symbol
Apbb3,Apbb3,symbol
Slc35a4,Slc35a4,symbol
RGD1565779,RGD1565779,symbol
ENSRNOG00000068478,,ensembl
ENSRNOG00000064875,,ensembl
ENSRNOG00000063634,,ensembl
ENSRNOG00000063513,,ensembl
Cd14,Cd14,symbol
Tmco6,Tmco6,symbol
Ndufa2,Ndufa2,symbol
Wdr55,Wdr55,symbol
Dnd1,Dnd1,symbol
Hars1,Hars1,symbol
LOC120098350,LOC120098350,symbol
Zmat2,Zmat2,symbol
Vault,Vault,symbol
Pcdha5,Pcdha5,symbol
LOC120098411,LOC120098411,symbol
ENSRNOG00000063467,,ensembl
ENSRNOG00000069576,,ensembl
ENSRNOG00000070823,,ensembl
Pcdhb1,Pcdhb1,symbol
Pcdhb2,Pcdhb2,symbol
Pcdhb3,Pcdhb3,symbol
Pcdhb5,Pcdhb5,symbol
Pcdhb6,Pcdhb6,symbol
Pcdhb7,Pcdhb7,symbol
Pcdhb8,Pcdhb8,symbol
ENSRNOG00000063843,,ensembl
Pcdhb9,Pcdhb9,symbol
Pcdhb10,Pcdhb10,symbol
Pcdhb11,Pcdhb11,symbol
Pcdhb12,Pcdhb12,symbol
Pcdhb6l,Pcdhb6l,symbol
LOC108348201,LOC108348201,symbol
AC131360.2,AC131360.2,symbol
Pcdhb16,Pcdhb16,symbol
AC131360.1,AC131360.1,symbol
LOC120098359,LOC120098359,symbol
Pcdhb20,Pcdhb20,symbol
Pcdhb21,Pcdhb21,symbol
Pcdhb22,Pcdhb22,symbol
Taf7,Taf7,symbol
Slc25a2,Slc25a2,symbol
RGD1563159,RGD1563159,symbol
Pcdhga1,Pcdhga1,symbol
Pcdhga5,Pcdhga5,symbol
LOC120098403,LOC120098403,symbol
Diaph1,Diaph1,symbol
Hdac3,Hdac3,symbol
Rell2,Rell2,symbol
Fchsd1,Fchsd1,symbol
Arap3,Arap3,symbol
Pcdh1,Pcdh1,symbol
Dele1,Dele1,symbol
Pcdh12,Pcdh12,symbol
Rnf14,Rnf14,symbol
LOC120098448,LOC120098448,symbol
Gnpda1,Gnpda1,symbol
ENSRNOG00000070478,,ensembl
Ndfip1,Ndfip1,symbol
Spry4,Spry4,symbol
ENSRNOG00000065669,LOC134482935,ensembl
ENSRNOG00000068121,,ensembl
Fgf1,Fgf1,symbol
Arhgap26,Arhgap26,symbol
ENSRNOG00000066492,,ensembl
ENSRNOG00000068149,,ensembl
Nr3c1,Nr3c1,symbol
Pabpc2,Pabpc2,symbol
Yipf5,Yipf5,symbol
Kctd16,Kctd16,symbol
AABR07031767.1,AABR07031767.1,symbol
LOC120098435,LOC120098435,symbol
ENSRNOG00000066558,,ensembl
ENSRNOG00000066807,,ensembl
LOC120093049,LOC120093049,symbol
ENSRNOG00000070090,,ensembl
LOC120098429,LOC120098429,symbol
Prelid2,Prelid2,symbol
Grxcr2,Grxcr2,symbol
Sh3rf2,Sh3rf2,symbol
Plac8l1,Plac8l1,symbol
Lars1,Lars1,symbol
Rbm27,Rbm27,symbol
LOC120098437,LOC120098437,symbol
Pou4f3,Pou4f3,symbol
Tcerg1,Tcerg1,symbol
Gpr151,Gpr151,symbol
Ppp2r2b,Ppp2r2b,symbol
LOC120098433,LOC120098433,symbol
LOC120098436,LOC120098436,symbol
Stk32a,Stk32a,symbol
Dpysl3,Dpysl3,symbol
Jakmip2,Jakmip2,symbol
Spink1,Spink1,symbol
Scgb3a2,Scgb3a2,symbol
C18h5orf46,C18h5orf46,symbol
AABR07006333.1,AABR07006333.1,symbol
Spink5,Spink5,symbol
Spink14,Spink14,symbol
LOC100911681,LOC100911681,symbol
Spink9,Spink9,symbol
Gm37797,Gm37797,symbol
RGD1559536,RGD1559536,symbol
ENSRNOG00000063574,,ensembl
ENSRNOG00000067520,,ensembl
LOC100912306,LOC100912306,symbol
LOC120098444,LOC120098444,symbol
LOC120098347,LOC120098347,symbol
LOC103690064,LOC103690064,symbol
Mcc,Mcc,symbol
Ythdc2,Ythdc2,symbol
LOC120098421,LOC120098421,symbol
Elmod2,Elmod2,symbol
Kcnn2,Kcnn2,symbol
LOC120098386,LOC120098386,symbol
LOC120098318,LOC120098318,symbol
Rps27a-ps13,Rps27a-ps13,symbol
LOC120098392,LOC120098392,symbol
ENSRNOG00000064107,,ensembl
Trim36,Trim36,symbol
LOC108348781,LOC108348781,symbol
Pggt1b,Pggt1b,symbol
ENSRNOG00000067754,,ensembl
Ccdc112,Ccdc112,symbol
ENSRNOG00000062435,,ensembl
Mospd4,Mospd4,symbol
LOC120098342,LOC120098342,symbol
Fem1c,Fem1c,symbol
Ticam2,Ticam2,symbol
Tmed7,Tmed7,symbol
Eif1a,Eif1a,symbol
ENSRNOG00000070699,,ensembl
Cdo1,Cdo1,symbol
ENSRNOG00000071175,,ensembl
Atg12,Atg12,symbol
Ap3s1,Ap3s1,symbol
LOC317165,LOC317165,symbol
Lvrn,Lvrn,symbol
Arl14epl,Arl14epl,symbol
Commd10,Commd10,symbol
ENSRNOG00000062510,,ensembl
Sema6a,Sema6a,symbol
LOC120098371,LOC120098371,symbol
LOC120098362,LOC120098362,symbol
RGD1561627,RGD1561627,symbol
ENSRNOG00000070204,,ensembl
ENSRNOG00000069808,,ensembl
Dtwd2,Dtwd2,symbol
ENSRNOG00000062545,,ensembl
LOC120098372,LOC120098372,symbol
Dmxl1,Dmxl1,symbol
Tnfaip8,Tnfaip8,symbol
Hsd17b4,Hsd17b4,symbol
Fam170a,Fam170a,symbol
Pudp,Pudp,symbol
LOC120093100,LOC120093100,symbol
AABR07032097.1,AABR07032097.1,symbol
LOC120098420,LOC120098420,symbol
LOC120098361,LOC120098361,symbol
LOC120098346,LOC120098346,symbol
Ftmt,Ftmt,symbol
Srfbp1,Srfbp1,symbol
AC136161.1,AC136161.1,symbol
Snora36c,Snora36c,symbol
Lox,Lox,symbol
Zfp475,Zfp475,symbol
Zfp475,Zfp475,symbol
Gykl1,Gykl1,symbol
ENSRNOG00000066114,,ensembl
Sncaip,Sncaip,symbol
ENSRNOG00000065460,,ensembl
Amt-ps1,Amt-ps1,symbol
Snx2,Snx2,symbol
Snx24,Snx24,symbol
Ppic,Ppic,symbol
Prdm6,Prdm6,symbol
Cep120,Cep120,symbol
LOC120098424,LOC120098424,symbol
Csnk1g3,Csnk1g3,symbol
LOC120098369,LOC120098369,symbol
LOC100362479,LOC100362479,symbol
Zfp608,Zfp608,symbol
LOC120098405,LOC120098405,symbol
ENSRNOG00000063977,,ensembl
Metap2-ps1,Metap2-ps1,symbol
ENSRNOG00000066933,,ensembl
LOC120098393,LOC120098393,symbol
ENSRNOG00000070001,,ensembl
Gramd2b,Gramd2b,symbol
ENSRNOG00000063673,,ensembl
Vdac1-ps11,Vdac1-ps11,symbol
Aldh7a1,Aldh7a1,symbol
Phax,Phax,symbol
Tex43,Tex43,symbol
Lmnb1,Lmnb1,symbol
Marchf3,Marchf3,symbol
LOC100174910,LOC100174910,symbol
Megf10,Megf10,symbol
LOC120098370,LOC120098370,symbol
Prrc1,Prrc1,symbol
AC105604.1,AC105604.1,symbol
Ctxn3,Ctxn3,symbol
AC105604.2,AC105604.2,symbol
ENSRNOG00000065037,,ensembl
LOC120098446,LOC120098446,symbol
Slc12a2,Slc12a2,symbol
LOC120098445,LOC120098445,symbol
Fbn2,Fbn2,symbol
Slc27a6,Slc27a6,symbol
LOC120098379,LOC120098379,symbol
Isoc1,Isoc1,symbol
LOC120098373,LOC120098373,symbol
ENSRNOG00000066477,,ensembl
Adamts19,Adamts19,symbol
Minar2,Minar2,symbol
Chsy3,Chsy3,symbol
ENSRNOG00000064751,,ensembl
LOC100910979,LOC100910979,symbol
ENSRNOG00000067738,,ensembl
RGD1305184,RGD1305184,symbol
MGC105567,MGC105567,symbol
ENSRNOG00000063272,,ensembl
Smim3,Smim3,symbol
Dctn4,Dctn4,symbol
Rbm22,Rbm22,symbol
Synpo,Synpo,symbol
Ndst1,Ndst1,symbol
ENSRNOG00000064699,,ensembl
ENSRNOG00000065577,,ensembl
Rps14,Rps14,symbol
Cd74,Cd74,symbol
Tcof1,Tcof1,symbol
Arsi,Arsi,symbol
Camk2a,Camk2a,symbol
Slc6a7,Slc6a7,symbol
Cdx1,Cdx1,symbol
Pdgfrb,Pdgfrb,symbol
Csf1r,Csf1r,symbol
Hmgxb3,Hmgxb3,symbol
Slc26a2,Slc26a2,symbol
Pde6a,Pde6a,symbol
Ppargc1b,Ppargc1b,symbol
Mir3557,Mir3557,symbol
LOC120098447,LOC120098447,symbol
Arhgef37,Arhgef37,symbol
Csnk1a1,Csnk1a1,symbol
ENSRNOG00000068881,,ensembl
AABR07032255.1,AABR07032255.1,symbol
AABR07032255.2,AABR07032255.2,symbol
LOC120098113,LOC120098113,symbol
Mir145,Mir145,symbol
Mir143,Mir143,symbol
Il17b,Il17b,symbol
Pcyox1l,Pcyox1l,symbol
Grpel2,Grpel2,symbol
Afap1l1,Afap1l1,symbol
Ablim3,Ablim3,symbol
Sh3tc2,Sh3tc2,symbol
Adrb2,Adrb2,symbol
ENSRNOG00000068793,,ensembl
Htr4,Htr4,symbol
Fbxo38,Fbxo38,symbol
LOC102547035,LOC102547035,symbol
Spink7,Spink7,symbol
Spink13,Spink13,symbol
Spink10,Spink10,symbol
ENSRNOG00000065920,,ensembl
LOC120098441,LOC120098441,symbol
Apcdd1,Apcdd1,symbol
Napg,Napg,symbol
Piezo2,Piezo2,symbol
Txnl1,Txnl1,symbol
Wdr7,Wdr7,symbol
LOC120098442,LOC120098442,symbol
AABR07032277.1,AABR07032277.1,symbol
LOC120098412,LOC120098412,symbol
St8sia3,St8sia3,symbol
RGD1562699,RGD1562699,symbol
Onecut2,Onecut2,symbol
Fech,Fech,symbol
Nars1,Nars1,symbol
Atp8b1,Atp8b1,symbol
LOC120098341,LOC120098341,symbol
Nedd4l,Nedd4l,symbol
LOC502176,LOC502176,symbol
Mir3591,Mir3591,symbol
LOC120098375,LOC120098375,symbol
Alpk2,Alpk2,symbol
ENSRNOG00000071215,,ensembl
Malt1,Malt1,symbol
ENSRNOG00000068060,,ensembl
ENSRNOG00000066505,,ensembl
LOC120098252,LOC120098252,symbol
Zfp532,Zfp532,symbol
Oacyl,Oacyl,symbol
Sec11c,Sec11c,symbol
Grp,Grp,symbol
Rax,Rax,symbol
Cplx4,Cplx4,symbol
Lman1,Lman1,symbol
Ccbe1,Ccbe1,symbol
ENSRNOG00000064030,,ensembl
ENSRNOG00000070983,,ensembl
Pmaip1,Pmaip1,symbol
LOC120098399,LOC120098399,symbol
ENSRNOG00000063768,,ensembl
Cycs,Cycs,symbol
Mc4r,Mc4r,symbol
ENSRNOG00000069089,,ensembl
LOC120098374,LOC120098374,symbol
LOC120098363,LOC120098363,symbol
Gnal,Gnal,symbol
LOC120098414,LOC120098414,symbol
Mppe1,Mppe1,symbol
Impa2,Impa2,symbol
Cidea,Cidea,symbol
Tubb6,Tubb6,symbol
Afg3l2,Afg3l2,symbol
Prelid3a,Prelid3a,symbol
Spire1,Spire1,symbol
LOC120098357,LOC120098357,symbol
Cep76,Cep76,symbol
Psmg2,Psmg2,symbol
Ptpn2,Ptpn2,symbol
Cep192,Cep192,symbol
LOC120098367,LOC120098367,symbol
Ldlrad4,Ldlrad4,symbol
AABR07032392.1,AABR07032392.1,symbol
ENSRNOG00000062598,,ensembl
Fam210a,Fam210a,symbol
Rnmt,Rnmt,symbol
Mc5r,Mc5r,symbol
Mc2r,Mc2r,symbol
Tcf4,Tcf4,symbol
Y_RNA,Y_RNA,symbol
Ccdc68,Ccdc68,symbol
Rab27b,Rab27b,symbol
LOC120098422,LOC120098422,symbol
Dynapl1,Dynapl1,symbol
Dynap,Dynap,symbol
LOC120093103,LOC120093103,symbol
LOC361346,LOC361346,symbol
Stard6,Stard6,symbol
Poli,Poli,symbol
Mbd2,Mbd2,symbol
AABR07032453.1,AABR07032453.1,symbol
ENSRNOG00000046787,,ensembl
ENSRNOG00000063041,,ensembl
Dcc,Dcc,symbol
AABR07032457.1,AABR07032457.1,symbol
ENSRNOG00000068618,,ensembl
Mex3c,Mex3c,symbol
Y_RNA,Y_RNA,symbol
Smad4,Smad4,symbol
Elac1,Elac1,symbol
Me2,Me2,symbol
ENSRNOG00000071083,,ensembl
LOC680512,LOC680512,symbol
AABR07032520.4,AABR07032520.4,symbol
Mro,Mro,symbol
Mapk4,Mapk4,symbol
ENSRNOG00000069511,,ensembl
LOC120098344,LOC120098344,symbol
Ska1,Ska1,symbol
Cxxc1,Cxxc1,symbol
Cfap53,Cfap53,symbol
Mbd1,Mbd1,symbol
LOC120098365,LOC120098365,symbol
Myo5b,Myo5b,symbol
ENSRNOG00000067857,,ensembl
LOC120098358,LOC120098358,symbol
LOC120098368,LOC120098368,symbol
Acaa2,Acaa2,symbol
Lipg,Lipg,symbol
Slc25a6,Slc25a6,symbol
Rpl17,Rpl17,symbol
Snord58b,Snord58b,symbol
LOC120098352,LOC120098352,symbol
LOC120098351,LOC120098351,symbol
C18h18orf32,C18h18orf32,symbol
ENSRNOG00000070786,,ensembl
Dym,Dym,symbol
LOC120098440,LOC120098440,symbol
Smad7,Smad7,symbol
Ctif,Ctif,symbol
ENSRNOG00000067472,,ensembl
Zbtb7c,Zbtb7c,symbol
Smad2,Smad2,symbol
Skor2,Skor2,symbol
Ier3ip1,Ier3ip1,symbol
Katnal2,Katnal2,symbol
Pias2,Pias2,symbol
St8sia5,St8sia5,symbol
Loxhd1,Loxhd1,symbol
Rnf165,Rnf165,symbol
RGD1308601,RGD1308601,symbol
LOC120098380,LOC120098380,symbol
ENSRNOG00000063575,,ensembl
Haus1,Haus1,symbol
Atp5f1a,Atp5f1a,symbol
Pstpip2,Pstpip2,symbol
Epg5,Epg5,symbol
Siglec15,Siglec15,symbol
Slc14a1,Slc14a1,symbol
Slc14a2,Slc14a2,symbol
LOC102553338,LOC102553338,symbol
AC114093.1,AC114093.1,symbol
LOC120098400,LOC120098400,symbol
LOC120098366,LOC120098366,symbol
Setbp1,Setbp1,symbol
LOC120098394,LOC120098394,symbol
ENSRNOG00000069613,,ensembl
Mrps21l,Mrps21l,symbol
ENSRNOG00000065450,,ensembl
Pard6g,Pard6g,symbol
Adnp2,Adnp2,symbol
Rbfa,Rbfa,symbol
RGD1560212,RGD1560212,symbol
Hsbp1l1,Hsbp1l1,symbol
Slc66a2,Slc66a2,symbol
Kcng2,Kcng2,symbol
Ctdp1,Ctdp1,symbol
Nfatc1,Nfatc1,symbol
Atp9b,Atp9b,symbol
Sall3,Sall3,symbol
LOC120098378,LOC120098378,symbol
Galr1,Galr1,symbol
Mbp,Mbp,symbol
Zfp236,Zfp236,symbol
Zfp516,Zfp516,symbol
ENSRNOG00000062470,,ensembl
LOC120098409,LOC120098409,symbol
Tshz1,Tshz1,symbol
Ptgr3,Ptgr3,symbol
Zfp407,Zfp407,symbol
Cndp1,Cndp1,symbol
Cndp2,Cndp2,symbol
Dipk1c,Dipk1c,symbol
LOC120098408,LOC120098408,symbol
LOC100359752,LOC100359752,symbol
Cyb5a,Cyb5a,symbol
Timm21,Timm21,symbol
Fbxo15,Fbxo15,symbol
ENSRNOG00000067088,,ensembl
Neto1,Neto1,symbol
LOC120098377,LOC120098377,symbol
Cbln2,Cbln2,symbol
RGD1559726,RGD1559726,symbol
LOC120098410,LOC120098410,symbol
ENSRNOG00000069290,,ensembl
LOC120098401,LOC120098401,symbol
RGD1560813,RGD1560813,symbol
ENSRNOG00000064792,,ensembl
LOC102546314,LOC102546314,symbol
ENSRNOG00000064926,,ensembl
Socs6,Socs6,symbol
ENSRNOG00000067774,,ensembl
AABR07032856.1,AABR07032856.1,symbol
ENSRNOG00000063816,,ensembl
Rttn,Rttn,symbol
LOC689166,LOC689166,symbol
Cd226,Cd226,symbol
Dok6,Dok6,symbol
LOC120098384,LOC120098384,symbol
Tmx3,Tmx3,symbol
LOC102549410,LOC102549410,symbol
ENSRNOG00000069464,,ensembl
ENSRNOG00000066797,,ensembl
LOC100910259,LOC100910259,symbol
LOC679368,LOC679368,symbol
Ces2g,Ces2g,symbol
LOC679149,LOC679149,symbol
Ces2c-ps2,Ces2c-ps2,symbol
Ces2a,Ces2a,symbol
Ces2e,Ces2e,symbol
LOC120098667,LOC120098667,symbol
AABR07043525.1,AABR07043525.1,symbol
LOC685199,LOC685199,symbol
LOC501297,LOC501297,symbol
AABR07043429.1,AABR07043429.1,symbol
Ces2j,Ces2j,symbol
Med29-ps1,Med29-ps1,symbol
Ciao2b,Ciao2b,symbol
Rrad,Rrad,symbol
Cdh16,Cdh16,symbol
Pdp2,Pdp2,symbol
Car7,Car7,symbol
LOC108353189,LOC108353189,symbol
Nae1,Nae1,symbol
Terb1,Terb1,symbol
LOC120098753,LOC120098753,symbol
Dync1li2,Dync1li2,symbol
Cmtm4,Cmtm4,symbol
Cmtm3,Cmtm3,symbol
LOC102554842,LOC102554842,symbol
Cmtm1,Cmtm1,symbol
ENSRNOG00000071201,,ensembl
Cmtm2a,Cmtm2a,symbol
Cklf,Cklf,symbol
Tk2,Tk2,symbol
Bean1,Bean1,symbol
Cdh5,Cdh5,symbol
ENSRNOG00000065182,,ensembl
LOC103694278,LOC103694278,symbol
LOC102556295,LOC102556295,symbol
LOC120098728,LOC120098728,symbol
Cdh11,Cdh11,symbol
LOC120098681,LOC120098681,symbol
AABR07042669.1,AABR07042669.1,symbol
RGD1565617,RGD1565617,symbol
LOC120098699,LOC120098699,symbol
ENSRNOG00000070323,,ensembl
LOC120098743,LOC120098743,symbol
ENSRNOG00000070939,,ensembl
AABR07042733.2,AABR07042733.2,symbol
Cdh8,Cdh8,symbol
LOC120098685,LOC120098685,symbol
LOC120098670,LOC120098670,symbol
Polr2l-ps1,Polr2l-ps1,symbol
LOC688815,LOC688815,symbol
LOC120098691,LOC120098691,symbol
Rpl26-ps3,Rpl26-ps3,symbol
Got2,Got2,symbol
ENSRNOG00000067129,,ensembl
Slc38a7,Slc38a7,symbol
Cnot1,Cnot1,symbol
LOC120098682,LOC120098682,symbol
Snora46,Snora46,symbol
ENSRNOG00000069069,,ensembl
Setd6,Setd6,symbol
Ndrg4,Ndrg4,symbol
Gins3,Gins3,symbol
Prss54,Prss54,symbol
Ccdc113,Ccdc113,symbol
Csnk2a2,Csnk2a2,symbol
Cfap20,Cfap20,symbol
Mmp15,Mmp15,symbol
Usb1,Usb1,symbol
Zfp319,Zfp319,symbol
Tepp,Tepp,symbol
Cngb1,Cngb1,symbol
LOC120098731,LOC120098731,symbol
Kifc3,Kifc3,symbol
Katnb1,Katnb1,symbol
Drc7,Drc7,symbol
Adgrg3,Adgrg3,symbol
Adgrg1,Adgrg1,symbol
ENSRNOG00000065113,,ensembl
Adgrg5,Adgrg5,symbol
Ccdc102a,Ccdc102a,symbol
Dok4,Dok4,symbol
Polr2c,Polr2c,symbol
Coq9,Coq9,symbol
Ciapin1,Ciapin1,symbol
Ccl17,Ccl17,symbol
Cx3cl1,Cx3cl1,symbol
ENSRNOG00000069786,,ensembl
Ccl22,Ccl22,symbol
Pllp,Pllp,symbol
Arl2bp,Arl2bp,symbol
Rspry1,Rspry1,symbol
Psme3ip1,Psme3ip1,symbol
LOC120098678,LOC120098678,symbol
Cpne2,Cpne2,symbol
Nlrc5,Nlrc5,symbol
Herpud1,Herpud1,symbol
Slc12a3,Slc12a3,symbol
Mir138-2,Mir138-2,symbol
Nup93,Nup93,symbol
Mt1,Mt1,symbol
Mt2A,Mt2A,symbol
Mt3,Mt3,symbol
Mt4,Mt4,symbol
Bbs2,Bbs2,symbol
Ogfod1,Ogfod1,symbol
Nudt21,Nudt21,symbol
Amfr,Amfr,symbol
Gnao1,Gnao1,symbol
ENSRNOG00000066908,,ensembl
ENSRNOG00000066914,,ensembl
LOC120098573,LOC120098573,symbol
ENSRNOG00000065621,LOC120098573,ensembl
Ces5a,Ces5a,symbol
Large1,Large1,symbol
Aagab-ps2,Aagab-ps2,symbol
AABR07042875.1,AABR07042875.1,symbol
LOC120098697,LOC120098697,symbol
RGD1561919,RGD1561919,symbol
Isx,Isx,symbol
AABR07042903.1,AABR07042903.1,symbol
Hmgxb4,Hmgxb4,symbol
Tom1,Tom1,symbol
Hmox1,Hmox1,symbol
Mcm5,Mcm5,symbol
Rasd2,Rasd2,symbol
ENSRNOG00000062467,,ensembl
LOC100909916,LOC100909916,symbol
LOC120098733,LOC120098733,symbol
ENSRNOG00000066012,,ensembl
AABR07043711.1,AABR07043711.1,symbol
ENSRNOG00000066293,,ensembl
AABR07043389.1,AABR07043389.1,symbol
ENSRNOG00000062472,,ensembl
Ces1d,Ces1d,symbol
Ces1c,Ces1c,symbol
Ces1a,Ces1a,symbol
Slc6a2,Slc6a2,symbol
Lpcat2,Lpcat2,symbol
Mmp2,Mmp2,symbol
Irx6,Irx6,symbol
Irx5,Irx5,symbol
ENSRNOG00000068096,,ensembl
Irx3,Irx3,symbol
Fto,Fto,symbol
Rpgrip1l,Rpgrip1l,symbol
Aktip,Aktip,symbol
Rbl2,Rbl2,symbol
LOC120098695,LOC120098695,symbol
Chd9,Chd9,symbol
ENSRNOG00000068727,,ensembl
Tox3,Tox3,symbol
LOC120098701,LOC120098701,symbol
ENSRNOG00000066795,,ensembl
ENSRNOG00000069493,,ensembl
ENSRNOG00000069574,,ensembl
LOC102553576,LOC102553576,symbol
Sall1,Sall1,symbol
Cyld,Cyld,symbol
Nod2,Nod2,symbol
Snx20,Snx20,symbol
Nkd1,Nkd1,symbol
Brd7,Brd7,symbol
Adcy7,Adcy7,symbol
ENSRNOG00000062389,,ensembl
Tent4b,Tent4b,symbol
Heatr3,Heatr3,symbol
Cnep1r1,Cnep1r1,symbol
Zfp423,Zfp423,symbol
LOC680913,LOC680913,symbol
LOC102551322,LOC102551322,symbol
ENSRNOG00000070376,,ensembl
Cbln1,Cbln1,symbol
Rps15a-ps3,Rps15a-ps3,symbol
LOC120098692,LOC120098692,symbol
N4bp1,N4bp1,symbol
Siah1,Siah1,symbol
Lonp2,Lonp2,symbol
LOC120098751,LOC120098751,symbol
Abcc12,Abcc12,symbol
LOC120098690,LOC120098690,symbol
Phkb,Phkb,symbol
Itfg1,Itfg1,symbol
LOC120098702,LOC120098702,symbol
Neto2,Neto2,symbol
Metazoa_SRP,Metazoa_SRP,symbol
Dnaja2,Dnaja2,symbol
Gpt2,Gpt2,symbol
RGD1308706,RGD1308706,symbol
ENSRNOG00000070220,,ensembl
AC131806.3,AC131806.3,symbol
Mylk3,Mylk3,symbol
Orc6,Orc6,symbol
Vps35,Vps35,symbol
LOC120098671,LOC120098671,symbol
Or7c19,Or7c19,symbol
ENSRNOG00000069573,,ensembl
ENSRNOG00000066092,LOC134483140,ensembl
LOC685989,LOC685989,symbol
LOC102554391,LOC102554391,symbol
LOC100910754,LOC100910754,symbol
LOC120098737,LOC120098737,symbol
ENSRNOG00000064690,,ensembl
ENSRNOG00000063177,,ensembl
LOC501297,LOC501297,symbol
ENSRNOG00000070959,,ensembl
AABR07043557.1,AABR07043557.1,symbol
RGD1562660,RGD1562660,symbol
AABR07043115.1,AABR07043115.1,symbol
LOC291863,LOC291863,symbol
ENSRNOG00000066994,,ensembl
AABR07042859.1,AABR07042859.1,symbol
Ces1f,Ces1f,symbol
ENSRNOG00000063122,,ensembl
ENSRNOG00000062836,,ensembl
ENSRNOG00000062349,,ensembl
LOC120098582,LOC120098582,symbol
LOC120098581,LOC120098581,symbol
ENSRNOG00000065746,Dlg5l15,ensembl
LOC120098580,LOC120098580,symbol
ENSRNOG00000064909,,ensembl
LOC108348296,LOC108348296,symbol
Zfp791,Zfp791,symbol
ENSRNOG00000065848,,ensembl
Man2b1,Man2b1,symbol
Wdr83os,Wdr83os,symbol
Wdr83,Wdr83,symbol
Dhps,Dhps,symbol
Gng14,Gng14,symbol
Fbxw9,Fbxw9,symbol
Tnpo2,Tnpo2,symbol
ENSRNOG00000068693,LOC134483716,ensembl
Snord41,Snord41,symbol
Trir,Trir,symbol
Get3,Get3,symbol
Best2,Best2,symbol
Hook2,Hook2,symbol
ENSRNOG00000065682,Junb,ensembl
Junb,Junb,symbol
Prdx2,Prdx2,symbol
Thsd8,Thsd8,symbol
Rnaseh2a,Rnaseh2a,symbol
Rtbdn,Rtbdn,symbol
MAST1,MAST1,symbol
Mir3550,Mir3550,symbol
Dnase2,Dnase2,symbol
Klf1,Klf1,symbol
Gcdh,Gcdh,symbol
Farsa,Farsa,symbol
Calr,Calr,symbol
Rad23a,Rad23a,symbol
Gadd45gip1,Gadd45gip1,symbol
Dand5,Dand5,symbol
Nfix,Nfix,symbol
AC120246.2,AC120246.2,symbol
Lyl1,Lyl1,symbol
Trmt1,Trmt1,symbol
Nacc1,Nacc1,symbol
Ier2,Ier2,symbol
Cacna1a,Cacna1a,symbol
LOC100359539,LOC100359539,symbol
LOC100359539,LOC100359539,symbol
Yju2b,Yju2b,symbol
Mri1,Mri1,symbol
LOC288913,LOC288913,symbol
Zswim4,Zswim4,symbol
ENSRNOG00000062428,,ensembl
Mir24-2,Mir24-2,symbol
Mir27a,Mir27a,symbol
Mir23a,Mir23a,symbol
Mir181c,Mir181c,symbol
Mir181d,Mir181d,symbol
Nanos3,Nanos3,symbol
Brme1,Brme1,symbol
Cc2d1a,Cc2d1a,symbol
Podnl1,Podnl1,symbol
Dcaf15,Dcaf15,symbol
Rfx1,Rfx1,symbol
Mir709,Mir709,symbol
Rln3,Rln3,symbol
Il27ra,Il27ra,symbol
Il27ra,Il27ra,symbol
Misp3,Misp3,symbol
Mir1199,Mir1199,symbol
LOC686013,LOC686013,symbol
Samd1,Samd1,symbol
Prkaca,Prkaca,symbol
Asf1b,Asf1b,symbol
Adgrl1,Adgrl1,symbol
AABR07043167.1,AABR07043167.1,symbol
ENSRNOG00000069941,,ensembl
LOC120098752,LOC120098752,symbol
Adgre5,Adgre5,symbol
Ddx39a,Ddx39a,symbol
LOC120098747,LOC120098747,symbol
Pkn1,Pkn1,symbol
Gipc1,Gipc1,symbol
Ptger1,Ptger1,symbol
Dnajb1,Dnajb1,symbol
Tecr,Tecr,symbol
Ndufb7,Ndufb7,symbol
Or10k2,Or10k2,symbol
Scoc,Scoc,symbol
Clgn,Clgn,symbol
Mgat4d,Mgat4d,symbol
Elmod2,Elmod2,symbol
Ucp1,Ucp1,symbol
Tbc1d9,Tbc1d9,symbol
Rnf150,Rnf150,symbol
ENSRNOG00000066989,,ensembl
ENSRNOG00000066804,,ensembl
Zfp330,Zfp330,symbol
ENSRNOG00000070064,,ensembl
LOC688712,LOC688712,symbol
Il15,Il15,symbol
Inpp4b,Inpp4b,symbol
ENSRNOG00000068473,,ensembl
LOC120098729,LOC120098729,symbol
ENSRNOG00000070383,,ensembl
AABR07043598.1,AABR07043598.1,symbol
Usp38,Usp38,symbol
Gab1,Gab1,symbol
Smarca5,Smarca5,symbol
Frem3,Frem3,symbol
ENSRNOG00000063111,,ensembl
Gypa,Gypa,symbol
Hhip,Hhip,symbol
Anapc10,Anapc10,symbol
Abce1,Abce1,symbol
Otud4,Otud4,symbol
Smad1,Smad1,symbol
Mmaa,Mmaa,symbol
LOC498933,LOC498933,symbol
Zfp827,Zfp827,symbol
ENSRNOG00000065293,,ensembl
ENSRNOG00000067822,,ensembl
Lsm6,Lsm6,symbol
LOC120098738,LOC120098738,symbol
Slc10a7,Slc10a7,symbol
Rbmxl1,Rbmxl1,symbol
AABR07043626.1,AABR07043626.1,symbol
Pou4f2,Pou4f2,symbol
Ttc29,Ttc29,symbol
ENSRNOG00000062839,,ensembl
LOC120098673,LOC120098673,symbol
LOC120098687,LOC120098687,symbol
Ednra,Ednra,symbol
LOC102552779,LOC102552779,symbol
Y_RNA,Y_RNA,symbol
Tmem184c,Tmem184c,symbol
Prmt9,Prmt9,symbol
Arhgap10,Arhgap10,symbol
LOC102552913,LOC102552913,symbol
Nr3c2,Nr3c2,symbol
LOC120098703,LOC120098703,symbol
Rps27a-ps6,Rps27a-ps6,symbol
LOC120098694,LOC120098694,symbol
LOC120098735,LOC120098735,symbol
LOC120098734,LOC120098734,symbol
ENSRNOG00000070405,,ensembl
Slc25a36l1,Slc25a36l1,symbol
Ces2g,Ces2g,symbol
Ces2h,Ces2h,symbol
ENSRNOG00000066514,,ensembl
Ces4a,Ces4a,symbol
LOC120098688,LOC120098688,symbol
LOC120098746,LOC120098746,symbol
Cbfb,Cbfb,symbol
Phaf1,Phaf1,symbol
B3gnt9,B3gnt9,symbol
Tradd,Tradd,symbol
Fbxl8,Fbxl8,symbol
Hsf4,Hsf4,symbol
Nol3,Nol3,symbol
Matcap1,Matcap1,symbol
Exoc3l1,Exoc3l1,symbol
E2f4,E2f4,symbol
Elmo3,Elmo3,symbol
Mir6318,Mir6318,symbol
Mir328,Mir328,symbol
Lrrc29,Lrrc29,symbol
Tmem208,Tmem208,symbol
Fhod1,Fhod1,symbol
Slc9a5,Slc9a5,symbol
Plekhg4,Plekhg4,symbol
Kctd19,Kctd19,symbol
Lrrc36,Lrrc36,symbol
Tppp3,Tppp3,symbol
Zdhhc1,Zdhhc1,symbol
Hsd11b2,Hsd11b2,symbol
Atp6v0d1,Atp6v0d1,symbol
Agrp,Agrp,symbol
ENSRNOG00000064062,LOC120098617,ensembl
Ripor1,Ripor1,symbol
ENSRNOG00000067657,,ensembl
Ctcf,Ctcf,symbol
Carmil2,Carmil2,symbol
Acd,Acd,symbol
Pard6a,Pard6a,symbol
Enkd1,Enkd1,symbol
C19h16orf86,C19h16orf86,symbol
Gfod2,Gfod2,symbol
Ranbp10,Ranbp10,symbol
Tsnaxip1,Tsnaxip1,symbol
Cenpt,Cenpt,symbol
Thap11,Thap11,symbol
Nutf2,Nutf2,symbol
Edc4,Edc4,symbol
Pskh1,Pskh1,symbol
Ctrl,Ctrl,symbol
Lcat,Lcat,symbol
Slc12a4,Slc12a4,symbol
Dpep3,Dpep3,symbol
Dpep2,Dpep2,symbol
Dpep2nb,Dpep2nb,symbol
Ddx28,Ddx28,symbol
Dus2,Dus2,symbol
Nfatc3,Nfatc3,symbol
Esrp2,Esrp2,symbol
ENSRNOG00000069871,,ensembl
Pla2g15,Pla2g15,symbol
Slc7a6,Slc7a6,symbol
Slc7a6os,Slc7a6os,symbol
Prmt7,Prmt7,symbol
Smpd3,Smpd3,symbol
Zfp90,Zfp90,symbol
LOC100360573,LOC100360573,symbol
LOC100360619,LOC100360619,symbol
Cdh3,Cdh3,symbol
Cdh1,Cdh1,symbol
Tango6,Tango6,symbol
Has3,Has3,symbol
Chtf8,Chtf8,symbol
Utp4,Utp4,symbol
Sntb2,Sntb2,symbol
LOC120098669,LOC120098669,symbol
ENSRNOG00000068994,,ensembl
ENSRNOG00000066450,,ensembl
Vps4a,Vps4a,symbol
Pdf,Pdf,symbol
Cog8,Cog8,symbol
Nip7,Nip7,symbol
Tmed6,Tmed6,symbol
Terf2,Terf2,symbol
Cyb5b,Cyb5b,symbol
Nfat5,Nfat5,symbol
Nqo1,Nqo1,symbol
Nob1,Nob1,symbol
Wwp2,Wwp2,symbol
Mir140,Mir140,symbol
Psmd7,Psmd7,symbol
LOC679899,LOC679899,symbol
ENSRNOG00000062316,,ensembl
ENSRNOG00000071092,,ensembl
Zfhx3,Zfhx3,symbol
ENSRNOG00000062849,,ensembl
Pmfbp1,Pmfbp1,symbol
Dhx38,Dhx38,symbol
Txnl4b,Txnl4b,symbol
ENSRNOG00000063716,,ensembl
Hp,Hp,symbol
Dhodh,Dhodh,symbol
Pkd1l3,Pkd1l3,symbol
Ist1,Ist1,symbol
Zfp821,Zfp821,symbol
Atxn1l,Atxn1l,symbol
Ap1g1,Ap1g1,symbol
Snord71,Snord71,symbol
ENSRNOG00000071216,,ensembl
Phlpp2,Phlpp2,symbol
Marveld3,Marveld3,symbol
Tat,Tat,symbol
Chst4,Chst4,symbol
Zfp612,Zfp612,symbol
Gm17720,Gm17720,symbol
Tle7,Tle7,symbol
Calb2,Calb2,symbol
Cmtr2,Cmtr2,symbol
Hydin,Hydin,symbol
Vac14,Vac14,symbol
Mtss2,Mtss2,symbol
Il34,Il34,symbol
AABR07058423.3,AABR07058423.3,symbol
Sf3b3,Sf3b3,symbol
Mir3084a,Mir3084a,symbol
AC112801.2,AC112801.2,symbol
Snord111,Snord111,symbol
LOC120098709,LOC120098709,symbol
Cog4,Cog4,symbol
Fcsk,Fcsk,symbol
ENSRNOG00000068120,,ensembl
St3gal2,St3gal2,symbol
Ddx19a,Ddx19a,symbol
Ddx19b,Ddx19b,symbol
Aars1,Aars1,symbol
Exosc6,Exosc6,symbol
LOC102556082,LOC102556082,symbol
Clec18a,Clec18a,symbol
Pdpr,Pdpr,symbol
ENSRNOG00000066493,,ensembl
Glg1,Glg1,symbol
Rfwd3,Rfwd3,symbol
LOC120098750,LOC120098750,symbol
Mlkl,Mlkl,symbol
Fa2h,Fa2h,symbol
LOC120098689,LOC120098689,symbol
Wdr59,Wdr59,symbol
LOC120098629,LOC120098629,symbol
Znrf1,Znrf1,symbol
Ldhd,Ldhd,symbol
Zfp1,Zfp1,symbol
ENSRNOG00000062827,,ensembl
Ctrb1,Ctrb1,symbol
Bcar1,Bcar1,symbol
Cfdp1,Cfdp1,symbol
Tmem170a,Tmem170a,symbol
LOC120098668,LOC120098668,symbol
Chst5,Chst5,symbol
Tmem231,Tmem231,symbol
Gabarapl3,Gabarapl3,symbol
Adat1,Adat1,symbol
Kars1,Kars1,symbol
Terf2ip,Terf2ip,symbol
AC117869.1,AC117869.1,symbol
LOC120098749,LOC120098749,symbol
AC126899.1,AC126899.1,symbol
LOC120098710,LOC120098710,symbol
Cntnap4,Cntnap4,symbol
LOC120098730,LOC120098730,symbol
LOC120098727,LOC120098727,symbol
LOC120098726,LOC120098726,symbol
Syce1l,Syce1l,symbol
Mon1b,Mon1b,symbol
Adamts18,Adamts18,symbol
LOC120098705,LOC120098705,symbol
ENSRNOG00000066574,,ensembl
Nudt7,Nudt7,symbol
RNaseP_nuc,RNaseP_nuc,symbol
Vat1l,Vat1l,symbol
Clec3a,Clec3a,symbol
Wwox,Wwox,symbol
Maf,Maf,symbol
ENSRNOG00000069609,,ensembl
Dynlrb2,Dynlrb2,symbol
Cdyl2,Cdyl2,symbol
ENSRNOG00000069566,,ensembl
Cmc2,Cmc2,symbol
Cenpn,Cenpn,symbol
Atmin,Atmin,symbol
C19h16orf46,C19h16orf46,symbol
Gcsh,Gcsh,symbol
Pkd1l2,Pkd1l2,symbol
Bco1,Bco1,symbol
Gan,Gan,symbol
ENSRNOG00000064451,,ensembl
ENSRNOG00000066750,,ensembl
Cmip,Cmip,symbol
Plcg2,Plcg2,symbol
Sdr42e1,Sdr42e1,symbol
Hsd17b2,Hsd17b2,symbol
ENSRNOG00000066423,,ensembl
ENSRNOG00000068744,,ensembl
Mphosph6,Mphosph6,symbol
LOC120098686,LOC120098686,symbol
Cdh13,Cdh13,symbol
LOC120098700,LOC120098700,symbol
ENSRNOG00000068191,,ensembl
Hsbp1,Hsbp1,symbol
Mlycd,Mlycd,symbol
ENSRNOG00000071212,,ensembl
AABR07044001.2,AABR07044001.2,symbol
Osgin1,Osgin1,symbol
Necab2,Necab2,symbol
Slc38a8,Slc38a8,symbol
Mbtps1,Mbtps1,symbol
Hsdl1,Hsdl1,symbol
Dnaaf1,Dnaaf1,symbol
Taf1c,Taf1c,symbol
Adad2,Adad2,symbol
Kcng4,Kcng4,symbol
Wfdc1,Wfdc1,symbol
Atp2c2,Atp2c2,symbol
Meak7,Meak7,symbol
Cotl1,Cotl1,symbol
Klhl36,Klhl36,symbol
Usp10,Usp10,symbol
Crispld2,Crispld2,symbol
Zdhhc7,Zdhhc7,symbol
ENSRNOG00000066292,,ensembl
RGD1304884,RGD1304884,symbol
Cibar2,Cibar2,symbol
Gse1,Gse1,symbol
Emc8,Emc8,symbol
Gins2,Gins2,symbol
LOC120098724,LOC120098724,symbol
RGD1309651,RGD1309651,symbol
Cox4i1,Cox4i1,symbol
Irf8,Irf8,symbol
Fendrr,Fendrr,symbol
Foxf1,Foxf1,symbol
Mthfsd,Mthfsd,symbol
Foxc2,Foxc2,symbol
Foxl1,Foxl1,symbol
Nhp2-ps6,Nhp2-ps6,symbol
LOC687560,LOC687560,symbol
LOC120098740,LOC120098740,symbol
Fbxo31,Fbxo31,symbol
Map1lc3b,Map1lc3b,symbol
ENSRNOG00000069589,,ensembl
Zcchc14,Zcchc14,symbol
LOC120098674,LOC120098674,symbol
Jph3,Jph3,symbol
Klhdc4,Klhdc4,symbol
Mir3564,Mir3564,symbol
Slc7a5,Slc7a5,symbol
LOC102550600,LOC102550600,symbol
Car5a,Car5a,symbol
Banp,Banp,symbol
AABR07044065.1,AABR07044065.1,symbol
ENSRNOG00000070694,,ensembl
Zfpm1,Zfpm1,symbol
Mlnr,Mlnr,symbol
Zc3h18,Zc3h18,symbol
Il17c,Il17c,symbol
Cyba,Cyba,symbol
Mvd,Mvd,symbol
ENSRNOG00000068583,,ensembl
Snai3,Snai3,symbol
Rnf166,Rnf166,symbol
Ctu2,Ctu2,symbol
Piezo1,Piezo1,symbol
Cdt1,Cdt1,symbol
Aprt,Aprt,symbol
Galns,Galns,symbol
Trappc2l,Trappc2l,symbol
Pabpn1l,Pabpn1l,symbol
Cbfa2t3,Cbfa2t3,symbol
Acsf3,Acsf3,symbol
LOC120098675,LOC120098675,symbol
Cdh15,Cdh15,symbol
Ankrd11,Ankrd11,symbol
ENSRNOG00000065722,,ensembl
ENSRNOG00000067929,,ensembl
LOC120098732,LOC120098732,symbol
ENSRNOG00000068181,,ensembl
Spg7,Spg7,symbol
Rpl13,Rpl13,symbol
LOC120098677,LOC120098677,symbol
Cpne7,Cpne7,symbol
Sult5a1,Sult5a1,symbol
Dpep1,Dpep1,symbol
Chmp1a,Chmp1a,symbol
Spata33,Spata33,symbol
Cdk10,Cdk10,symbol
Spata2L,Spata2L,symbol
Vps9d1,Vps9d1,symbol
Zfp276,Zfp276,symbol
Fanca,Fanca,symbol
LOC120098676,LOC120098676,symbol
Spire2,Spire2,symbol
ENSRNOG00000062740,,ensembl
Tcf25,Tcf25,symbol
Mc1r,Mc1r,symbol
Tubb3,Tubb3,symbol
Def8,Def8,symbol
LOC120098741,LOC120098741,symbol
ENSRNOG00000064167,,ensembl
Afg3l1,Afg3l1,symbol
Dbndd1,Dbndd1,symbol
ENSRNOG00000065200,,ensembl
Gas8,Gas8,symbol
LOC120098723,LOC120098723,symbol
LOC120098666,LOC120098666,symbol
LOC120098717,LOC120098717,symbol
LOC120098725,LOC120098725,symbol
LOC120098736,LOC120098736,symbol
LOC120098748,LOC120098748,symbol
LOC120098672,LOC120098672,symbol
LOC120098683,LOC120098683,symbol
LOC120098693,LOC120098693,symbol
LOC120098704,LOC120098704,symbol
LOC120098711,LOC120098711,symbol
LOC120098712,LOC120098712,symbol
LOC120098713,LOC120098713,symbol
LOC120098714,LOC120098714,symbol
LOC120098715,LOC120098715,symbol
LOC120098716,LOC120098716,symbol
LOC120098718,LOC120098718,symbol
LOC120098719,LOC120098719,symbol
LOC120098720,LOC120098720,symbol
LOC120098721,LOC120098721,symbol
LOC120098722,LOC120098722,symbol
Rhou,Rhou,symbol
Y_RNA,Y_RNA,symbol
Rab4a,Rab4a,symbol
ENSRNOG00000069101,,ensembl
Ccsap,Ccsap,symbol
Acta1,Acta1,symbol
Nup133,Nup133,symbol
LOC120098745,LOC120098745,symbol
Abcb10,Abcb10,symbol
LOC120098684,LOC120098684,symbol
Taf5l,Taf5l,symbol
Urb2,Urb2,symbol
Cox6c-ps1,Cox6c-ps1,symbol
Galnt2,Galnt2,symbol
Pgbd5,Pgbd5,symbol
ENSRNOG00000065895,,ensembl
ENSRNOG00000067393,,ensembl
Cog2,Cog2,symbol
Agt,Agt,symbol
Capn9,Capn9,symbol
C19h1orf198,C19h1orf198,symbol
Ttc13,Ttc13,symbol
Arv1,Arv1,symbol
Fam89a,Fam89a,symbol
Trim67,Trim67,symbol
C19h1orf131,C19h1orf131,symbol
Gnpat,Gnpat,symbol
Exoc8,Exoc8,symbol
Sprtn,Sprtn,symbol
Egln1,Egln1,symbol
ENSRNOG00000064495,,ensembl
Tsnax,Tsnax,symbol
Disc1,Disc1,symbol
Sipa1l2,Sipa1l2,symbol
AABR07044111.1,AABR07044111.1,symbol
Setsip,Setsip,symbol
Map10,Map10,symbol
Ntpcr,Ntpcr,symbol
Pcnx2,Pcnx2,symbol
Map3k21,Map3k21,symbol
Kcnk1,Kcnk1,symbol
Slc35f3,Slc35f3,symbol
Coa6,Coa6,symbol
Tarbp1,Tarbp1,symbol
Irf2bp2,Irf2bp2,symbol
ENSRNOG00000066992,,ensembl
Tomm20,Tomm20,symbol
LOC120098679,LOC120098679,symbol
Rbm34,Rbm34,symbol
AC125920.1,AC125920.1,symbol
Hmgb1l1,Hmgb1l1,symbol
LOC120098596,LOC120098596,symbol
Pard3,Pard3,symbol
Nrp1,Nrp1,symbol
Mir1903,Mir1903,symbol
ENSRNOG00000069551,,ensembl
Itgb1,Itgb1,symbol
ENSRNOG00000065872,,ensembl
LOC120098696,LOC120098696,symbol
LOC120098739,LOC120098739,symbol
Ccdc7a,Ccdc7a,symbol
LOC120098698,LOC120098698,symbol
Ccdc7b,Ccdc7b,symbol
LOC120098742,LOC120098742,symbol
LOC103690393,LOC103690393,symbol
ENSRNOG00000065633,,ensembl
LOC686288,LOC686288,symbol
ENSRNOG00000063338,,ensembl
ENSRNOG00000066928,,ensembl
Tmlhe,Tmlhe,symbol
Clic2,Clic2,symbol
Or2n1e,Or2n1e,symbol
Or2n1h,Or2n1h,symbol
Or2j3,Or2j3,symbol
Or2n1f-ps1,Or2n1f-ps1,symbol
Or2n1g,Or2n1g,symbol
Olr1675,Olr1675,symbol
Olr1675,Olr1675,symbol
LOC120098956,LOC120098956,symbol
ENSRNOG00000063264,,ensembl
ENSRNOG00000066952,,ensembl
Or2n1j,Or2n1j,symbol
ENSRNOG00000066416,,ensembl
Or2n1,Or2n1,symbol
Or2h15,Or2h15,symbol
Or2y3b-ps1,Or2y3b-ps1,symbol
Or2g7,Or2g7,symbol
Or10al7,Or10al7,symbol
Or14j5e,Or14j5e,symbol
ENSRNOG00000063826,,ensembl
Or14j5,Or14j5,symbol
Or14j5b,Or14j5b,symbol
Or14j6,Or14j6,symbol
Or14j1,Or14j1,symbol
Or2b4,Or2b4,symbol
Or2g1,Or2g1,symbol
LOC120099023,LOC120099023,symbol
Or10al6-ps1,Or10al6-ps1,symbol
Or10al7,Or10al7,symbol
Or10al27,Or10al27,symbol
Or2g25,Or2g25,symbol
Or14j3b,Or14j3b,symbol
ENSRNOG00000067694,,ensembl
Or14j3d,Or14j3d,symbol
Or14j3,Or14j3,symbol
Or14j15,Or14j15,symbol
Or14j10e-ps1,Or14j10e-ps1,symbol
Olr1869,Olr1869,symbol
RT1-M2,RT1-M2,symbol
Or12d17,Or12d17,symbol
Or1o11,Or1o11,symbol
Or1o1,Or1o1,symbol
Olr1720,Olr1720,symbol
Or1o2c,Or1o2c,symbol
Or1o11c,Or1o11c,symbol
Or1o11b,Or1o11b,symbol
ENSRNOG00000065286,Or12d14c,ensembl
Or12d14,Or12d14,symbol
Or5v1b,Or5v1b,symbol
LOC120099021,LOC120099021,symbol
Olr1731,Olr1731,symbol
Or1o2b,Or1o2b,symbol
LOC120099046,LOC120099046,symbol
Or12d13,Or12d13,symbol
Or12d2,Or12d2,symbol
Or12d2b,Or12d2b,symbol
RT1-M3-1,RT1-M3-1,symbol
Or12d2c,Or12d2c,symbol
Or12d14c,Or12d14c,symbol
Or1o2e,Or1o2e,symbol
Or1o2d-ps1,Or1o2d-ps1,symbol
Or1o2,Or1o2,symbol
Or11a4,Or11a4,symbol
Or10c1,Or10c1,symbol
ENSRNOG00000065111,,ensembl
AC112568.1,AC112568.1,symbol
Ubd,Ubd,symbol
Or2h2c,Or2h2c,symbol
AABR07044301.1,AABR07044301.1,symbol
Or2h1b,Or2h1b,symbol
Or2h1,Or2h1,symbol
Or2h2,Or2h2,symbol
Gabbr1,Gabbr1,symbol
Mog,Mog,symbol
Zfp57,Zfp57,symbol
RT1-M5,RT1-M5,symbol
ENSRNOG00000063520,,ensembl
RT1-M6-2,RT1-M6-2,symbol
Znrd1as1,Znrd1as1,symbol
ENSRNOG00000064048,,ensembl
Polr1h,Polr1h,symbol
Ppp1r11,Ppp1r11,symbol
Rnf39,Rnf39,symbol
ENSRNOG00000067285,,ensembl
ENSRNOG00000071161,,ensembl
Trim31,Trim31,symbol
Trim40,Trim40,symbol
Trim10,Trim10,symbol
Trim15,Trim15,symbol
Trim26,Trim26,symbol
LOC120099074,LOC120099074,symbol
AABR07044308.2,AABR07044308.2,symbol
AABR07044308.1,AABR07044308.1,symbol
AABR07072807.1,AABR07072807.1,symbol
RT1-M1-4,RT1-M1-4,symbol
RT1-M1-2,RT1-M1-2,symbol
LOC102546590,LOC102546590,symbol
Trim39,Trim39,symbol
RT1-M10-1,RT1-M10-1,symbol
Rpp21,Rpp21,symbol
AABR07044397.1,AABR07044397.1,symbol
RT1-T18,RT1-T18,symbol
ENSRNOG00000064836,,ensembl
RT1-CE3,RT1-CE3,symbol
AABR07044362.1,AABR07044362.1,symbol
RT1-N2,RT1-N2,symbol
RT1-S2,RT1-S2,symbol
RT1-O1,RT1-O1,symbol
RT1-N3,RT1-N3,symbol
RT1-S3,RT1-S3,symbol
RT1-T24-4,RT1-T24-4,symbol
ENSRNOG00000065219,,ensembl
RT1-T24-3,RT1-T24-3,symbol
Gnl1,Gnl1,symbol
Prr3,Prr3,symbol
Abcf1,Abcf1,symbol
Mir877,Mir877,symbol
Ppp1r10,Ppp1r10,symbol
Mrps18b,Mrps18b,symbol
Atat1,Atat1,symbol
Dhx16,Dhx16,symbol
Ppp1r18,Ppp1r18,symbol
Mir6328,Mir6328,symbol
Mdc1,Mdc1,symbol
Tubb5,Tubb5,symbol
Flot1,Flot1,symbol
Ier3,Ier3,symbol
Ddr1,Ddr1,symbol
ENSRNOG00000070102,,ensembl
Gtf2h4,Gtf2h4,symbol
ENSRNOG00000067733,,ensembl
Vars2,Vars2,symbol
Sfta2,Sfta2,symbol
Mucl3,Mucl3,symbol
ENSRNOG00000070050,,ensembl
ENSRNOG00000063655,,ensembl
LOC120098824,LOC120098824,symbol
RGD1562885,RGD1562885,symbol
Cdsn,Cdsn,symbol
Psors1c2,Psors1c2,symbol
Cchcr1,Cchcr1,symbol
Tcf19,Tcf19,symbol
Pou5f1,Pou5f1,symbol
RT1-CE16,RT1-CE16,symbol
ENSRNOG00000065780,,ensembl
RT1-CE15,RT1-CE15,symbol
RT1-CE15,RT1-CE15,symbol
RT1-CE14,RT1-CE14,symbol
ENSRNOG00000069480,RT1-A2,ensembl
RT1-A1,RT1-A1,symbol
AABR07044383.1,AABR07044383.1,symbol
ENSRNOG00000064334,,ensembl
ENSRNOG00000065364,,ensembl
AABR07044408.3,AABR07044408.3,symbol
ENSRNOG00000066691,,ensembl
RT1-CE16,RT1-CE16,symbol
RT1-A2,RT1-A2,symbol
ENSRNOG00000067697,,ensembl
Ddx39b,Ddx39b,symbol
Snord83,Snord83,symbol
LOC120099056,LOC120099056,symbol
Atp6v1g2,Atp6v1g2,symbol
Nfkbil1,Nfkbil1,symbol
Lta,Lta,symbol
Tnf,Tnf,symbol
Ltb,Ltb,symbol
Lst1,Lst1,symbol
Ncr3,Ncr3,symbol
Aif1,Aif1,symbol
Prrc2a,Prrc2a,symbol
Snora38,Snora38,symbol
Bag6,Bag6,symbol
Apom,Apom,symbol
G4,G4,symbol
Gpank1,Gpank1,symbol
Csnk2b,Csnk2b,symbol
Ly6g5b,Ly6g5b,symbol
Ly6g5c,Ly6g5c,symbol
Abhd16a,Abhd16a,symbol
Ly6g6d,Ly6g6d,symbol
Ly6g6e,Ly6g6e,symbol
Ly6g6c,Ly6g6c,symbol
Mpig6b,Mpig6b,symbol
Clic1,Clic1,symbol
Ddah2,Ddah2,symbol
LOC120099048,LOC120099048,symbol
Msh5,Msh5,symbol
Sapcd1,Sapcd1,symbol
Vwa7,Vwa7,symbol
Vars1,Vars1,symbol
Lsm2,Lsm2,symbol
Hspa1l,Hspa1l,symbol
Hspa1a,Hspa1a,symbol
Hspa1b,Hspa1b,symbol
ENSRNOG00000067018,,ensembl
Snord48,Snord48,symbol
Snord52,Snord52,symbol
Neu1,Neu1,symbol
Slc44a4,Slc44a4,symbol
Ehmt2,Ehmt2,symbol
Cfb,Cfb,symbol
Nelfe,Nelfe,symbol
Skic2,Skic2,symbol
Dxo,Dxo,symbol
Stk19,Stk19,symbol
C4a,C4a,symbol
Cyp21a1,Cyp21a1,symbol
AABR07044388.2,AABR07044388.2,symbol
Atf6b,Atf6b,symbol
Fkbpl,Fkbpl,symbol
Prrt1,Prrt1,symbol
Ppt2,Ppt2,symbol
Egfl8,Egfl8,symbol
Agpat1,Agpat1,symbol
Rnf5,Rnf5,symbol
Ager,Ager,symbol
Pbx2,Pbx2,symbol
Gpsm3,Gpsm3,symbol
Notch4,Notch4,symbol
C4b,C4b,symbol
Btnl4,Btnl4,symbol
Btnl8,Btnl8,symbol
Btnl7,Btnl7,symbol
AABR07044388.4,AABR07044388.4,symbol
Btnl5,Btnl5,symbol
Btn3a2,Btn3a2,symbol
Tsbp1,Tsbp1,symbol
Btnl3,Btnl3,symbol
Btnl2,Btnl2,symbol
RT1-Da,RT1-Da,symbol
RT1-Db2,RT1-Db2,symbol
RT1-Db1,RT1-Db1,symbol
RT1-Ba,RT1-Ba,symbol
RT1-Bb,RT1-Bb,symbol
RT1-DOb,RT1-DOb,symbol
Tap2,Tap2,symbol
Psmb8,Psmb8,symbol
Tap1,Tap1,symbol
Psmb9,Psmb9,symbol
RT1-DMb,RT1-DMb,symbol
RT1-DMa,RT1-DMa,symbol
LOC120098895,LOC120098895,symbol
Brd2,Brd2,symbol
RT1-DOa,RT1-DOa,symbol
RT1-Ha,RT1-Ha,symbol
RT1-Hb-ps1,RT1-Hb-ps1,symbol
Col11a2,Col11a2,symbol
Rxrb,Rxrb,symbol
Slc39a7,Slc39a7,symbol
Hsd17b8,Hsd17b8,symbol
Mir219a1,Mir219a1,symbol
Ring1,Ring1,symbol
LOC120098897,LOC120098897,symbol
Vps52,Vps52,symbol
ENSRNOG00000062487,,ensembl
ENSRNOG00000069209,RT1-A1,ensembl
LOC120099050,LOC120099050,symbol
B3galt4,B3galt4,symbol
Wdr46,Wdr46,symbol
Pfdn6,Pfdn6,symbol
Rgl2,Rgl2,symbol
Tapbp,Tapbp,symbol
Zbtb22,Zbtb22,symbol
Daxx,Daxx,symbol
AA926063,AA926063,symbol
Kifc1,Kifc1,symbol
Phf1,Phf1,symbol
Cuta,Cuta,symbol
Syngap1,Syngap1,symbol
Zbtb9,Zbtb9,symbol
Ggnbp1,Ggnbp1,symbol
Bak1,Bak1,symbol
Itpr3,Itpr3,symbol
ENSRNOG00000067891,,ensembl
Uqcc2,Uqcc2,symbol
Ip6k3,Ip6k3,symbol
Lemd2,Lemd2,symbol
Mln,Mln,symbol
AABR07044460.2,AABR07044460.2,symbol
Grm4,Grm4,symbol
Hmga1,Hmga1,symbol
ENSRNOG00000063152,,ensembl
Smim29,Smim29,symbol
Nudt3,Nudt3,symbol
Rps10l1,Rps10l1,symbol
Pacsin1,Pacsin1,symbol
Spdef,Spdef,symbol
ENSRNOG00000058912,,ensembl
Ilrun,Ilrun,symbol
Snrpc,Snrpc,symbol
Bltp3a,Bltp3a,symbol
LOC120099029,LOC120099029,symbol
Taf11,Taf11,symbol
Anks1a,Anks1a,symbol
Tcp11,Tcp11,symbol
Scube3,Scube3,symbol
Zfp523,Zfp523,symbol
Def6,Def6,symbol
Ppard,Ppard,symbol
Fance,Fance,symbol
Rpl10a,Rpl10a,symbol
Tead3,Tead3,symbol
Tulp1,Tulp1,symbol
Fkbp5,Fkbp5,symbol
ENSRNOG00000069485,,ensembl
Armc12,Armc12,symbol
Clpsl2,Clpsl2,symbol
Clps,Clps,symbol
Lhfpl5,Lhfpl5,symbol
Srpk1,Srpk1,symbol
Slc26a8,Slc26a8,symbol
Mapk14,Mapk14,symbol
Mapk13,Mapk13,symbol
Brpf3,Brpf3,symbol
ENSRNOG00000070267,,ensembl
Pnpla1,Pnpla1,symbol
Bnip5,Bnip5,symbol
Pxt1,Pxt1,symbol
Kctd20,Kctd20,symbol
Stk38,Stk38,symbol
Srsf3,Srsf3,symbol
LOC120099031,LOC120099031,symbol
LOC120098812,LOC120098812,symbol
Cdkn1a,Cdkn1a,symbol
Rab44,Rab44,symbol
Cpne5,Cpne5,symbol
Ppil1,Ppil1,symbol
RGD735065,RGD735065,symbol
Pi16,Pi16,symbol
Mtch1,Mtch1,symbol
AABR07044473.1,AABR07044473.1,symbol
Fgd2,Fgd2,symbol
Pim1,Pim1,symbol
ENSRNOG00000065874,,ensembl
Tmem217,Tmem217,symbol
Tmem217,Tmem217,symbol
Tbc1d22b,Tbc1d22b,symbol
Rnf8,Rnf8,symbol
Cmtr1,Cmtr1,symbol
Ccdc167,Ccdc167,symbol
LOC100364116,LOC100364116,symbol
ENSRNOG00000063880,,ensembl
Mdga1,Mdga1,symbol
Zfand3,Zfand3,symbol
Btbd9,Btbd9,symbol
ENSRNOG00000069463,,ensembl
Glo1,Glo1,symbol
Dnah8,Dnah8,symbol
LOC120099051,LOC120099051,symbol
Glp1r,Glp1r,symbol
Umodl1,Umodl1,symbol
LOC120099076,LOC120099076,symbol
Abcg1,Abcg1,symbol
Tff3,Tff3,symbol
Tff2,Tff2,symbol
Tff1,Tff1,symbol
LOC120099070,LOC120099070,symbol
Tmprss3,Tmprss3,symbol
Ubash3a,Ubash3a,symbol
ENSRNOG00000062843,,ensembl
Rsph1,Rsph1,symbol
ENSRNOG00000071156,LOC120098980,ensembl
Slc37a1,Slc37a1,symbol
Pde9a,Pde9a,symbol
Wdr4,Wdr4,symbol
Ndufv3,Ndufv3,symbol
LOC120099066,LOC120099066,symbol
Pknox1,Pknox1,symbol
Cbs,Cbs,symbol
U2af1,U2af1,symbol
Cryaa,Cryaa,symbol
Sik1,Sik1,symbol
AABR07044570.2,AABR07044570.2,symbol
Hsf2bp,Hsf2bp,symbol
Rrp1b,Rrp1b,symbol
RGD1566085,RGD1566085,symbol
Pdxk,Pdxk,symbol
Cstb,Cstb,symbol
Rrp1,Rrp1,symbol
Gm56820,Gm56820,symbol
Agpat3,Agpat3,symbol
Trappc10,Trappc10,symbol
Pwp2,Pwp2,symbol
Gatd3a,Gatd3a,symbol
Icoslg,Icoslg,symbol
Dnmt3l,Dnmt3l,symbol
Aire,Aire,symbol
Pfkl,Pfkl,symbol
Cfap410,Cfap410,symbol
Trpm2,Trpm2,symbol
LOC120099063,LOC120099063,symbol
LOC120099065,LOC120099065,symbol
Lrrc3,Lrrc3,symbol
Tspear,Tspear,symbol
LOC100365646,LOC100365646,symbol
LOC120098854,LOC120098854,symbol
LOC120098855,LOC120098855,symbol
LOC690415,LOC690415,symbol
LOC687631,LOC687631,symbol
LOC686720,LOC686720,symbol
LOC686720,LOC686720,symbol
LOC103694398,LOC103694398,symbol
ENSRNOG00000067601,,ensembl
LOC120099044,LOC120099044,symbol
LOC690478,LOC690478,symbol
Ube2g2,Ube2g2,symbol
Sumo3,Sumo3,symbol
Sumo3,Sumo3,symbol
Pttg1ip,Pttg1ip,symbol
Itgb2,Itgb2,symbol
Slx9,Slx9,symbol
Nme2-ps1,Nme2-ps1,symbol
LOC120099069,LOC120099069,symbol
Adarb1,Adarb1,symbol
Pofut2,Pofut2,symbol
Col18a1,Col18a1,symbol
Slc19a1,Slc19a1,symbol
LOC100912209,LOC100912209,symbol
Pcbp3,Pcbp3,symbol
Col6a1,Col6a1,symbol
Col6a2,Col6a2,symbol
Ftcd,Ftcd,symbol
Spatc1l,Spatc1l,symbol
Lss,Lss,symbol
Mcm3ap,Mcm3ap,symbol
Ybey,Ybey,symbol
RGD1564149,RGD1564149,symbol
Pcnt,Pcnt,symbol
Dip2a,Dip2a,symbol
S100b,S100b,symbol
LOC120099045,LOC120099045,symbol
Prmt2,Prmt2,symbol
Mir678,Mir678,symbol
ENSRNOG00000062702,,ensembl
Slc5a4,Slc5a4,symbol
Slc5a4b,Slc5a4b,symbol
LOC120099032,LOC120099032,symbol
Zfp280b,Zfp280b,symbol
RGD1563815,RGD1563815,symbol
Vpreb3,Vpreb3,symbol
RGD1564162,RGD1564162,symbol
Chchd10,Chchd10,symbol
Mmp11,Mmp11,symbol
Smarcb1,Smarcb1,symbol
Derl3,Derl3,symbol
ENSRNOG00000062860,,ensembl
Mif,Mif,symbol
Gstt2,Gstt2,symbol
LOC108353424,LOC108353424,symbol
Gstt4,Gstt4,symbol
Gstt1,Gstt1,symbol
Gstt3,Gstt3,symbol
Ddt,Ddt,symbol
Cabin1,Cabin1,symbol
Susd2,Susd2,symbol
AABR07044631.2,AABR07044631.2,symbol
LOC120099053,LOC120099053,symbol
Ggt1,Ggt1,symbol
Lrrc75b,Lrrc75b,symbol
Snrpd3,Snrpd3,symbol
Gucd1,Gucd1,symbol
Mir327,Mir327,symbol
Upb1,Upb1,symbol
Adora2a,Adora2a,symbol
Specc1l,Specc1l,symbol
Bcr,Bcr,symbol
ENSRNOG00000068163,,ensembl
Rab36,Rab36,symbol
Rsph14,Rsph14,symbol
Gnaz,Gnaz,symbol
Rpl9-ps20,Rpl9-ps20,symbol
Pcdh15,Pcdh15,symbol
Zwint,Zwint,symbol
LOC120099019,LOC120099019,symbol
RGD1559903,RGD1559903,symbol
LOC120099024,LOC120099024,symbol
ENSRNOG00000063421,,ensembl
Pkm-ps20,Pkm-ps20,symbol
ENSRNOG00000065434,,ensembl
AABR07044714.1,AABR07044714.1,symbol
Ipmk,Ipmk,symbol
Rpl39-ps11,Rpl39-ps11,symbol
Cisd1,Cisd1,symbol
Ube2d1,Ube2d1,symbol
Tfam,Tfam,symbol
ENSRNOG00000067041,,ensembl
Bicc1,Bicc1,symbol
ENSRNOG00000069886,,ensembl
ENSRNOG00000065948,,ensembl
RNaseP_nuc,RNaseP_nuc,symbol
LOC120098903,LOC120098903,symbol
LOC120098901,LOC120098901,symbol
Phyhipl,Phyhipl,symbol
Fam13c,Fam13c,symbol
ENSRNOG00000065653,,ensembl
Slc16a9,Slc16a9,symbol
ENSRNOG00000067507,,ensembl
Mrln,Mrln,symbol
Ccdc6,Ccdc6,symbol
Ank3,Ank3,symbol
LOC120099030,LOC120099030,symbol
ENSRNOG00000069340,LOC134483900,ensembl
ENSRNOG00000068943,,ensembl
RNaseP_nuc,RNaseP_nuc,symbol
ENSRNOG00000069903,,ensembl
Dynlt2b-ps1,Dynlt2b-ps1,symbol
LOC120099015,LOC120099015,symbol
Cdk1,Cdk1,symbol
Rhobtb1,Rhobtb1,symbol
ENSRNOG00000070199,,ensembl
ENSRNOG00000070750,,ensembl
ENSRNOG00000063245,,ensembl
ENSRNOG00000066710,,ensembl
LOC120099068,LOC120099068,symbol
Tmem26,Tmem26,symbol
ENSRNOG00000064301,,ensembl
LOC102546320,LOC102546320,symbol
AABR07044805.2,AABR07044805.2,symbol
ENSRNOG00000067861,,ensembl
Cabcoco1,Cabcoco1,symbol
Arid5b,Arid5b,symbol
LOC108349057,LOC108349057,symbol
Rtkn2,Rtkn2,symbol
Rtkn2,Rtkn2,symbol
Zfp365,Zfp365,symbol
Ado,Ado,symbol
Egr2,Egr2,symbol
Nrbf2,Nrbf2,symbol
Jmjd1c,Jmjd1c,symbol
LOC120099047,LOC120099047,symbol
ENSRNOG00000069079,,ensembl
ENSRNOG00000070836,,ensembl
Reep3,Reep3,symbol
Dnal4-ps1,Dnal4-ps1,symbol
Rpl36al-ps5,Rpl36al-ps5,symbol
LOC120099080,LOC120099080,symbol
ENSRNOG00000070329,,ensembl
LOC120099036,LOC120099036,symbol
ENSRNOG00000070306,,ensembl
Ctnna3,Ctnna3,symbol
Lrrtm3,Lrrtm3,symbol
ENSRNOG00000069858,,ensembl
LOC108349010,LOC108349010,symbol
ENSRNOG00000066776,,ensembl
Dnajc12,Dnajc12,symbol
Sirt1,Sirt1,symbol
Herc4,Herc4,symbol
ENSRNOG00000062763,,ensembl
Mypn,Mypn,symbol
Atoh7,Atoh7,symbol
Pbld1,Pbld1,symbol
Pbld2,Pbld2,symbol
Ak6,Ak6,symbol
Hnrnph3,Hnrnph3,symbol
Rufy2,Rufy2,symbol
Dna2,Dna2,symbol
LOC120099058,LOC120099058,symbol
LOC103694416,LOC103694416,symbol
LOC120099054,LOC120099054,symbol
Tet1,Tet1,symbol
Rwdd1,Rwdd1,symbol
Trappc3l,Trappc3l,symbol
Calhm4,Calhm4,symbol
Calhm5,Calhm5,symbol
Calhm6,Calhm6,symbol
Dse,Dse,symbol
ENSRNOG00000069923,,ensembl
Gcc2,Gcc2,symbol
LOC120099052,LOC120099052,symbol
Lims1,Lims1,symbol
LOC120099059,LOC120099059,symbol
Ranbp2,Ranbp2,symbol
ENSRNOG00000064170,,ensembl
Ccdc138,Ccdc138,symbol
Edar,Edar,symbol
ENSRNOG00000069426,,ensembl
AABR07044959.1,AABR07044959.1,symbol
Sh3rf3,Sh3rf3,symbol
ENSRNOG00000068135,,ensembl
Septin10,Septin10,symbol
Sowahc,Sowahc,symbol
Snrpd2l,Snrpd2l,symbol
P4ha1,P4ha1,symbol
LOC120099055,LOC120099055,symbol
Pla2g12b,Pla2g12b,symbol
Oit3,Oit3,symbol
Mcu,Mcu,symbol
LOC120099016,LOC120099016,symbol
Fabp5-ps3,Fabp5-ps3,symbol
Micu1,Micu1,symbol
LOC120099025,LOC120099025,symbol
Dnajb12,Dnajb12,symbol
Ddit4,Ddit4,symbol
Anapc16,Anapc16,symbol
Ascc1,Ascc1,symbol
AC096404.1,AC096404.1,symbol
Spock2,Spock2,symbol
RNaseP_nuc,RNaseP_nuc,symbol
Chst3,Chst3,symbol
Psap,Psap,symbol
Cdh23,Cdh23,symbol
Vsir,Vsir,symbol
LOC100361018,LOC100361018,symbol
Slc29a3,Slc29a3,symbol
Unc5b,Unc5b,symbol
Pcbd1,Pcbd1,symbol
Pcbd1,Pcbd1,symbol
Sgpl1,Sgpl1,symbol
Tbata,Tbata,symbol
Adamts14,Adamts14,symbol
Prf1,Prf1,symbol
Pald1,Pald1,symbol
Nodal,Nodal,symbol
ENSRNOG00000070935,Eif4ebp2,ensembl
Eif4ebp2,Eif4ebp2,symbol
ENSRNOG00000066789,,ensembl
Lrrc20,Lrrc20,symbol
ENSRNOG00000069172,,ensembl
Npffr1,Npffr1,symbol
ENSRNOG00000071033,,ensembl
Ppa1,Ppa1,symbol
Ppa1,Ppa1,symbol
Tysnd1,Tysnd1,symbol
Aifm2,Aifm2,symbol
Macroh2a2,Macroh2a2,symbol
Col13a1,Col13a1,symbol
Fam241b,Fam241b,symbol
Neurog3,Neurog3,symbol
Tspan15,Tspan15,symbol
Tacr2,Tacr2,symbol
Hk1,Hk1,symbol
Hkdc1,Hkdc1,symbol
Supv3l1,Supv3l1,symbol
Vps26a,Vps26a,symbol
LOC120099075,LOC120099075,symbol
Srgn,Srgn,symbol
ENSRNOG00000068739,,ensembl
ENSRNOG00000067553,,ensembl
Kifbp,Kifbp,symbol
Ddx21,Ddx21,symbol
Ddx50,Ddx50,symbol
Stox1,Stox1,symbol
LOC120099042,LOC120099042,symbol
Ccar1,Ccar1,symbol
Snord98,Snord98,symbol
Rsph4a,Rsph4a,symbol
Zup1,Zup1,symbol
Kpna5,Kpna5,symbol
Gprc6a,Gprc6a,symbol
ENSRNOG00000070167,,ensembl
Rfx6,Rfx6,symbol
ENSRNOG00000069910,,ensembl
LOC102555143,LOC102555143,symbol
LOC120099018,LOC120099018,symbol
ENSRNOG00000067335,,ensembl
Vgll2,Vgll2,symbol
Ros1,Ros1,symbol
LOC100911055,LOC100911055,symbol
Dcbld1,Dcbld1,symbol
Gopc,Gopc,symbol
ENSRNOG00000070377,,ensembl
Nepn,Nepn,symbol
Nus1,Nus1,symbol
Slc35f1,Slc35f1,symbol
ENSRNOG00000066051,,ensembl
Cep85l,Cep85l,symbol
ENSRNOG00000066018,,ensembl
Mcm9,Mcm9,symbol
ENSRNOG00000064723,,ensembl
Asf1a,Asf1a,symbol
Fam184a,Fam184a,symbol
LOC120099028,LOC120099028,symbol
Man1a1,Man1a1,symbol
RGD1559810,RGD1559810,symbol
ENSRNOG00000064860,,ensembl
ENSRNOG00000069363,,ensembl
LOC120099027,LOC120099027,symbol
Tbc1d32,Tbc1d32,symbol
ENSRNOG00000068565,,ensembl
Msl3l2,Msl3l2,symbol
Gja1,Gja1,symbol
ENSRNOG00000069418,,ensembl
ENSRNOG00000066279,,ensembl
ENSRNOG00000068689,,ensembl
Hsf2,Hsf2,symbol
Serinc1,Serinc1,symbol
Pkib,Pkib,symbol
Fabp7,Fabp7,symbol
Smpdl3a,Smpdl3a,symbol
ENSRNOG00000066945,Smpdl3a,ensembl
ENSRNOG00000068589,,ensembl
ENSRNOG00000065029,,ensembl
ENSRNOG00000067001,,ensembl
ENSRNOG00000069043,,ensembl
LOC120099038,LOC120099038,symbol
ENSRNOG00000063538,,ensembl
Tspyl1,Tspyl1,symbol
Tspyl1,Tspyl1,symbol
Tspyl4,Tspyl4,symbol
Nt5dc1,Nt5dc1,symbol
Col10a1,Col10a1,symbol
Frk,Frk,symbol
LOC120099067,LOC120099067,symbol
LOC120099026,LOC120099026,symbol
Hs3st5,Hs3st5,symbol
Rpl13a-ps2,Rpl13a-ps2,symbol
Hdac2,Hdac2,symbol
Marcks,Marcks,symbol
AABR07045321.1,AABR07045321.1,symbol
LOC120099043,LOC120099043,symbol
AABR07045334.1,AABR07045334.1,symbol
LOC120098890,LOC120098890,symbol
LOC120099020,LOC120099020,symbol
AABR07045341.1,AABR07045341.1,symbol
Lama4,Lama4,symbol
Fam229b,Fam229b,symbol
Tube1,Tube1,symbol
Ccn6,Ccn6,symbol
Fyn,Fyn,symbol
ENSRNOG00000070789,,ensembl
Traf3ip2,Traf3ip2,symbol
Rev3l,Rev3l,symbol
LOC120099035,LOC120099035,symbol
Mfsd4b1,Mfsd4b1,symbol
ENSRNOG00000068471,,ensembl
Mfsd4b2,Mfsd4b2,symbol
RGD1561777,RGD1561777,symbol
Naglt1,Naglt1,symbol
RGD1310495,RGD1310495,symbol
Slc16a10,Slc16a10,symbol
LOC120099078,LOC120099078,symbol
Snora69,Snora69,symbol
Rpf2,Rpf2,symbol
LOC120099071,LOC120099071,symbol
Gtf3c6,Gtf3c6,symbol
LOC120099037,LOC120099037,symbol
Amd1,Amd1,symbol
Gpbp1l2,Gpbp1l2,symbol
Cdk19,Cdk19,symbol
LOC120099041,LOC120099041,symbol
Slc22a16,Slc22a16,symbol
Ddo,Ddo,symbol
Mettl24,Mettl24,symbol
Cdc40,Cdc40,symbol
Wasf1,Wasf1,symbol
Gpr6,Gpr6,symbol
Fig4,Fig4,symbol
LOC120099022,LOC120099022,symbol
LOC120099040,LOC120099040,symbol
Ak9,Ak9,symbol
AABR07045399.1,AABR07045399.1,symbol
Zbtb24,Zbtb24,symbol
Mical1,Mical1,symbol
Smpd2,Smpd2,symbol
Ppil6,Ppil6,symbol
Cd164,Cd164,symbol
Ccdc162,Ccdc162,symbol
Cep57l1,Cep57l1,symbol
Sesn1,Sesn1,symbol
LOC499469,LOC499469,symbol
Armc2,Armc2,symbol
ENSRNOG00000069059,,ensembl
Foxo3,Foxo3,symbol
Afg1l,Afg1l,symbol
Snx3,Snx3,symbol
ENSRNOG00000064944,,ensembl
ENSRNOG00000065439,,ensembl
Nr2e1,Nr2e1,symbol
ENSRNOG00000067150,,ensembl
ENSRNOG00000067482,,ensembl
Ostm1,Ostm1,symbol
ENSRNOG00000062845,,ensembl
ENSRNOG00000063872,,ensembl
Sec63,Sec63,symbol
RNaseP_nuc,RNaseP_nuc,symbol
Scml4,Scml4,symbol
ENSRNOG00000069773,,ensembl
Sobp,Sobp,symbol
LOC688390,LOC688390,symbol
Pdss2,Pdss2,symbol
Rpl37a-ps5,Rpl37a-ps5,symbol
Bend3,Bend3,symbol
Mtres1,Mtres1,symbol
ENSRNOG00000069219,,ensembl
AABR07045462.1,AABR07045462.1,symbol
Cd24,Cd24,symbol
Qrsl1,Qrsl1,symbol
Rtn4ip1,Rtn4ip1,symbol
Crybg1,Crybg1,symbol
AABR07045487.1,AABR07045487.1,symbol
LOC102554815,LOC102554815,symbol
Atg5,Atg5,symbol
Prdm1,Prdm1,symbol
LOC120099049,LOC120099049,symbol
Prep,Prep,symbol
LOC120099073,LOC120099073,symbol
LOC120099017,LOC120099017,symbol
Popdc3,Popdc3,symbol
Bves,Bves,symbol
Lin28b,Lin28b,symbol
Hace1,Hace1,symbol
ENSRNOG00000063612,,ensembl
LOC120099077,LOC120099077,symbol
LOC120099079,LOC120099079,symbol
LOC120099064,LOC120099064,symbol
AABR07045621.1,AABR07045621.1,symbol
Grik2,Grik2,symbol
LOC120099039,LOC120099039,symbol
Ubxn2a,Ubxn2a,symbol
Ascc3,Ascc3,symbol
Sim1,Sim1,symbol
ENSRNOG00000068137,,ensembl
ENSRNOG00000071013,,ensembl
ENSRNOG00000064309,,ensembl
AABR07042385.1,AABR07042385.1,symbol
AABR07010672.1,AABR07010672.1,symbol
AABR07036698.1,AABR07036698.1,symbol
ENSRNOG00000067047,,ensembl
Ssx2,Ssx2,symbol
Zfp182,Zfp182,symbol
Zfp300,Zfp300,symbol
Spaca5,Spaca5,symbol
LOC100363372,LOC100363372,symbol
Uxt,Uxt,symbol
Elk1,Elk1,symbol
Cfp,Cfp,symbol
Syn1,Syn1,symbol
LOC102555453,LOC102555453,symbol
Timp1,Timp1,symbol
Araf,Araf,symbol
ENSRNOG00000066309,,ensembl
LOC691495,LOC691495,symbol
RNaseP_nuc,RNaseP_nuc,symbol
LOC103690796,LOC103690796,symbol
Gtpbp4-ps2,Gtpbp4-ps2,symbol
Usp11,Usp11,symbol
Cdk16,Cdk16,symbol
Uba1,Uba1,symbol
Rbm10,Rbm10,symbol
Ndufb11,Ndufb11,symbol
LOC120099502,LOC120099502,symbol
Rgn,Rgn,symbol
Ruvbl1-ps1,Ruvbl1-ps1,symbol
Jade3,Jade3,symbol
Rp2,Rp2,symbol
Slc9a7,Slc9a7,symbol
Chst7,Chst7,symbol
ENSRNOG00000065232,,ensembl
LOC120099483,LOC120099483,symbol
LOC120099430,LOC120099430,symbol
Mir222,Mir222,symbol
Mir221,Mir221,symbol
ENSRNOG00000064542,,ensembl
ENSRNOG00000067826,,ensembl
LOC100359876,LOC100359876,symbol
Dipk2b,Dipk2b,symbol
Kdm6a,Kdm6a,symbol
Dusp21,Dusp21,symbol
LOC120099547,LOC120099547,symbol
LOC120099406,LOC120099406,symbol
RGD1564748,RGD1564748,symbol
ENSRNOG00000070430,,ensembl
Fundc1,Fundc1,symbol
Efhc2,Efhc2,symbol
LOC103690794,LOC103690794,symbol
ENSRNOG00000070880,,ensembl
Ndp,Ndp,symbol
ENSRNOG00000062747,,ensembl
Maob,Maob,symbol
Maoa,Maoa,symbol
RGD1562289,RGD1562289,symbol
Ppp1r2-ps1,Ppp1r2-ps1,symbol
AABR07036974.1,AABR07036974.1,symbol
Cask,Cask,symbol
Gpr82,Gpr82,symbol
Gpr34,Gpr34,symbol
Nyx,Nyx,symbol
Ddx3x,Ddx3x,symbol
LOC102547042,LOC102547042,symbol
ENSRNOG00000070551,,ensembl
Y_RNA,Y_RNA,symbol
Usp9x,Usp9x,symbol
ENSRNOG00000063359,,ensembl
ENSRNOG00000069652,,ensembl
Ube2q2l,Ube2q2l,symbol
Med14,Med14,symbol
RGD1565685,RGD1565685,symbol
AABR07037058.1,AABR07037058.1,symbol
Atp6ap2,Atp6ap2,symbol
ENSRNOG00000064902,,ensembl
Bcor,Bcor,symbol
AABR07037073.1,AABR07037073.1,symbol
LOC120099560,LOC120099560,symbol
LOC120099399,LOC120099399,symbol
Mid1ip1,Mid1ip1,symbol
Tspan7,Tspan7,symbol
ENSRNOG00000067487,,ensembl
LOC120099542,LOC120099542,symbol
RGD1561661,RGD1561661,symbol
ENSRNOG00000062833,,ensembl
Otc,Otc,symbol
Rpgr,Rpgr,symbol
Sytl5,Sytl5,symbol
LOC120099439,LOC120099439,symbol
Dynlt3,Dynlt3,symbol
Cybb,Cybb,symbol
LOC120099491,LOC120099491,symbol
Xk,Xk,symbol
Lancl3,Lancl3,symbol
ENSRNOG00000062381,,ensembl
RGD1561106,RGD1561106,symbol
LOC120099305,LOC120099305,symbol
LOC102552474,LOC102552474,symbol
LOC120099271,LOC120099271,symbol
LOC691895,LOC691895,symbol
ENSRNOG00000063832,,ensembl
RGD1560784,RGD1560784,symbol
Ssx1,Ssx1,symbol
LOC120099520,LOC120099520,symbol
Slc38a5,Slc38a5,symbol
Ftsj1,Ftsj1,symbol
ENSRNOG00000068322,,ensembl
Porcn,Porcn,symbol
Ebp,Ebp,symbol
Tbc1d25,Tbc1d25,symbol
Rbm3,Rbm3,symbol
Wdr13,Wdr13,symbol
Was,Was,symbol
LOC120099411,LOC120099411,symbol
Suv39h1,Suv39h1,symbol
Glod5,Glod5,symbol
ENSRNOG00000064215,,ensembl
Gata1,Gata1,symbol
LOC120099530,LOC120099530,symbol
Hdac6,Hdac6,symbol
Eras,Eras,symbol
Pcsk1n,Pcsk1n,symbol
Timm17b,Timm17b,symbol
Pqbp1,Pqbp1,symbol
Slc35a2,Slc35a2,symbol
Pim2,Pim2,symbol
Otud5,Otud5,symbol
ENSRNOG00000063233,,ensembl
Kcnd1,Kcnd1,symbol
Gripap1,Gripap1,symbol
Tfe3,Tfe3,symbol
LOC120099442,LOC120099442,symbol
Ccdc120,Ccdc120,symbol
Praf2,Praf2,symbol
Wdr45,Wdr45,symbol
Gpkow,Gpkow,symbol
Magix,Magix,symbol
ENSRNOG00000064974,,ensembl
Plp2,Plp2,symbol
Prickle3,Prickle3,symbol
Syp,Syp,symbol
Cacna1f,Cacna1f,symbol
Ccdc22,Ccdc22,symbol
Foxp3,Foxp3,symbol
ENSRNOG00000071099,,ensembl
Ppp1r3f,Ppp1r3f,symbol
ENSRNOG00000066758,,ensembl
ENSRNOG00000065488,,ensembl
AABR07037203.1,AABR07037203.1,symbol
Usp27x,Usp27x,symbol
Clcn5,Clcn5,symbol
Mir532,Mir532,symbol
Mir188,Mir188,symbol
Mir362,Mir362,symbol
Mir3560,Mir3560,symbol
Mir500,Mir500,symbol
LOC120099515,LOC120099515,symbol
LOC120099552,LOC120099552,symbol
ENSRNOG00000069713,,ensembl
Akap4,Akap4,symbol
Ccnb3,Ccnb3,symbol
Dgkk,Dgkk,symbol
Cpsf4-ps1,Cpsf4-ps1,symbol
Shroom4,Shroom4,symbol
AABR07037243.1,AABR07037243.1,symbol
Bmp15,Bmp15,symbol
ENSRNOG00000066805,,ensembl
Nudt11,Nudt11,symbol
Ezhip,Ezhip,symbol
Smptb,Smptb,symbol
Smptb,Smptb,symbol
ENSRNOG00000067767,,ensembl
LOC120099275,LOC120099275,symbol
LOC302576,LOC302576,symbol
Mycs,Mycs,symbol
ENSRNOG00000063942,,ensembl
ENSRNOG00000069398,,ensembl
RGD1565862,RGD1565862,symbol
Spin2b,Spin2b,symbol
ENSRNOG00000068286,,ensembl
Spin2a,Spin2a,symbol
LOC102551133,LOC102551133,symbol
LOC681355,LOC681355,symbol
Ubqln2,Ubqln2,symbol
Klf8,Klf8,symbol
Rpl35-ps8,Rpl35-ps8,symbol
RragB,RragB,symbol
Foxr2,Foxr2,symbol
Mageh1,Mageh1,symbol
Usp51,Usp51,symbol
ENSRNOG00000069137,,ensembl
Ddx21-ps1,Ddx21-ps1,symbol
LOC102546830,LOC102546830,symbol
Rpgr-ps1,Rpgr-ps1,symbol
LOC120099558,LOC120099558,symbol
ENSRNOG00000070642,,ensembl
Fam104b,Fam104b,symbol
ENSRNOG00000068054,,ensembl
Alas2,Alas2,symbol
Apex2,Apex2,symbol
Pfkfb1,Pfkfb1,symbol
Tro,Tro,symbol
AABR07037520.1,AABR07037520.1,symbol
ENSRNOG00000067223,,ensembl
Rhoa-ps1,Rhoa-ps1,symbol
Maged2,Maged2,symbol
LOC120099525,LOC120099525,symbol
Itih6-ps1,Itih6-ps1,symbol
LOC103690810,LOC103690810,symbol
AC115420.1,AC115420.1,symbol
Gnl3l,Gnl3l,symbol
Srsf5-ps1,Srsf5-ps1,symbol
Fgd1,Fgd1,symbol
Tsr2,Tsr2,symbol
Wnk3,Wnk3,symbol
AABR07037412.1,AABR07037412.1,symbol
ENSRNOG00000069711,,ensembl
FAM120C,FAM120C,symbol
LOC120099458,LOC120099458,symbol
LOC120099437,LOC120099437,symbol
LOC100362724,LOC100362724,symbol
Phf8,Phf8,symbol
ENSRNOG00000064310,,ensembl
Eno1-ps6,Eno1-ps6,symbol
ENSRNOG00000062445,,ensembl
Huwe1,Huwe1,symbol
Mirlet7f2,Mirlet7f2,symbol
Mir98,Mir98,symbol
Hsd17b10,Hsd17b10,symbol
Ribc1,Ribc1,symbol
Smc1a,Smc1a,symbol
Iqsec2,Iqsec2,symbol
Kdm5c,Kdm5c,symbol
ENSRNOG00000068684,,ensembl
ENSRNOG00000070148,,ensembl
ENSRNOG00000066768,,ensembl
Tspyl2,Tspyl2,symbol
Gpr173,Gpr173,symbol
LOC120099523,LOC120099523,symbol
Cldn34a,Cldn34a,symbol
LOC685699,LOC685699,symbol
Shroom2,Shroom2,symbol
ENSRNOG00000068349,,ensembl
Gpr143,Gpr143,symbol
LOC685747,LOC685747,symbol
LOC685762,LOC685762,symbol
Samt4,Samt4,symbol
LOC685789,LOC685789,symbol
ENSRNOG00000066771,,ensembl
Samt2,Samt2,symbol
Wwc3,Wwc3,symbol
Clcn4,Clcn4,symbol
Mid1,Mid1,symbol
4933400A11Rik,4933400A11Rik,symbol
Hccs,Hccs,symbol
Arhgap6,Arhgap6,symbol
Amelx,Amelx,symbol
Msl3,Msl3,symbol
Frmpd4,Frmpd4,symbol
LOC686031,LOC686031,symbol
LOC686031,LOC686031,symbol
LOC686042,LOC686042,symbol
LOC120099553,LOC120099553,symbol
Prps2,Prps2,symbol
LOC120099444,LOC120099444,symbol
Tlr7,Tlr7,symbol
Tlr8,Tlr8,symbol
Tmsb4x,Tmsb4x,symbol
ENSRNOG00000067054,,ensembl
LOC120099496,LOC120099496,symbol
Egfl6,Egfl6,symbol
Rab9a,Rab9a,symbol
Tceanc,Tceanc,symbol
Trappc2,Trappc2,symbol
Ofd1,Ofd1,symbol
Gpm6b,Gpm6b,symbol
Gemin8,Gemin8,symbol
Glra2,Glra2,symbol
AABR07037798.1,AABR07037798.1,symbol
AABR07037800.1,AABR07037800.1,symbol
Fancb,Fancb,symbol
Mospd2,Mospd2,symbol
ENSRNOG00000063287,,ensembl
LOC120099531,LOC120099531,symbol
LOC120099537,LOC120099537,symbol
Asb9,Asb9,symbol
Asb11,Asb11,symbol
Piga,Piga,symbol
Vegfd,Vegfd,symbol
ENSRNOG00000069520,,ensembl
Pir,Pir,symbol
LOC120099485,LOC120099485,symbol
LOC120099472,LOC120099472,symbol
LOC120099428,LOC120099428,symbol
Bmx,Bmx,symbol
Ace2,Ace2,symbol
Cltrn,Cltrn,symbol
ENSRNOG00000065810,,ensembl
LOC120099556,LOC120099556,symbol
Car5b,Car5b,symbol
Zrsr2,Zrsr2,symbol
Ap1s2,Ap1s2,symbol
Rnf138l1,Rnf138l1,symbol
Grpr,Grpr,symbol
LOC120099526,LOC120099526,symbol
LOC120099467,LOC120099467,symbol
AABR07038863.2,AABR07038863.2,symbol
ENSRNOG00000066668,,ensembl
RGD1564836,RGD1564836,symbol
Ctps2,Ctps2,symbol
S100g,S100g,symbol
LOC120099447,LOC120099447,symbol
Syap1,Syap1,symbol
LOC120099424,LOC120099424,symbol
Txlng,Txlng,symbol
Rbbp7,Rbbp7,symbol
LOC120099521,LOC120099521,symbol
ENSRNOG00000064664,,ensembl
Rpl39-ps10,Rpl39-ps10,symbol
Slc25a39-ps5,Slc25a39-ps5,symbol
Reps2,Reps2,symbol
RGD1560203,RGD1560203,symbol
ENSRNOG00000070511,,ensembl
Hspa8-ps23,Hspa8-ps23,symbol
Nhs,Nhs,symbol
LOC120099408,LOC120099408,symbol
ENSRNOG00000065998,,ensembl
Scml1,Scml1,symbol
RGD1566197,RGD1566197,symbol
Rai2,Rai2,symbol
AABR07037896.1,AABR07037896.1,symbol
Scml2,Scml2,symbol
Metazoa_SRP,Metazoa_SRP,symbol
Cdkl5,Cdkl5,symbol
Gja6,Gja6,symbol
Rs1,Rs1,symbol
ENSRNOG00000065877,Mt1a,ensembl
Ppef1,Ppef1,symbol
AABR07037995.1,AABR07037995.1,symbol
Adgrg2,Adgrg2,symbol
Rps27a-ps5,Rps27a-ps5,symbol
ENSRNOG00000069571,,ensembl
Lamtor1,Lamtor1,symbol
LOC120099465,LOC120099465,symbol
Pdha1,Pdha1,symbol
Map3k15,Map3k15,symbol
ENSRNOG00000066262,,ensembl
Sh3kbp1,Sh3kbp1,symbol
ENSRNOG00000065014,,ensembl
Bclaf3,Bclaf3,symbol
Map7d2,Map7d2,symbol
Eif1ax,Eif1ax,symbol
Rps6ka3,Rps6ka3,symbol
LOC120099533,LOC120099533,symbol
LOC120099494,LOC120099494,symbol
ENSRNOG00000062879,,ensembl
Cnksr2,Cnksr2,symbol
Klhl34,Klhl34,symbol
LOC120099482,LOC120099482,symbol
Smpx,Smpx,symbol
ENSRNOG00000068938,,ensembl
Yy2,Yy2,symbol
Sms,Sms,symbol
LOC120099497,LOC120099497,symbol
Phex,Phex,symbol
LOC120099546,LOC120099546,symbol
LOC120099492,LOC120099492,symbol
LOC120099480,LOC120099480,symbol
LOC120099536,LOC120099536,symbol
LOC120099461,LOC120099461,symbol
ENSRNOG00000067646,,ensembl
LOC100361934,LOC100361934,symbol
ENSRNOG00000064829,,ensembl
Ptchd1,Ptchd1,symbol
ENSRNOG00000067126,,ensembl
Magea8,Magea8,symbol
Prdx4,Prdx4,symbol
Acot9,Acot9,symbol
LOC102557137,LOC102557137,symbol
Sat1,Sat1,symbol
LOC120099510,LOC120099510,symbol
Cldn34b,Cldn34b,symbol
Magea10-ps4,Magea10-ps4,symbol
ENSRNOG00000068897,,ensembl
Magea10-ps5,Magea10-ps5,symbol
LOC100362173,LOC100362173,symbol
LOC680190,LOC680190,symbol
AABR07038250.1,AABR07038250.1,symbol
ENSRNOG00000064007,,ensembl
Cldn34d,Cldn34d,symbol
LOC317456,LOC317456,symbol
AABR07038269.1,AABR07038269.1,symbol
LOC120099507,LOC120099507,symbol
LOC120099403,LOC120099403,symbol
Tbl1x,Tbl1x,symbol
Cldn34e,Cldn34e,symbol
Bnip3-ps3,Bnip3-ps3,symbol
Prkx,Prkx,symbol
Pbsn,Pbsn,symbol
Obp1f,Obp1f,symbol
Obp1f,Obp1f,symbol
Magea4,Magea4,symbol
Ptges3l1,Ptges3l1,symbol
Sts,Sts,symbol
Pnpla4,Pnpla4,symbol
ENSRNOG00000070283,,ensembl
ENSRNOG00000063391,,ensembl
RGD1563378,RGD1563378,symbol
Prrg1,Prrg1,symbol
ENSRNOG00000064865,,ensembl
Fam47a,Fam47a,symbol
Cfap47,Cfap47,symbol
Mageb16,Mageb16,symbol
Da2-19,Da2-19,symbol
Tmem47,Tmem47,symbol
Srsf8,Srsf8,symbol
RNaseP_nuc,RNaseP_nuc,symbol
AABR07038464.1,AABR07038464.1,symbol
AABR07038477.1,AABR07038477.1,symbol
LOC120099498,LOC120099498,symbol
LOC120099557,LOC120099557,symbol
LOC120099464,LOC120099464,symbol
ENSRNOG00000070004,,ensembl
Dmd,Dmd,symbol
LOC102549011,LOC102549011,symbol
Fthl17e,Fthl17e,symbol
Tab3,Tab3,symbol
Gk,Gk,symbol
ENSRNOG00000038299,,ensembl
Tasl,Tasl,symbol
Samt3,Samt3,symbol
Nr0b1,Nr0b1,symbol
Mageb2,Mageb2,symbol
Rab1b,Rab1b,symbol
Mageb3,Mageb3,symbol
AABR07038553.1,AABR07038553.1,symbol
AABR07038554.1,AABR07038554.1,symbol
Mageb7,Mageb7,symbol
Il1rapl1,Il1rapl1,symbol
ENSRNOG00000070269,,ensembl
LOC120099420,LOC120099420,symbol
AABR07038657.1,AABR07038657.1,symbol
LOC681382,LOC681382,symbol
ENSRNOG00000068510,,ensembl
Thap12-ps1,Thap12-ps1,symbol
AABR07038690.1,AABR07038690.1,symbol
AABR07038703.1,AABR07038703.1,symbol
RGD1563978,RGD1563978,symbol
AABR07038714.1,AABR07038714.1,symbol
LOC120099396,LOC120099396,symbol
LOC680959,LOC680959,symbol
Mageb11,Mageb11,symbol
AABR07039075.1,AABR07039075.1,symbol
AABR07038788.1,AABR07038788.1,symbol
Mageb5,Mageb5,symbol
Mageb6,Mageb6,symbol
Magebl1,Magebl1,symbol
RGD1563590,RGD1563590,symbol
Mageb6b1,Mageb6b1,symbol
Mageb4,Mageb4,symbol
RGD1559970,RGD1559970,symbol
RGD1561382,RGD1561382,symbol
Mageb18,Mageb18,symbol
LOC120099479,LOC120099479,symbol
ENSRNOG00000070381,,ensembl
LOC120099431,LOC120099431,symbol
ENSRNOG00000065059,,ensembl
LOC120099445,LOC120099445,symbol
Arx,Arx,symbol
Pola1,Pola1,symbol
LOC120099463,LOC120099463,symbol
Pcyt1b,Pcyt1b,symbol
AABR07038849.1,AABR07038849.1,symbol
Pdk3,Pdk3,symbol
Arfrp1-ps1,Arfrp1-ps1,symbol
AABR07038858.1,AABR07038858.1,symbol
RGD1564534,RGD1564534,symbol
ENSRNOG00000064060,,ensembl
LOC367830,LOC367830,symbol
Zfx,Zfx,symbol
Eif2s3,Eif2s3,symbol
LOC120099460,LOC120099460,symbol
AABR07021759.1,AABR07021759.1,symbol
Klhl15,Klhl15,symbol
LOC685700,LOC685700,symbol
Apoo,Apoo,symbol
LOC120099522,LOC120099522,symbol
LOC120099524,LOC120099524,symbol
Maged1,Maged1,symbol
LOC120099543,LOC120099543,symbol
LOC102551035,LOC102551035,symbol
ENSRNOG00000066062,,ensembl
Gspt2,Gspt2,symbol
Zxdb,Zxdb,symbol
LOC120099132,LOC120099132,symbol
Gmcl1-ps1,Gmcl1-ps1,symbol
Spin4,Spin4,symbol
Arhgef9,Arhgef9,symbol
LOC120099549,LOC120099549,symbol
Amer1,Amer1,symbol
Asb12,Asb12,symbol
LOC102551431,LOC102551431,symbol
Zc4h2,Zc4h2,symbol
Got2-ps6,Got2-ps6,symbol
AABR07038957.1,AABR07038957.1,symbol
Zc3h12b,Zc3h12b,symbol
Las1l,Las1l,symbol
Msn,Msn,symbol
LOC120093051,LOC120093051,symbol
ENSRNOG00000070436,,ensembl
LOC120099372,LOC120099372,symbol
Mir223,Mir223,symbol
Vsig4,Vsig4,symbol
LOC100360790,LOC100360790,symbol
Heph,Heph,symbol
Gpr165,Gpr165,symbol
Pgr15l,Pgr15l,symbol
RGD1565058,RGD1565058,symbol
Eda2r,Eda2r,symbol
ENSRNOG00000063456,,ensembl
Ar,Ar,symbol
Ophn1,Ophn1,symbol
LOC120099429,LOC120099429,symbol
AABR07039112.1,AABR07039112.1,symbol
LOC120099474,LOC120099474,symbol
Yipf6,Yipf6,symbol
Stard8,Stard8,symbol
LOC120099478,LOC120099478,symbol
Efnb1,Efnb1,symbol
Mir3573,Mir3573,symbol
Rpl27-l1,Rpl27-l1,symbol
Pja1,Pja1,symbol
Nalf2,Nalf2,symbol
Eda,Eda,symbol
Mir676,Mir676,symbol
Awat2,Awat2,symbol
Otud6a,Otud6a,symbol
Igbp1,Igbp1,symbol
Dgat2l6,Dgat2l6,symbol
Awat1,Awat1,symbol
P2ry4,P2ry4,symbol
Arr3,Arr3,symbol
Pdzd11,Pdzd11,symbol
Kif4a,Kif4a,symbol
Gdpd2,Gdpd2,symbol
Dlg3,Dlg3,symbol
Tex11,Tex11,symbol
LOC120099433,LOC120099433,symbol
LOC120099438,LOC120099438,symbol
LOC120099394,LOC120099394,symbol
Slc7a3,Slc7a3,symbol
Snx12,Snx12,symbol
LOC120099440,LOC120099440,symbol
LOC102548326,LOC102548326,symbol
Foxo4,Foxo4,symbol
CXHXorf65,CXHXorf65,symbol
Med12,Med12,symbol
Nlgn3,Nlgn3,symbol
Gjb1,Gjb1,symbol
Zmym3,Zmym3,symbol
Nono,Nono,symbol
Itgb1bp2,Itgb1bp2,symbol
LOC120099453,LOC120099453,symbol
Taf1,Taf1,symbol
LOC120099518,LOC120099518,symbol
Ogt,Ogt,symbol
LOC102548506,LOC102548506,symbol
Cxcr3,Cxcr3,symbol
LOC102553785,LOC102553785,symbol
Cxhxorf49,Cxhxorf49,symbol
LOC102555994,LOC102555994,symbol
Nhsl2,Nhsl2,symbol
Rtl5,Rtl5,symbol
Pin4,Pin4,symbol
Ercc6l,Ercc6l,symbol
AABR07039214.1,AABR07039214.1,symbol
Rps4x,Rps4x,symbol
Cited1,Cited1,symbol
Hdac8,Hdac8,symbol
Phka1,Phka1,symbol
LOC679960,LOC679960,symbol
AABR07039229.2,AABR07039229.2,symbol
ENSRNOG00000065493,,ensembl
ENSRNOG00000068588,,ensembl
ENSRNOG00000070013,,ensembl
LOC120099304,LOC120099304,symbol
Dmrtc1c1,Dmrtc1c1,symbol
ENSRNOG00000071143,,ensembl
Dmrtc1b,Dmrtc1b,symbol
Fam236d,Fam236d,symbol
ENSRNOG00000064026,,ensembl
AABR07039334.1,AABR07039334.1,symbol
AABR07039336.3,AABR07039336.3,symbol
AABR07039336.2,AABR07039336.2,symbol
RGD1562521,RGD1562521,symbol
LOC100361671,LOC100361671,symbol
LOC120099471,LOC120099471,symbol
LOC120099468,LOC120099468,symbol
LOC120099538,LOC120099538,symbol
Cdx4,Cdx4,symbol
Tsx,Tsx,symbol
ENSRNOG00000037911,,ensembl
LOC120099412,LOC120099412,symbol
ENSRNOG00000065796,,ensembl
LOC367858,LOC367858,symbol
ENSRNOG00000071206,,ensembl
ENSRNOG00000067105,,ensembl
ENSRNOG00000064849,,ensembl
Mir421,Mir421,symbol
Mir374b,Mir374b,symbol
Zcchc13,Zcchc13,symbol
ENSRNOG00000067012,,ensembl
LOC102546324,LOC102546324,symbol
Slc16a2,Slc16a2,symbol
LOC680353,LOC680353,symbol
AABR07039328.2,AABR07039328.2,symbol
Rlim,Rlim,symbol
LOC103690100,LOC103690100,symbol
LOC120099400,LOC120099400,symbol
LOC120099539,LOC120099539,symbol
LOC120099484,LOC120099484,symbol
Nexmif,Nexmif,symbol
Mir672,Mir672,symbol
ENSRNOG00000068564,,ensembl
Abcb7,Abcb7,symbol
Uprt,Uprt,symbol
Zdhhc15,Zdhhc15,symbol
Mir3559,Mir3559,symbol
LOC120099425,LOC120099425,symbol
ENSRNOG00000064231,,ensembl
ENSRNOG00000067106,,ensembl
Magee2,Magee2,symbol
LOC100912991,LOC100912991,symbol
Pbdc1,Pbdc1,symbol
Magee1,Magee1,symbol
ENSRNOG00000070042,,ensembl
LOC120099555,LOC120099555,symbol
Mir384,Mir384,symbol
LOC103690870,LOC103690870,symbol
Mir325,Mir325,symbol
ENSRNOG00000066627,,ensembl
AABR07039447.1,AABR07039447.1,symbol
LOC120099473,LOC120099473,symbol
Fgf16,Fgf16,symbol
Atrx,Atrx,symbol
LOC120099513,LOC120099513,symbol
Magt1,Magt1,symbol
Cox7b,Cox7b,symbol
ENSRNOG00000055485,,ensembl
Atp7a,Atp7a,symbol
AABR07039446.1,AABR07039446.1,symbol
Tlr13,Tlr13,symbol
Rpl19-ps23,Rpl19-ps23,symbol
Pgk1,Pgk1,symbol
Taf9b,Taf9b,symbol
LOC100359505,LOC100359505,symbol
ENSRNOG00000069323,LOC120099144,ensembl
LOC120099223,LOC120099223,symbol
Fndc3c1,Fndc3c1,symbol
AABR07039471.1,AABR07039471.1,symbol
Cysltr1,Cysltr1,symbol
LOC120099436,LOC120099436,symbol
LOC100359656,LOC100359656,symbol
RGD1560821,RGD1560821,symbol
Rtl3,Rtl3,symbol
LOC120099398,LOC120099398,symbol
Lpar4,Lpar4,symbol
P2ry10,P2ry10,symbol
LOC120099416,LOC120099416,symbol
P2ry10b,P2ry10b,symbol
Gpr174,Gpr174,symbol
Itm2a,Itm2a,symbol
Phb1-ps10,Phb1-ps10,symbol
Tbx22,Tbx22,symbol
Chmp1b2,Chmp1b2,symbol
Tent5d,Tent5d,symbol
RGD1561552,RGD1561552,symbol
Rfk-ps1,Rfk-ps1,symbol
RGD1562871,RGD1562871,symbol
LOC103690878,LOC103690878,symbol
Brwd3,Brwd3,symbol
Hmgn5,Hmgn5,symbol
LOC120099401,LOC120099401,symbol
Sh3bgrl,Sh3bgrl,symbol
RGD1562039,RGD1562039,symbol
LOC681325,LOC681325,symbol
ENSRNOG00000069201,,ensembl
LOC102554937,LOC102554937,symbol
LOC120099256,LOC120099256,symbol
ENSRNOG00000068491,,ensembl
LOC120099393,LOC120099393,symbol
Pou3f4,Pou3f4,symbol
Ankra2,Ankra2,symbol
Cylc1,Cylc1,symbol
Rps6ka6,Rps6ka6,symbol
Hdx,Hdx,symbol
LOC100363993,LOC100363993,symbol
Ube2d4l1,Ube2d4l1,symbol
4933403O08Rik,4933403O08Rik,symbol
Apool,Apool,symbol
Satl1,Satl1,symbol
RGD1561958,RGD1561958,symbol
Zfp711,Zfp711,symbol
Pof1b,Pof1b,symbol
ENSRNOG00000064035,,ensembl
ENSRNOG00000065341,,ensembl
Chm,Chm,symbol
Mir361,Mir361,symbol
LOC120099532,LOC120099532,symbol
LOC120099548,LOC120099548,symbol
Dach2,Dach2,symbol
LOC120099451,LOC120099451,symbol
LOC120099511,LOC120099511,symbol
Klhl4,Klhl4,symbol
RGD1561582,RGD1561582,symbol
LOC120099227,LOC120099227,symbol
LOC120099409,LOC120099409,symbol
LOC120099541,LOC120099541,symbol
M6pr-ps1,M6pr-ps1,symbol
AABR07039936.1,AABR07039936.1,symbol
ENSRNOG00000070635,,ensembl
H2ab3,H2ab3,symbol
ENSRNOG00000070967,,ensembl
ENSRNOG00000064387,,ensembl
ENSRNOG00000063657,,ensembl
LOC120099509,LOC120099509,symbol
Tgif2lx2,Tgif2lx2,symbol
Pabpc5,Pabpc5,symbol
Pcdh11x,Pcdh11x,symbol
Ventx,Ventx,symbol
LOC120099419,LOC120099419,symbol
LOC685776,LOC685776,symbol
LOC120099392,LOC120099392,symbol
Nap1l3,Nap1l3,symbol
LOC120099435,LOC120099435,symbol
LOC120099545,LOC120099545,symbol
RGD1559460,RGD1559460,symbol
LOC120099506,LOC120099506,symbol
AABR07040251.1,AABR07040251.1,symbol
RGD1563104,RGD1563104,symbol
RGD1561151,RGD1561151,symbol
LOC102555852,LOC102555852,symbol
Cldn34c4,Cldn34c4,symbol
LOC120099454,LOC120099454,symbol
Rbm31y,Rbm31y,symbol
LOC120099405,LOC120099405,symbol
LOC120099486,LOC120099486,symbol
RGD1565129,RGD1565129,symbol
RGD1561318,RGD1561318,symbol
ENSRNOG00000070922,,ensembl
AABR07056668.1,AABR07056668.1,symbol
Diaph2,Diaph2,symbol
LOC120099313,LOC120099313,symbol
ENSRNOG00000063333,,ensembl
ENSRNOG00000067052,,ensembl
LOC120099490,LOC120099490,symbol
LOC120099432,LOC120099432,symbol
ENSRNOG00000064051,,ensembl
LOC120099505,LOC120099505,symbol
LOC120099500,LOC120099500,symbol
AABR07040565.1,AABR07040565.1,symbol
Pcdh19,Pcdh19,symbol
LOC120099559,LOC120099559,symbol
Tnmd,Tnmd,symbol
Tspan6,Tspan6,symbol
Srpx2,Srpx2,symbol
Sytl4,Sytl4,symbol
Cstf2,Cstf2,symbol
Nox1,Nox1,symbol
Xkrx,Xkrx,symbol
ENSRNOG00000063806,,ensembl
Arl13a,Arl13a,symbol
Tmem35a,Tmem35a,symbol
Cenpi,Cenpi,symbol
Drp2,Drp2,symbol
Taf7l,Taf7l,symbol
LOC120099422,LOC120099422,symbol
Timm8a1,Timm8a1,symbol
Btk,Btk,symbol
Rpl36a,Rpl36a,symbol
Gla,Gla,symbol
Hnrnph2,Hnrnph2,symbol
ENSRNOG00000037711,,ensembl
ENSRNOG00000066297,,ensembl
Armcx4,Armcx4,symbol
LOC108348137,LOC108348137,symbol
AC130862.2,AC130862.2,symbol
Armcx6,Armcx6,symbol
Armcx3,Armcx3,symbol
Armcx2,Armcx2,symbol
LOC120099457,LOC120099457,symbol
RGD1564480,RGD1564480,symbol
LOC120099456,LOC120099456,symbol
Nxf2,Nxf2,symbol
Zmat1,Zmat1,symbol
ENSRNOG00000063223,,ensembl
Tceal6,Tceal6,symbol
RGD1566159,RGD1566159,symbol
Pramel3,Pramel3,symbol
LOC120099508,LOC120099508,symbol
Pramel,Pramel,symbol
Nxf7,Nxf7,symbol
Prame,Prame,symbol
Tcp11x2,Tcp11x2,symbol
Tmsb15a,Tmsb15a,symbol
Nxf5,Nxf5,symbol
Armcx5,Armcx5,symbol
Gprasp1,Gprasp1,symbol
Gprasp2,Gprasp2,symbol
Gprasp3,Gprasp3,symbol
Snora57,Snora57,symbol
Arxes2,Arxes2,symbol
Tpgs2-ps2,Tpgs2-ps2,symbol
Arxes1,Arxes1,symbol
Bex1,Bex1,symbol
Nxf3,Nxf3,symbol
AABR07040624.1,AABR07040624.1,symbol
Bex4,Bex4,symbol
Tceal8,Tceal8,symbol
Tceal5,Tceal5,symbol
Bex2,Bex2,symbol
Tceal7,Tceal7,symbol
Tceal9,Tceal9,symbol
ENSRNOG00000065644,,ensembl
Bex3,Bex3,symbol
Tceal3,Tceal3,symbol
Tceal1,Tceal1,symbol
Morf4l2,Morf4l2,symbol
Glra4,Glra4,symbol
ENSRNOG00000063587,,ensembl
Plp1,Plp1,symbol
LOC120099413,LOC120099413,symbol
Rab9b,Rab9b,symbol
AABR07040686.1,AABR07040686.1,symbol
Tmsb15b2,Tmsb15b2,symbol
Slc25a53,Slc25a53,symbol
Zcchc18,Zcchc18,symbol
LOC108349241,LOC108349241,symbol
Fam199x,Fam199x,symbol
LOC120099503,LOC120099503,symbol
AABR07040695.1,AABR07040695.1,symbol
ENSRNOG00000062353,,ensembl
Il1rapl2,Il1rapl2,symbol
Tex13a,Tex13a,symbol
LOC120099426,LOC120099426,symbol
Nrk,Nrk,symbol
ENSRNOG00000063933,,ensembl
Serpina7,Serpina7,symbol
AABR07040789.1,AABR07040789.1,symbol
AABR07040792.1,AABR07040792.1,symbol
Pwwp3b,Pwwp3b,symbol
AABR07040797.1,AABR07040797.1,symbol
Trap1a,Trap1a,symbol
Radx,Radx,symbol
Rnf128,Rnf128,symbol
Tbc1d8b,Tbc1d8b,symbol
Ripply1,Ripply1,symbol
Cldn2,Cldn2,symbol
Morc4,Morc4,symbol
Rbm41,Rbm41,symbol
Nup62cl,Nup62cl,symbol
Dnaaf6,Dnaaf6,symbol
LOC120099477,LOC120099477,symbol
Frmpd3,Frmpd3,symbol
Prps1,Prps1,symbol
Tsc22d3,Tsc22d3,symbol
Mid2,Mid2,symbol
LOC120099415,LOC120099415,symbol
ENSRNOG00000069722,,ensembl
Tex13b,Tex13b,symbol
LOC120099487,LOC120099487,symbol
Vsig1,Vsig1,symbol
AABR07040855.1,AABR07040855.1,symbol
AABR07040864.1,AABR07040864.1,symbol
Col4a6,Col4a6,symbol
LOC103690888,LOC103690888,symbol
Col4a5,Col4a5,symbol
AABR07040887.1,AABR07040887.1,symbol
AABR07040892.1,AABR07040892.1,symbol
Gucy2f,Gucy2f,symbol
Nxt2,Nxt2,symbol
Kcne5,Kcne5,symbol
Acsl4,Acsl4,symbol
LOC103690889,LOC103690889,symbol
LOC120099501,LOC120099501,symbol
Tmem164,Tmem164,symbol
Mir652,Mir652,symbol
LOC120099535,LOC120099535,symbol
Ammecr1,Ammecr1,symbol
Rtl9,Rtl9,symbol
Chrdl1,Chrdl1,symbol
ENSRNOG00000063392,,ensembl
Pak3,Pak3,symbol
ENSRNOG00000063610,,ensembl
Capn6,Capn6,symbol
Dcx,Dcx,symbol
AABR07040938.1,AABR07040938.1,symbol
LOC108349189,LOC108349189,symbol
AABR07040944.1,AABR07040944.1,symbol
Sertm2,Sertm2,symbol
ENSRNOG00000068854,,ensembl
LOC100361756,LOC100361756,symbol
LOC100361854,LOC100361854,symbol
Alg13,Alg13,symbol
LOC108349244,LOC108349244,symbol
Trpc5,Trpc5,symbol
LOC120099544,LOC120099544,symbol
Trpc5os,Trpc5os,symbol
ENSRNOG00000071051,,ensembl
LOC120099495,LOC120099495,symbol
Rtl4,Rtl4,symbol
Lhfpl1,Lhfpl1,symbol
Amot,Amot,symbol
ENSRNOG00000064977,,ensembl
LOC120099434,LOC120099434,symbol
ENSRNOG00000065631,,ensembl
LOC120099466,LOC120099466,symbol
ENSRNOG00000065464,,ensembl
ENSRNOG00000063684,,ensembl
Htr2c,Htr2c,symbol
Snora35,Snora35,symbol
Mir3552,Mir3552,symbol
Mir764,Mir764,symbol
Mir1912,Mir1912,symbol
Mir1298,Mir1298,symbol
Mir448,Mir448,symbol
Il13ra2,Il13ra2,symbol
Lrch2,Lrch2,symbol
LOC120099517,LOC120099517,symbol
ENSRNOG00000062951,,ensembl
Luzp4,Luzp4,symbol
ENSRNOG00000067214,,ensembl
AABR07041089.1,AABR07041089.1,symbol
LOC120099514,LOC120099514,symbol
Pls3,Pls3,symbol
ENSRNOG00000067242,LOC134484073,ensembl
AABR07041109.1,AABR07041109.1,symbol
ENSRNOG00000070771,,ensembl
LOC100911253,LOC100911253,symbol
ENSRNOG00000066448,,ensembl
ENSRNOG00000062506,,ensembl
LOC120099534,LOC120099534,symbol
ENSRNOG00000064032,,ensembl
ENSRNOG00000062748,,ensembl
ENSRNOG00000062599,LOC100911253,ensembl
LOC120099427,LOC120099427,symbol
Agtr2,Agtr2,symbol
LOC120099493,LOC120099493,symbol
Slc6a14,Slc6a14,symbol
ENSRNOG00000068085,,ensembl
LOC120099391,LOC120099391,symbol
Ppp1r2-ps2,Ppp1r2-ps2,symbol
AABR07041140.1,AABR07041140.1,symbol
Sec61g-ps4,Sec61g-ps4,symbol
Klhl13,Klhl13,symbol
Wdr44,Wdr44,symbol
ENSRNOG00000063057,,ensembl
LOC120099418,LOC120099418,symbol
RNaseP_nuc,RNaseP_nuc,symbol
Tesl,Tesl,symbol
RGD1566184,RGD1566184,symbol
ENSRNOG00000065492,,ensembl
ENSRNOG00000067513,,ensembl
RGD1566387,RGD1566387,symbol
LOC120099448,LOC120099448,symbol
Dock11,Dock11,symbol
Il13ra1-ps1,Il13ra1-ps1,symbol
Zcchc12,Zcchc12,symbol
Lonrf3,Lonrf3,symbol
LOC120099417,LOC120099417,symbol
Ct47b1,Ct47b1,symbol
RGD1561445,RGD1561445,symbol
Pgrmc1,Pgrmc1,symbol
Akap17b,Akap17b,symbol
LOC120099476,LOC120099476,symbol
ENSRNOG00000063973,,ensembl
Slc25a43,Slc25a43,symbol
LOC120099452,LOC120099452,symbol
LOC120099459,LOC120099459,symbol
Slc25a5,Slc25a5,symbol
Steep1,Steep1,symbol
Ube2a,Ube2a,symbol
Nkrf,Nkrf,symbol
Septin6,Septin6,symbol
Sowahd,Sowahd,symbol
Rpl39-ps13,Rpl39-ps13,symbol
LOC120099449,LOC120099449,symbol
Upf3b,Upf3b,symbol
Nkap,Nkap,symbol
Akap14,Akap14,symbol
Ndufa1,Ndufa1,symbol
Rnf113a1,Rnf113a1,symbol
RGD1560927,RGD1560927,symbol
Rhox4g,Rhox4g,symbol
Rhox3,Rhox3,symbol
Rhoxf2b,Rhoxf2b,symbol
Rhox5,Rhox5,symbol
LOC100364002,LOC100364002,symbol
ENSRNOG00000070486,,ensembl
Rhox8,Rhox8,symbol
Rhox7,Rhox7,symbol
Rhox9,Rhox9,symbol
ENSRNOG00000070384,,ensembl
LOC691272,LOC691272,symbol
ENSRNOG00000065266,,ensembl
Btg1c,Btg1c,symbol
RGD1566035,RGD1566035,symbol
Btg1b,Btg1b,symbol
Rhox10,Rhox10,symbol
Rhox11,Rhox11,symbol
Rhox12,Rhox12,symbol
Rhox13,Rhox13,symbol
LOC120099475,LOC120099475,symbol
Zbtb33,Zbtb33,symbol
Tmem255a,Tmem255a,symbol
Atp1b4,Atp1b4,symbol
Lamp2,Lamp2,symbol
LOC100360128,LOC100360128,symbol
Cul4b,Cul4b,symbol
Mcts1,Mcts1,symbol
C1galt1c1,C1galt1c1,symbol
LOC120099489,LOC120099489,symbol
LOC691215,LOC691215,symbol
RGD1560124,RGD1560124,symbol
LOC120099455,LOC120099455,symbol
AABR07038676.1,AABR07038676.1,symbol
ENSRNOG00000068749,,ensembl
RGD1563307,RGD1563307,symbol
Gria3,Gria3,symbol
Thoc2,Thoc2,symbol
Xiap,Xiap,symbol
ENSRNOG00000063687,,ensembl
ENSRNOG00000065229,,ensembl
Stag2,Stag2,symbol
LOC120099528,LOC120099528,symbol
AABR07041403.1,AABR07041403.1,symbol
Tenm1,Tenm1,symbol
LOC120099499,LOC120099499,symbol
Tex13c,Tex13c,symbol
LOC120099550,LOC120099550,symbol
LOC691030,LOC691030,symbol
Dcaf12l2,Dcaf12l2,symbol
Dcaf12l1,Dcaf12l1,symbol
Prr32,Prr32,symbol
LOC681067,LOC681067,symbol
ENSRNOG00000063729,,ensembl
LOC120099404,LOC120099404,symbol
Actrt1,Actrt1,symbol
ENSRNOG00000063829,,ensembl
LOC681300,LOC681300,symbol
ENSRNOG00000064782,,ensembl
Smarca1,Smarca1,symbol
ENSRNOG00000063851,,ensembl
Ocrl,Ocrl,symbol
Apln,Apln,symbol
Xpnpep2,Xpnpep2,symbol
Sash3,Sash3,symbol
Zdhhc9,Zdhhc9,symbol
LOC120099469,LOC120099469,symbol
Utp14a,Utp14a,symbol
LOC120099421,LOC120099421,symbol
Bcorl1,Bcorl1,symbol
ENSRNOG00000064623,,ensembl
Elf4,Elf4,symbol
Aifm1,Aifm1,symbol
Rab33a,Rab33a,symbol
Zfp280c,Zfp280c,symbol
Slc25a14,Slc25a14,symbol
Gpr119,Gpr119,symbol
Rbmx2,Rbmx2,symbol
LOC120099519,LOC120099519,symbol
RGD1564955,RGD1564955,symbol
Enox2,Enox2,symbol
Arhgap36,Arhgap36,symbol
LOC120099272,LOC120099272,symbol
Or11q2,Or11q2,symbol
Or5o1,Or5o1,symbol
Igsf1,Igsf1,symbol
Or11n2,Or11n2,symbol
Or5bh3,Or5bh3,symbol
RGD1566225,RGD1566225,symbol
LOC120099488,LOC120099488,symbol
Or1aa2,Or1aa2,symbol
ENSRNOG00000066891,,ensembl
ENSRNOG00000063831,,ensembl
ENSRNOG00000068694,,ensembl
ENSRNOG00000066217,,ensembl
ENSRNOG00000067524,,ensembl
ENSRNOG00000062696,,ensembl
ENSRNOG00000070212,,ensembl
ENSRNOG00000070754,,ensembl
ENSRNOG00000067793,,ensembl
ENSRNOG00000070236,,ensembl
LOC103690902,LOC103690902,symbol
Stk26,Stk26,symbol
Frmd7,Frmd7,symbol
Rap2c,Rap2c,symbol
Mbnl3,Mbnl3,symbol
LOC120099481,LOC120099481,symbol
LOC103694587,LOC103694587,symbol
Hs6st2,Hs6st2,symbol
Usp26,Usp26,symbol
ENSRNOG00000064884,,ensembl
Magea14,Magea14,symbol
Gpc4,Gpc4,symbol
Ftl1l1,Ftl1l1,symbol
LOC103690904,LOC103690904,symbol
Gpc3,Gpc3,symbol
LOC120099554,LOC120099554,symbol
Mir363,Mir363,symbol
Mir92a2,Mir92a2,symbol
Mir19b2,Mir19b2,symbol
Mir20b,Mir20b,symbol
Mir106a,Mir106a,symbol
LOC120099255,LOC120099255,symbol
Ccdc160,Ccdc160,symbol
Phf6,Phf6,symbol
LOC100364877,LOC100364877,symbol
LOC120099395,LOC120099395,symbol
Hprt1,Hprt1,symbol
Mir450a1,Mir450a1,symbol
Mir450b-1,Mir450b-1,symbol
Mir542,Mir542,symbol
Mir351,Mir351,symbol
Mir503,Mir503,symbol
Mir322-2,Mir322-2,symbol
Plac1,Plac1,symbol
Pabir2,Pabir2,symbol
Pabir3,Pabir3,symbol
Mospd1,Mospd1,symbol
ENSRNOG00000063412,,ensembl
LOC120099290,LOC120099290,symbol
LOC120099259,LOC120099259,symbol
AABR07039304.1,AABR07039304.1,symbol
LOC120099390,LOC120099390,symbol
Rtl8a,Rtl8a,symbol
AABR07039307.1,AABR07039307.1,symbol
ENSRNOG00000062466,Rtl8a,ensembl
LOC100910451,LOC100910451,symbol
ENSRNOG00000070576,,ensembl
Ct55,Ct55,symbol
Fam9b,Fam9b,symbol
Zfp36l3,Zfp36l3,symbol
RGD1564845,RGD1564845,symbol
LOC120099188,LOC120099188,symbol
LOC100360296,LOC100360296,symbol
LOC120099189,LOC120099189,symbol
LOC120099191,LOC120099191,symbol
ENSRNOG00000062513,,ensembl
LOC120099287,LOC120099287,symbol
RGD1563270,RGD1563270,symbol
ENSRNOG00000068015,,ensembl
LOC685790,LOC685790,symbol
LOC684932,LOC684932,symbol
ENSRNOG00000064868,,ensembl
Zfp449,Zfp449,symbol
ENSRNOG00000065027,,ensembl
LOC120099410,LOC120099410,symbol
RGD1561558,RGD1561558,symbol
Ints6l,Ints6l,symbol
ENSRNOG00000063647,,ensembl
Ct45a9,Ct45a9,symbol
Mmgt1,Mmgt1,symbol
Slc9a6,Slc9a6,symbol
Fhl1,Fhl1,symbol
LOC120099414,LOC120099414,symbol
Map7d3,Map7d3,symbol
ENSRNOG00000069000,,ensembl
Adgrg4,Adgrg4,symbol
Brs3,Brs3,symbol
Htatsf1,Htatsf1,symbol
Cd40lg,Cd40lg,symbol
Arhgef6,Arhgef6,symbol
Rbmx,Rbmx,symbol
Snord61,Snord61,symbol
Gpr101,Gpr101,symbol
RGD1566008,RGD1566008,symbol
ENSRNOG00000069556,LOC120099250,ensembl
Zic3,Zic3,symbol
ENSRNOG00000067113,Hmgb4l6,ensembl
RGD1565430,RGD1565430,symbol
LOC120099402,LOC120099402,symbol
LOC688702,LOC688702,symbol
Magea13,Magea13,symbol
Fgf13,Fgf13,symbol
Mir504,Mir504,symbol
LOC108349258,LOC108349258,symbol
LOC688760,LOC688760,symbol
F9,F9,symbol
Mcf2,Mcf2,symbol
Atp11c,Atp11c,symbol
Mir3589,Mir3589,symbol
LOC688842,LOC688842,symbol
RGD1560171,RGD1560171,symbol
RGD1560585,RGD1560585,symbol
Sox3,Sox3,symbol
RGD1561327,RGD1561327,symbol
ENSRNOG00000063675,,ensembl
LOC120099423,LOC120099423,symbol
AABR07041972.1,AABR07041972.1,symbol
ENSRNOG00000070217,,ensembl
Ldoc1,Ldoc1,symbol
LOC102546596,LOC102546596,symbol
Magec2,Magec2,symbol
AABR07041997.1,AABR07041997.1,symbol
LOC120099397,LOC120099397,symbol
ENSRNOG00000063631,,ensembl
ENSRNOG00000064345,,ensembl
ENSRNOG00000067343,,ensembl
AABR07042071.1,AABR07042071.1,symbol
Magea9,Magea9,symbol
Slitrk4,Slitrk4,symbol
Ctag2,Ctag2,symbol
LOC120099529,LOC120099529,symbol
LOC120099407,LOC120099407,symbol
AABR07042226.1,AABR07042226.1,symbol
LOC120099343,LOC120099343,symbol
Slitrk2,Slitrk2,symbol
Mir743a,Mir743a,symbol
Mir743b,Mir743b,symbol
Mir742,Mir742,symbol
Mir883,Mir883,symbol
Mir471,Mir471,symbol
Mir3551,Mir3551,symbol
Mir741,Mir741,symbol
Mir463,Mir463,symbol
Mir880,Mir880,symbol
Mir878,Mir878,symbol
Mir881,Mir881,symbol
Mir871,Mir871,symbol
Mir3580,Mir3580,symbol
Mir465,Mir465,symbol
LOC689396,LOC689396,symbol
ENSRNOG00000067514,,ensembl
LOC120099512,LOC120099512,symbol
LOC120099527,LOC120099527,symbol
AABR07042293.1,AABR07042293.1,symbol
LOC100912196,LOC100912196,symbol
Fam9c,Fam9c,symbol
ENSRNOG00000069396,,ensembl
AABR07042418.1,AABR07042418.1,symbol
Mir3585,Mir3585,symbol
Mir201,Mir201,symbol
Mir547,Mir547,symbol
Mir509,Mir509,symbol
LOC120099504,LOC120099504,symbol
Fmr1,Fmr1,symbol
Fmr1nb,Fmr1nb,symbol
LOC689600,LOC689600,symbol
Aff2,Aff2,symbol
LOC100360413,LOC100360413,symbol
LOC100360413,LOC100360413,symbol
LOC689600,LOC689600,symbol
Ids,Ids,symbol
ENSRNOG00000063611,,ensembl
LOC102547109,LOC102547109,symbol
Eola2,Eola2,symbol
LOC120099181,LOC120099181,symbol
Tmem185a,Tmem185a,symbol
Hmgb3,Hmgb3,symbol
Rpsa-ps4,Rpsa-ps4,symbol
Gpr50,Gpr50,symbol
ENSRNOG00000070416,,ensembl
Vma21,Vma21,symbol
RGD1561481,RGD1561481,symbol
RGD1308750,RGD1308750,symbol
Pasd1,Pasd1,symbol
Prrg3,Prrg3,symbol
ENSRNOG00000069761,,ensembl
Tuba1c,Tuba1c,symbol
ENSRNOG00000066670,,ensembl
LOC108348053,LOC108348053,symbol
Magea4,Magea4,symbol
Gabre,Gabre,symbol
Mir224,Mir224,symbol
AABR07042302.1,AABR07042302.1,symbol
Magea10,Magea10,symbol
Gabra3,Gabra3,symbol
Mir105,Mir105,symbol
LOC120099470,LOC120099470,symbol
AABR07042323.1,AABR07042323.1,symbol
Gabrq,Gabrq,symbol
AABR07042326.2,AABR07042326.2,symbol
Cetn2,Cetn2,symbol
Nsdhl,Nsdhl,symbol
Zfp185,Zfp185,symbol
Pnma5,Pnma5,symbol
Pnma3,Pnma3,symbol
F8a1,F8a1,symbol
LOC103690322,LOC103690322,symbol
LOC100911047,LOC100911047,symbol
Xlr3a,Xlr3a,symbol
LOC100911002,LOC100911002,symbol
Pwwp4,Pwwp4,symbol
ENSRNOG00000069789,,ensembl
ENSRNOG00000066728,,ensembl
Zfp275,Zfp275,symbol
LOC120099540,LOC120099540,symbol
RGD1559982,RGD1559982,symbol
Zfp92,Zfp92,symbol
ENSRNOG00000063426,,ensembl
Trex2,Trex2,symbol
Haus7,Haus7,symbol
Bgn,Bgn,symbol
Atp2b3,Atp2b3,symbol
AABR07071935.1,AABR07071935.1,symbol
Dusp9,Dusp9,symbol
Pnck,Pnck,symbol
Slc6a8,Slc6a8,symbol
ENSRNOG00000063899,,ensembl
Bcap31,Bcap31,symbol
Abcd1,Abcd1,symbol
LOC120099443,LOC120099443,symbol
Plxnb3,Plxnb3,symbol
Srpk3,Srpk3,symbol
Idh3g,Idh3g,symbol
Ssr4,Ssr4,symbol
Pdzd4,Pdzd4,symbol
L1cam,L1cam,symbol
Arhgap4,Arhgap4,symbol
Avpr2,Avpr2,symbol
Naa10,Naa10,symbol
Renbp,Renbp,symbol
Hcfc1,Hcfc1,symbol
Irak1,Irak1,symbol
LOC120099462,LOC120099462,symbol
Mir5132,Mir5132,symbol
ENSRNOG00000070594,,ensembl
Mecp2,Mecp2,symbol
Opn1mw,Opn1mw,symbol
Tex28,Tex28,symbol
Tktl1,Tktl1,symbol
Flna,Flna,symbol
Emd,Emd,symbol
Rpl10,Rpl10,symbol
LOC120099441,LOC120099441,symbol
Dnase1l1,Dnase1l1,symbol
ENSRNOG00000063225,,ensembl
Tafazzin,Tafazzin,symbol
Atp6ap1,Atp6ap1,symbol
Gdi1,Gdi1,symbol
Fam50a,Fam50a,symbol
Plxna3,Plxna3,symbol
Lage3,Lage3,symbol
Slc10a3,Slc10a3,symbol
Ubl4a,Ubl4a,symbol
Fam3a,Fam3a,symbol
G6pd,G6pd,symbol
Ikbkg,Ikbkg,symbol
LOC120099296,LOC120099296,symbol
LOC690348,LOC690348,symbol
ENSRNOG00000062688,,ensembl
Or7r1,Or7r1,symbol
LOC120099253,LOC120099253,symbol
ENSRNOG00000067246,,ensembl
LOC120099582,LOC120099582,symbol
LOC120099618,LOC120099618,symbol
Rbmy1j,Rbmy1j,symbol
Uba1y,Uba1y,symbol
ENSRNOG00000062567,,ensembl
Kdm5d,Kdm5d,symbol
ENSRNOG00000063560,,ensembl
ENSRNOG00000069947,,ensembl
LOC103694554,LOC103694554,symbol
LOC120099577,LOC120099577,symbol
ENSRNOG00000069052,,ensembl
LOC103694557,LOC103694557,symbol
Eif2s3y,Eif2s3y,symbol
Uty,Uty,symbol
AC242953.1,AC242953.1,symbol
Ddx3,Ddx3,symbol
Usp9y,Usp9y,symbol
LOC120099619,LOC120099619,symbol
AC242615.2,AC242615.2,symbol
LOC120099617,LOC120099617,symbol
ENSRNOG00000069112,,ensembl
ENSRNOG00000067676,LOC134484361,ensembl
LOC120099616,LOC120099616,symbol
ENSRNOG00000065605,,ensembl
AABR07025152.1,AABR07025152.1,symbol
ENSRNOG00000067420,,ensembl
ENSRNOG00000069298,,ensembl
ENSRNOG00000066131,,ensembl
ENSRNOG00000068239,,ensembl
ENSRNOG00000069552,,ensembl
AY172581.13,AY172581.13,symbol
AY172581.9,AY172581.9,symbol
AY172581.3,AY172581.3,symbol
AY172581.24,AY172581.24,symbol
AY172581.14,AY172581.14,symbol
Mt-nd1,Mt-nd1,symbol
AY172581.4,AY172581.4,symbol
AY172581.21,AY172581.21,symbol
AY172581.15,AY172581.15,symbol
Mt-nd2,Mt-nd2,symbol
AY172581.6,AY172581.6,symbol
AY172581.22,AY172581.22,symbol
AY172581.18,AY172581.18,symbol
AY172581.10,AY172581.10,symbol
AY172581.7,AY172581.7,symbol
Mt-co1,Mt-co1,symbol
AY172581.19,AY172581.19,symbol
AY172581.12,AY172581.12,symbol
Mt-co2,Mt-co2,symbol
AY172581.1,AY172581.1,symbol
Mt-atp8,Mt-atp8,symbol
Mt-atp6,Mt-atp6,symbol
Mt-co3,Mt-co3,symbol
AY172581.5,AY172581.5,symbol
Mt-nd3,Mt-nd3,symbol
AY172581.16,AY172581.16,symbol
Mt-nd4l,Mt-nd4l,symbol
Mt-nd4,Mt-nd4,symbol
AY172581.23,AY172581.23,symbol
AY172581.17,AY172581.17,symbol
AY172581.11,AY172581.11,symbol
Mt-nd5,Mt-nd5,symbol
Mt-nd6,Mt-nd6,symbol
AY172581.20,AY172581.20,symbol
Mt-cyb,Mt-cyb,symbol
AY172581.8,AY172581.8,symbol
AY172581.2,AY172581.2,symbol
